No.,Gender,Genotype (SLCOne non-LoF6A4),EVA_R,EVA_L,VA size_R,VA size_L,Mondini_R,Mondini_L,Age at exam,R_AC125,R_AC0.25k,R_AC0.5k,R_AC1k,R_AC2k,R_AC4k,R_AC6k,R_AC8k,R_BC0.5k,R_BC1k,R_BC2k,R_BC4k,L_AC125,L_AC0.25k,L_AC0.5k,L_AC1k,L_AC2k,L_AC4k,L_AC6k,L_AC8k,L_BC0.5k,L_BC1k,L_BC2k,L_BC4k
S001,F,Single,Y,Y,NA,NA,NA,NA,2.1,NA,55,55,65,70,75,NA,NA,NA,NA,NA,NA,NA,55,55,65,70,75,NA,NA,NA,NA,NA,NA
S001,F,Single,Y,Y,NA,NA,NA,NA,2.3,NA,55,55,60,70,75,NA,NA,NA,NA,NA,NA,NA,55,55,60,70,75,NA,NA,NA,NA,NA,NA
S001,F,Single,Y,Y,NA,NA,NA,NA,2.5,75,95,100,110,115,115,NA,100,70,75,75,65,75,90,105,110,110,110,NA,105,70,75,75,65
S001,F,Single,Y,Y,NA,NA,NA,NA,2.6,NA,85,90,115,115,115,NA,100,70,75,75,65,NA,80,90,105,105,100,NA,95,70,75,75,65
S001,F,Single,Y,Y,NA,NA,NA,NA,2.6,NA,75,95,105,115,115,NA,105,NA,NA,NA,NA,NA,80,90,95,100,95,NA,105,NA,NA,NA,NA
S001,F,Single,Y,Y,NA,NA,NA,NA,2.6,NA,85,110,110,125,125,NA,110,NA,NA,NA,NA,NA,80,80,90,90,90,NA,115,NA,NA,NA,NA
S001,F,Single,Y,Y,NA,NA,NA,NA,2.7,NA,70,70,65,65,75,NA,80,60,55,70,60,NA,65,65,65,85,80,NA,90,60,55,75,65
S001,F,Single,Y,Y,NA,NA,NA,NA,3.0,NA,70,70,70,80,85,NA,90,NA,NA,NA,NA,NA,80,80,80,90,95,NA,100,NA,NA,NA,NA
S001,F,Single,Y,Y,NA,NA,NA,NA,3.2,NA,95,95,100,100,100,NA,NA,NA,NA,NA,NA,NA,75,75,75,85,85,NA,NA,NA,NA,NA,NA
S001,F,Single,Y,Y,NA,NA,NA,NA,3.2,80,85,95,110,110,100,NA,95,NA,NA,NA,NA,70,70,75,80,85,85,NA,80,NA,NA,NA,NA
S001,F,Single,Y,Y,NA,NA,NA,NA,3.6,NA,75,75,75,75,75,NA,80,NA,NA,NA,NA,NA,60,60,60,60,65,NA,75,NA,NA,NA,NA
S001,F,Single,Y,Y,NA,NA,NA,NA,3.8,NA,65,70,80,85,85,NA,NA,NA,NA,NA,NA,NA,65,70,80,85,85,NA,NA,NA,NA,NA,NA
S001,F,Single,Y,Y,NA,NA,NA,NA,4.0,NA,60,65,70,75,80,NA,85,NA,NA,NA,NA,NA,60,65,70,75,80,NA,85,NA,NA,NA,NA
S001,F,Single,Y,Y,NA,NA,NA,NA,4.4,NA,75,80,85,85,105,NA,NA,NA,NA,NA,NA,NA,70,75,80,85,110,NA,NA,NA,NA,NA,NA
S001,F,Single,Y,Y,NA,NA,NA,NA,4.7,NA,75,85,85,90,100,NA,NA,50,65,70,80,NA,95,100,100,110,125,NA,105,65,65,75,85
S001,F,Single,Y,Y,NA,NA,NA,NA,4.8,65,75,85,90,95,90,NA,85,NA,NA,NA,NA,75,85,95,100,110,115,NA,110,NA,NA,NA,NA
S001,F,Single,Y,Y,NA,NA,NA,NA,4.8,70,75,90,95,100,105,NA,110,NA,NA,NA,NA,75,85,95,100,110,115,NA,110,NA,NA,NA,NA
S001,F,Single,Y,Y,NA,NA,NA,NA,4.8,60,70,75,80,80,90,NA,110,65,70,70,80,85,85,100,110,105,125,NA,115,65,70,70,80
S001,F,Single,Y,Y,NA,NA,NA,NA,5.0,75,85,95,95,95,100,NA,100,65,75,75,65,75,85,90,90,90,100,NA,105,65,75,75,65
S001,F,Single,Y,Y,NA,NA,NA,NA,5.1,65,75,90,80,85,115,NA,105,70,75,75,65,75,85,90,90,90,100,NA,105,65,75,75,65
S001,F,Single,Y,Y,NA,NA,NA,NA,5.1,60,70,70,85,90,85,NA,105,65,75,75,65,75,90,100,105,110,115,NA,105,65,75,75,65
S001,F,Single,Y,Y,NA,NA,NA,NA,5.1,60,70,75,80,85,100,NA,110,65,75,75,80,95,115,125,125,125,125,NA,115,65,75,75,80
S001,F,Single,Y,Y,NA,NA,NA,NA,5.2,60,70,75,75,85,100,NA,110,65,65,75,80,95,115,125,125,25,125,NA,115,70,75,80,85
S002,F,Single,Y,Y,NA,NA,NA,NA,37.5,NA,45 ,60 ,55 ,100 ,115 ,NA,110 ,55,60,75,75,NA,60 ,50 ,60 ,65 ,95 ,NA,NA,40,65,70,75
S002,F,Single,Y,Y,NA,NA,NA,NA,37.5,NA,40 ,45 ,75 ,90 ,115 ,115 ,110 ,45,65,75,75,NA,55 ,60 ,60 ,55 ,100 ,105,110,60,60,55,75
S002,F,Single,Y,Y,NA,NA,NA,NA,38.1,NA,45 ,45 ,75 ,95 ,115 ,115 ,110 ,45,70,75,75,NA,70 ,60 ,70 ,110 ,120 ,115,110,50,70,75,75
S002,F,Single,Y,Y,NA,NA,NA,NA,38.6,NA,45 ,55 ,85 ,100 ,115 ,NA,105 ,55,75,75,75,NA,70 ,60 ,85 ,105 ,110 ,NA,110,60,75,75,75
S002,F,Single,Y,Y,NA,NA,NA,NA,38.6,NA,45 ,45 ,75 ,95 ,115 ,NA,105 ,40,70,75,75,NA,70 ,60 ,70 ,100 ,115 ,NA,105,50,70,75,75
S003,F,Two LoF,Y,Y,2.7,2.9,Y,Y,1.5,NA,NA,75 ,90 ,95 ,95 ,NA,NA,NA,NA,NA,NA,NA,NA,60 ,75 ,80 ,95 ,NA,NA,NA,NA,NA,NA
S003,F,Two LoF,Y,Y,2.7,2.9,Y,Y,2.4,NA,60 ,70 ,80 ,85 ,95 ,110 ,NA,NA,NA,NA,NA,NA,60 ,70 ,80 ,85 ,95 ,110 ,NA,NA,NA,NA,NA
S003,F,Two LoF,Y,Y,2.7,2.9,Y,Y,3.7,95 ,90 ,90 ,95 ,110 ,115 ,NA,115 ,70,75,80,85,90,80 ,95 ,100 ,115 ,120 ,NA,115 ,70,75,80,85
S003,F,Two LoF,Y,Y,2.7,2.9,Y,Y,16.0,80 ,100 ,110 ,120 ,110 ,125 ,115 ,110 ,80,85,85,90,75,80 ,90 ,100 ,110 ,115 ,120 ,110 ,80,85,85,90
S003,F,Two LoF,Y,Y,2.7,2.9,Y,Y,16.7,NA,95 ,105 ,120 ,115 ,125 ,NA,110 ,75,80,85,85,NA,80 ,95 ,105 ,115 ,125 ,NA,105 ,75,80,85,85
S003,F,Two LoF,Y,Y,2.7,2.9,Y,Y,16.8,80 ,95 ,115 ,120 ,115 ,115 ,NA,105 ,55,65,85,85,80,80 ,90 ,100 ,110 ,125 ,NA,110 ,55,65,85,85
S003,F,Two LoF,Y,Y,2.7,2.9,Y,Y,16.9,85 ,100 ,110 ,120 ,110 ,125 ,NA,110 ,55,65,85,85,75,70 ,90 ,100 ,110 ,125 ,NA,110 ,55,65,85,85
S003,F,Two LoF,Y,Y,2.7,2.9,Y,Y,18.0,100 ,90 ,100 ,115 ,115 ,120 ,115 ,100 ,70,80,85,85,85,85 ,95 ,100 ,110 ,120 ,115 ,100 ,70,80,85,85
S004,M,Single,Y,Y,3.7,3.9,Y,Y,4.6,NA,25 ,35 ,40 ,40 ,50 ,60 ,NA,NA,NA,NA,NA,NA,25 ,35 ,40 ,40 ,50 ,60 ,NA,NA,NA,NA,NA
S004,M,Single,Y,Y,3.7,3.9,Y,Y,7.0,75 ,70 ,85 ,95 ,110 ,105 ,115 ,115 ,65,75,75,75,55,45 ,65 ,60 ,60 ,65 ,85 ,95 ,55,55,55,60
S005,F,Single,Y,Y,2.3,2.4,N,N,2.0,NA,NA,85 ,75 ,80 ,75 ,60 ,NA,NA,NA,NA,NA,NA,NA,85 ,75 ,80 ,75 ,60 ,NA,NA,NA,NA,NA
S005,F,Single,Y,Y,2.3,2.4,N,N,2.5,NA,80 ,80 ,85 ,75 ,70 ,NA,NA,70 ,75 ,70 ,65 ,NA,85 ,85 ,100 ,85 ,100 ,NA,NA,70,75,75,75
S006,M,Single,Y,Y,6,5.6,N,N,11.7,80,90 ,115 ,105 ,125 ,125 ,125 ,115 ,70 ,75 ,80 ,85 ,45 ,40 ,55 ,60 ,80 ,115 ,125 ,115 ,45,55,75,85
S006,M,Single,Y,Y,6,5.6,N,N,11.7,50,80 ,100 ,100 ,125 ,120 ,115 ,115 ,70 ,75 ,80 ,85 ,40 ,40 ,55 ,55 ,75 ,90 ,110 ,110 ,45,45,65,80
S006,M,Single,Y,Y,6,5.6,N,N,11.8,60,85 ,95 ,100 ,125 ,120 ,115 ,115 ,70 ,75 ,80 ,85 ,40 ,40 ,55 ,60 ,70 ,95 ,105 ,105 ,50,55,65,85
S006,M,Single,Y,Y,6,5.6,N,N,11.8,75,80 ,85 ,115 ,110 ,110 ,100 ,100 ,70 ,75 ,80 ,85 ,40 ,45 ,55 ,60 ,70 ,100 ,105 ,105 ,50,55,65,85
S006,M,Single,Y,Y,6,5.6,N,N,12.1,75,80 ,90 ,95 ,115 ,110 ,105 ,105 ,70 ,75 ,80 ,80 ,40 ,45 ,55 ,60 ,75 ,105 ,105 ,105 ,50,55,70,80
S007,M,Single,Y,Y,3.5,2.1,Y,Y,3.2,NA,65 ,65 ,80 ,65 ,75 ,NA,75 ,65 ,70 ,60 ,70 ,NA,60 ,90 ,85 ,90 ,100 ,NA,100 ,65,70,60,70
S007,M,Single,Y,Y,3.5,2.1,Y,Y,3.2,NA,NA,60 ,60 ,55 ,60 ,NA,NA,NA,NA,NA,NA,NA,NA,80 ,90 ,95 ,85 ,NA,NA,NA,NA,NA,NA
S007,M,Single,Y,Y,3.5,2.1,Y,Y,3.8,NA,70 ,65 ,70 ,75 ,90 ,NA,90 ,55 ,60 ,60 ,70 ,NA,105 ,115 ,120 ,120 ,115 ,NA,105 ,55,60,60,70
S007,M,Single,Y,Y,3.5,2.1,Y,Y,4.3,85,90 ,95 ,80 ,75 ,85 ,NA,75 ,70 ,70 ,75 ,75 ,85 ,105 ,110 ,120 ,115 ,115 ,NA,105 ,70,75,80,80
S007,M,Single,Y,Y,3.5,2.1,Y,Y,4.4,90,80 ,85 ,80 ,80 ,85 ,NA,80 ,55 ,70 ,75 ,75 ,90 ,105 ,110 ,120 ,115 ,115 ,NA,105 ,70,70,80,80
S007,M,Single,Y,Y,3.5,2.1,Y,Y,4.6,60,65 ,85 ,90 ,80 ,80 ,80 ,85 ,65 ,75 ,70 ,70 ,90 ,110 ,120 ,120 ,120 ,115 ,110 ,105 ,70,75,75,70
S007,M,Single,Y,Y,3.5,2.1,Y,Y,5.6,NA,70 ,80 ,85 ,75 ,80 ,80 ,85 ,80 ,80 ,70 ,75 ,NA,95 ,120 ,125 ,120 ,120 ,115 ,100 ,80,80,85,90
S007,M,Single,Y,Y,3.5,2.1,Y,Y,6.4,NA,80 ,100 ,95 ,75 ,85 ,85 ,90 ,80 ,80 ,75 ,80 ,NA,90 ,110 ,125 ,115 ,110 ,105 ,100 ,80,80,85,85
S007,M,Single,Y,Y,3.5,2.1,Y,Y,6.6,NA,80 ,100 ,95 ,80 ,85 ,105 ,110 ,75 ,75 ,80 ,85 ,NA,90 ,115 ,125 ,120 ,120 ,110 ,105 ,75,75,80,85
S007,M,Single,Y,Y,3.5,2.1,Y,Y,6.6,85,100 ,105 ,100 ,85 ,95 ,NA,110 ,75 ,75 ,80 ,85 ,80 ,105 ,125 ,125 ,120 ,120 ,NA,110 ,75,75,85,85
S007,M,Single,Y,Y,3.5,2.1,Y,Y,8.4,NA,80 ,95 ,100 ,105 ,115 ,110 ,110 ,NA,NA,NA,NA,NA,90 ,120 ,120 ,120 ,125 ,NA,110 ,NA,NA,NA,NA
S007,M,Single,Y,Y,3.5,2.1,Y,Y,9.1,65,75 ,90 ,105 ,115 ,120 ,110 ,110 ,70 ,75 ,85 ,85 ,80 ,100 ,115 ,120 ,120 ,125 ,115 ,110 ,70,75,85,85
S007,M,Single,Y,Y,3.5,2.1,Y,Y,9.5,70,80 ,85 ,100 ,115 ,120 ,NA,115 ,70 ,75 ,85 ,85 ,80 ,100 ,115 ,125 ,125 ,125 ,NA,110 ,70,75,85,85
S007,M,Single,Y,Y,3.5,2.1,Y,Y,10.1,65,70 ,85 ,105 ,110 ,115 ,NA,110 ,70 ,80 ,85 ,85 ,75 ,90 ,120 ,125 ,125 ,120 ,NA,105 ,70,80,85,85
S007,M,Single,Y,Y,3.5,2.1,Y,Y,11.1,70,70 ,85 ,105 ,110 ,120 ,115 ,115 ,75 ,90 ,95 ,90 ,80 ,95 ,115 ,125 ,125 ,120 ,120 ,120 ,75,90,95,90
S008,M,Single,Y,Y,2.7,2.7,N,N,12.4,70 ,65 ,65 ,75 ,60 ,70 ,75 ,100 ,40,65,60,75,70,85 ,115 ,120 ,110 ,105 ,105,110,65,70,75,75
S009,F,Single,Y,Y,1.8,1.5,N,N,0.6,NA,NA,60 ,NA,85 ,NA,NA,NA,NA,NA,NA,NA,NA,NA,80 ,NA,95 ,NA,NA,NA,NA,NA,NA,NA
S009,F,Single,Y,Y,1.8,1.5,N,N,0.8,NA,60 ,65 ,75 ,95 ,95 ,NA,NA,NA,NA,NA,NA,NA,60 ,65 ,75 ,95 ,95 ,NA,NA,NA,NA,NA,NA
S009,F,Single,Y,Y,1.8,1.5,N,N,1.2,NA,75 ,85 ,80 ,90 ,100 ,95 ,85 ,NA,NA,NA,NA,NA,75 ,85 ,80 ,90 ,100 ,95 ,85 ,NA,NA,NA,NA
S009,F,Single,Y,Y,1.8,1.5,N,N,1.5,NA,70 ,75 ,70 ,90 ,105 ,NA,NA,NA,NA,NA,NA,NA,70 ,75 ,70 ,90 ,105 ,NA,NA,NA,NA,NA,NA
S009,F,Single,Y,Y,1.8,1.5,N,N,1.8,NA,65 ,70 ,70 ,85 ,95 ,NA,70 ,NA,NA,NA,NA,NA,65 ,70 ,70 ,85 ,95 ,NA,70 ,NA,NA,NA,NA
S009,F,Single,Y,Y,1.8,1.5,N,N,2.2,NA,65 ,70 ,70 ,85 ,95 ,NA,NA,NA,NA,NA,NA,NA,65 ,70 ,70 ,85 ,95 ,NA,NA,NA,NA,NA,NA
S009,F,Single,Y,Y,1.8,1.5,N,N,2.5,NA,NA,65 ,80 ,100 ,110 ,NA,NA,NA,NA,NA,NA,NA,NA,65 ,80 ,100 ,110 ,NA,NA,NA,NA,NA,NA
S009,F,Single,Y,Y,1.8,1.5,N,N,2.7,NA,NA,60 ,60 ,90 ,85 ,75 ,NA,NA,NA,NA,NA,NA,NA,55 ,60 ,90 ,85 ,80 ,NA,NA,NA,NA,NA
S009,F,Single,Y,Y,1.8,1.5,N,N,2.8,NA,NA,55 ,60 ,100 ,115 ,NA,NA,NA,NA,NA,NA,NA,NA,85 ,85 ,95 ,100 ,NA,NA,NA,NA,NA,NA
S009,F,Single,Y,Y,1.8,1.5,N,N,3.1,NA,55 ,60 ,60 ,100 ,115 ,NA,110 ,NA,NA,NA,NA,NA,65 ,85 ,85 ,90 ,100 ,NA,110 ,NA,NA,NA,NA
S009,F,Single,Y,Y,1.8,1.5,N,N,3.3,NA,60 ,60 ,65 ,100 ,115 ,105 ,95 ,NA,NA,NA,NA,NA,60 ,80 ,85 ,90 ,105 ,90 ,95 ,NA,NA,NA,NA
S009,F,Single,Y,Y,1.8,1.5,N,N,3.6,NA,55 ,65 ,70 ,100 ,100 ,NA,NA,NA,NA,NA,NA,NA,55 ,65 ,70 ,100 ,100 ,NA,NA,NA,NA,NA,NA
S009,F,Single,Y,Y,1.8,1.5,N,N,3.8,NA,60 ,60 ,60 ,100 ,115 ,105 ,95 ,NA,NA,NA,NA,NA,60 ,80 ,80 ,100 ,115 ,85 ,95 ,NA,NA,NA,NA
S009,F,Single,Y,Y,1.8,1.5,N,N,4.2,NA,50 ,65 ,70 ,100 ,105 ,100 ,NA,55,65,80,85,NA,60 ,80 ,85 ,95 ,100 ,90 ,NA,55,65,80,85
S009,F,Single,Y,Y,1.8,1.5,N,N,4.7,NA,60 ,60 ,55 ,100 ,115 ,110 ,95 ,NA,NA,NA,NA,NA,60 ,80 ,80 ,90 ,95 ,100 ,95 ,NA,NA,NA,NA
S009,F,Single,Y,Y,1.8,1.5,N,N,5.2,NA,65 ,65 ,60 ,100 ,115 ,110 ,110 ,60,60,85,85,NA,65 ,85 ,90 ,90 ,100 ,110 ,110 ,70,80,85,85
S009,F,Single,Y,Y,1.8,1.5,N,N,5.6,60 ,65 ,80 ,80 ,110 ,110 ,110 ,105 ,40,45,85,75,55,60 ,80 ,80 ,90 ,100 ,105 ,100 ,40,45,85,75
S009,F,Single,Y,Y,1.8,1.5,N,N,6.0,65 ,60 ,60 ,65 ,100 ,115 ,115 ,105 ,40,50,80,85,50,60 ,75 ,85 ,90 ,100 ,110 ,105 ,55,65,80,85
S009,F,Single,Y,Y,1.8,1.5,N,N,6.6,65 ,60 ,60 ,60 ,110 ,115 ,105 ,95 ,25,55,85,75,65,70 ,80 ,85 ,95 ,115 ,105 ,100 ,40,60,85,75
S010,M,Single,NA,NA,NA,NA,NA,NA,38.3,55 ,70 ,85 ,95 ,100 ,95 ,120 ,110 ,55,80,85,85,80,100 ,105 ,110 ,110 ,120 ,110,105,75,80,85,85
S011,F,Single,Y,Y,4.6,2.3,Y,Y,24.8,60,45,55,65,105,110,110,110,45,55,85,85,50,40,50,60,100,100,105,105,45,55,85,85
S012,F,Single,Y,Y,1.9,1.2,N,N,35.7,70 ,85 ,110 ,110 ,120 ,120 ,NA,110 ,75,NA,NA,NA,55,60 ,65 ,70 ,110 ,120 ,NA,105 ,45,60,80,85
S013,M,One non-LoF,Y,Y,2.5,2.3,Y,Y,23.3,75 ,90 ,105 ,105 ,105 ,125 ,115 ,110 ,70,70,85,90,60,85 ,100 ,110 ,105 ,115 ,120 ,110 ,70,70,85,90
S014,F,One non-LoF,NA,NA,NA,NA,NA,NA,0.6,NA,NA,90 ,95 ,95 ,100 ,NA,NA,NA,NA,NA,NA,NA,NA,90 ,95 ,95 ,100 ,NA,NA,NA,NA,NA,NA
S015,M,One non-LoF,NA,NA,NA,NA,NA,NA,0.3,NA,NA,25 ,25 ,55 ,55 ,NA,NA,NA,NA,NA,NA,NA,NA,25 ,25 ,55 ,55 ,NA,NA,NA,NA,NA,NA
S015,M,One non-LoF,NA,NA,NA,NA,NA,NA,0.5,NA,40 ,40 ,60 ,95 ,105 ,NA,NA,NA,NA,NA,NA,NA,35 ,40 ,60 ,95 ,105 ,NA,NA,NA,NA,NA,NA
S015,M,One non-LoF,NA,NA,NA,NA,NA,NA,0.9,NA,NA,55 ,65 ,75 ,80 ,NA,NA,NA,NA,NA,NA,NA,NA,60 ,70 ,75 ,85 ,NA,NA,NA,NA,NA,NA
S015,M,One non-LoF,NA,NA,NA,NA,NA,NA,0.9,NA,NA,35 ,40 ,75 ,75 ,NA,NA,NA,NA,NA,NA,NA,NA,35 ,40 ,75 ,70 ,NA,NA,NA,NA,NA,NA
S015,M,One non-LoF,NA,NA,NA,NA,NA,NA,1.4,NA,NA,50 ,60 ,70 ,70 ,NA,NA,NA,NA,NA,NA,NA,NA,50 ,60 ,70 ,70 ,NA,NA,NA,NA,NA,NA
S015,M,One non-LoF,NA,NA,NA,NA,NA,NA,1.9,NA,NA,55 ,65 ,70 ,80 ,NA,NA,NA,NA,NA,NA,NA,NA,55 ,65 ,70 ,80 ,NA,NA,NA,NA,NA,NA
S015,M,One non-LoF,NA,NA,NA,NA,NA,NA,2.5,NA,55 ,50 ,70 ,110 ,110 ,NA,NA,NA,NA,NA,NA,NA,50 ,50 ,70 ,90 ,90 ,NA,NA,NA,NA,NA,NA
S015,M,One non-LoF,NA,NA,NA,NA,NA,NA,2.6,NA,NA,50 ,60 ,115 ,115 ,NA,NA,NA,NA,NA,NA,NA,NA,45 ,60 ,90 ,85 ,NA,NA,NA,NA,NA,NA
S015,M,One non-LoF,NA,NA,NA,NA,NA,NA,3.1,NA,NA,75 ,NA,105 ,NA,NA,NA,NA,NA,NA,NA,NA,NA,65 ,NA,NA,95 ,NA,NA,NA,NA,NA,NA
S016,M,One non-LoF,Y,Y,1.6,1.3,Y,Y,9.9,40 ,40 ,50 ,50 ,55 ,65 ,65 ,60 ,30,35,45,55,40,35 ,35 ,55 ,55 ,65 ,70 ,70 ,30,35,45,45
S016,M,One non-LoF,Y,Y,1.6,1.3,Y,Y,10.2,40 ,50 ,50 ,50 ,65 ,70 ,110 ,105 ,40,40,55,60,50,45 ,50 ,50 ,60 ,65 ,80 ,90 ,40,40,50,55
S016,M,One non-LoF,Y,Y,1.6,1.3,Y,Y,10.4,NA,35 ,50 ,60 ,60 ,70 ,95 ,100 ,NA,NA,NA,NA,NA,30 ,50 ,55 ,55 ,65 ,75 ,85 ,NA,NA,NA,NA
S016,M,One non-LoF,Y,Y,1.6,1.3,Y,Y,10.7,40 ,40 ,55 ,55 ,60 ,65 ,85 ,95 ,55,55,65,NA,40,35 ,55 ,55 ,55 ,65 ,60 ,65 ,NA,NA,NA,NA
S016,M,One non-LoF,Y,Y,1.6,1.3,Y,Y,11.1,40 ,45 ,45 ,45 ,60 ,60 ,75 ,85 ,NA,NA,NA,NA,45,45 ,55 ,55 ,65 ,70 ,70 ,75 ,NA,NA,NA,NA
S016,M,One non-LoF,Y,Y,1.6,1.3,Y,Y,12.5,40 ,40 ,50 ,55 ,60 ,60 ,70 ,75 ,40,40,55,55,45,45 ,50 ,60 ,60 ,60 ,NA,65 ,NA,NA,NA,NA
S016,M,One non-LoF,Y,Y,1.6,1.3,Y,Y,14.1,35 ,35 ,50 ,55 ,55 ,65 ,NA,90 ,45,50,50,60,40,35 ,55 ,60 ,60 ,65 ,NA,70 ,55,50,55,60
S016,M,One non-LoF,Y,Y,1.6,1.3,Y,Y,14.4,30 ,35 ,40 ,50 ,50 ,65 ,85 ,90 ,30,40,50,55,30,30 ,40 ,55 ,50 ,60 ,65 ,65 ,30,40,50,55
S016,M,One non-LoF,Y,Y,1.6,1.3,Y,Y,16.9,60 ,105 ,110 ,120 ,120 ,120 ,NA,110 ,65,85,80,85,35,40 ,55 ,65 ,55 ,60 ,NA,70 ,40,60,50,60
S016,M,One non-LoF,Y,Y,1.6,1.3,Y,Y,17.0,35 ,45 ,55 ,60 ,55 ,70 ,NA,80 ,45,50,50,60,40,40 ,55 ,65 ,60 ,60 ,NA,65 ,45,55,50,55
S016,M,One non-LoF,Y,Y,1.6,1.3,Y,Y,17.2,50 ,45 ,65 ,75 ,95 ,125 ,NA,115 ,55,65,80,85,60,50 ,55 ,65 ,60 ,65 ,NA,70 ,45,60,60,60
S016,M,One non-LoF,Y,Y,1.6,1.3,Y,Y,17.3,25 ,35 ,55 ,60 ,65 ,80 ,115 ,100 ,45,55,55,70,35,35 ,55 ,65 ,55 ,60 ,NA,65 ,45,55,50,55
S016,M,One non-LoF,Y,Y,1.6,1.3,Y,Y,17.3,35 ,35 ,55 ,65 ,55 ,70 ,85 ,95 ,45,50,50,60,45,50 ,55 ,60 ,55 ,60 ,65 ,70 ,45,50,50,60
S016,M,One non-LoF,Y,Y,1.6,1.3,Y,Y,17.4,50 ,50 ,60 ,60 ,60 ,70 ,95 ,95 ,50,50,60,70,95,100 ,95 ,90 ,85 ,85 ,NA,95 ,70,75,80,85
S016,M,One non-LoF,Y,Y,1.6,1.3,Y,Y,17.4,40 ,45 ,65 ,60 ,65 ,70 ,NA,90 ,55,55,60,65,75,70 ,85 ,70 ,65 ,75 ,NA,75 ,70,65,60,70
S016,M,One non-LoF,Y,Y,1.6,1.3,Y,Y,17.4,35 ,40 ,60 ,60 ,65 ,65 ,90 ,90 ,60,55,55,55,45,45 ,70 ,65 ,60 ,60 ,80 ,75 ,60,55,55,55
S016,M,One non-LoF,Y,Y,1.6,1.3,Y,Y,17.4,35 ,40 ,55 ,60 ,55 ,65 ,90 ,85 ,45,50,55,60,35,40 ,55 ,60 ,55 ,60 ,75 ,80 ,45,55,55,50
S016,M,One non-LoF,Y,Y,1.6,1.3,Y,Y,18.1,30 ,40 ,55 ,60 ,60 ,60 ,80 ,95 ,45,55,55,50,30,40 ,55 ,65 ,65 ,60 ,70 ,80 ,45,55,55,55
S016,M,One non-LoF,Y,Y,1.6,1.3,Y,Y,18.3,30 ,40 ,60 ,60 ,60 ,65 ,95 ,90 ,50,55,60,65,50,55 ,80 ,80 ,70 ,75 ,NA,80 ,65,70,60,65
S016,M,One non-LoF,Y,Y,1.6,1.3,Y,Y,18.3,50 ,50 ,60 ,60 ,60 ,65 ,90 ,90 ,50,50,50,65,55,55 ,60 ,65 ,60 ,65 ,85 ,75 ,50,55,50,65
S016,M,One non-LoF,Y,Y,1.6,1.3,Y,Y,20.2,30 ,40 ,55 ,55 ,55 ,65 ,NA,85 ,50,50,50,60,40,45 ,60 ,60 ,60 ,65 ,NA,65 ,50,50,50,60
S016,M,One non-LoF,Y,Y,1.6,1.3,Y,Y,20.4,25 ,35 ,55 ,55 ,55 ,60 ,85 ,90 ,45,45,45,50,40,40 ,60 ,60 ,55 ,60 ,60 ,70 ,50,50,50,50
S016,M,One non-LoF,Y,Y,1.6,1.3,Y,Y,21.0,35 ,35 ,50 ,60 ,60 ,65 ,95 ,100 ,40,50,50,55,45,40 ,55 ,65 ,60 ,65 ,70 ,70 ,45,55,50,55
S016,M,One non-LoF,Y,Y,1.6,1.3,Y,Y,21.9,35 ,40 ,55 ,60 ,60 ,65 ,95 ,100 ,45,55,60,60,45,50 ,65 ,70 ,65 ,65 ,70 ,75 ,55,65,60,60
S016,M,One non-LoF,Y,Y,1.6,1.3,Y,Y,22.0,35 ,40 ,50 ,60 ,60 ,65 ,95 ,100 ,55,55,55,60,45,50 ,65 ,65 ,65 ,65 ,70 ,75 ,55,55,55,70
S016,M,One non-LoF,Y,Y,1.6,1.3,Y,Y,27.8,30 ,50 ,80 ,95 ,115 ,125 ,120 ,115 ,70,75,80,90,30,45 ,60 ,60 ,55 ,55 ,60 ,75 ,50,55,50,55
S016,M,One non-LoF,Y,Y,1.6,1.3,Y,Y,27.9,45 ,70 ,95 ,125 ,125 ,125 ,NA,110 ,80,80,85,90,40,45 ,60 ,65 ,65 ,65 ,NA,75 ,55,55,55,65
S016,M,One non-LoF,Y,Y,1.6,1.3,Y,Y,27.9,35 ,60 ,95 ,85 ,90 ,125 ,120 ,110 ,75,75,85,90,30,45 ,60 ,60 ,55 ,55 ,65 ,80 ,45,55,50,55
S016,M,One non-LoF,Y,Y,1.6,1.3,Y,Y,27.9,40 ,60 ,90 ,85 ,75 ,85 ,115 ,110 ,70,65,75,85,40,45 ,60 ,65 ,60 ,65 ,70 ,75 ,50,55,60,65
S016,M,One non-LoF,Y,Y,1.6,1.3,Y,Y,27.9,30 ,45 ,65 ,65 ,60 ,80 ,NA,90 ,55,55,60,80,35,45 ,60 ,65 ,60 ,60 ,NA,70 ,55,55,60,60
S016,M,One non-LoF,Y,Y,1.6,1.3,Y,Y,27.9,40 ,65 ,90 ,95 ,105 ,125 ,120 ,110 ,80,80,85,90,35,45 ,60 ,65 ,60 ,65 ,NA,80 ,50,55,60,65
S016,M,One non-LoF,Y,Y,1.6,1.3,Y,Y,27.9,30 ,45 ,85 ,80 ,75 ,85 ,105 ,115 ,60,70,75,85,40,45 ,55 ,65 ,60 ,60 ,70 ,85 ,40,55,55,60
S016,M,One non-LoF,Y,Y,1.6,1.3,Y,Y,28.0,35 ,50 ,75 ,75 ,65 ,85 ,105 ,100 ,50,60,55,75,40,50 ,55 ,65 ,60 ,65 ,NA,75 ,45,50,50,60
S016,M,One non-LoF,Y,Y,1.6,1.3,Y,Y,28.0,30 ,50 ,75 ,75 ,65 ,85 ,110 ,105 ,50,55,55,85,35,45 ,65 ,65 ,55 ,55 ,75 ,80 ,50,60,55,55
S016,M,One non-LoF,Y,Y,1.6,1.3,Y,Y,28.0,30 ,45 ,65 ,65 ,60 ,75 ,95 ,100 ,45,55,55,65,35,45 ,60 ,65 ,60 ,65 ,70 ,80 ,50,50,55,65
S016,M,One non-LoF,Y,Y,1.6,1.3,Y,Y,28.2,25 ,40 ,65 ,65 ,60 ,65 ,95 ,95 ,45,50,55,65,35,50 ,65 ,65 ,55 ,60 ,75 ,90 ,50,55,50,60
S017,M,One non-LoF,Y,Y,1.3,1.5,Y,Y,2.2,NA,60 ,70 ,70 ,75 ,70 ,65 ,NA,NA,NA,NA,NA,NA,60 ,70 ,70 ,75 ,70 ,65 ,NA,NA,NA,NA,NA
S017,M,One non-LoF,Y,Y,1.3,1.5,Y,Y,2.4,NA,85 ,80 ,75 ,85 ,95 ,NA,105 ,70,65,70,75,NA,80 ,80 ,70 ,75 ,95 ,NA,100 ,70,65,70,70
S017,M,One non-LoF,Y,Y,1.3,1.5,Y,Y,4.9,75 ,75 ,95 ,100 ,105 ,115 ,NA,100 ,NA,NA,NA,NA,80,90 ,95 ,95 ,105 ,120 ,NA,115 ,NA,NA,NA,NA
S017,M,One non-LoF,Y,Y,1.3,1.5,Y,Y,4.9,60 ,70 ,85 ,90 ,90 ,110 ,NA,105 ,65,75,75,65,65,75 ,80 ,85 ,85 ,90 ,NA,105 ,65,75,75,65
S017,M,One non-LoF,Y,Y,1.3,1.5,Y,Y,6.3,60 ,75 ,85 ,90 ,100 ,110 ,NA,NA,NA,NA,NA,NA,65,80 ,85 ,90 ,85 ,120 ,120 ,115 ,NA,NA,NA,NA
S017,M,One non-LoF,Y,Y,1.3,1.5,Y,Y,21.6,95 ,110 ,100 ,110 ,110 ,115 ,NA,105 ,70,75,80,80,65,80 ,85 ,90 ,85 ,115 ,NA,105 ,70,75,75,80
S017,M,One non-LoF,Y,Y,1.3,1.5,Y,Y,21.7,NA,95 ,100 ,105 ,105 ,110 ,105 ,NA,NA,NA,NA,NA,NA,95 ,100 ,105 ,105 ,110 ,105 ,NA,NA,NA,NA,NA
S018,F,Two LoF,NA,NA,NA,NA,NA,NA,11.0,75 ,80 ,75 ,70 ,75 ,105 ,NA,105 ,65,65,70,65,75,95 ,95 ,95 ,105 ,115 ,NA,105 ,70,75,75,65
S018,F,Two LoF,NA,NA,NA,NA,NA,NA,11.8,70 ,70 ,75 ,85 ,85 ,110 ,NA,100 ,65,75,75,65,75,95 ,95 ,95 ,100 ,125 ,NA,115 ,65,75,75,65
S018,F,Two LoF,NA,NA,NA,NA,NA,NA,13.7,70 ,70 ,70 ,80 ,85 ,110 ,NA,115 ,60,65,65,65,65,80 ,90 ,105 ,110 ,105 ,NA,105 ,65,75,75,65
S018,F,Two LoF,NA,NA,NA,NA,NA,NA,14.7,75 ,95 ,100 ,105 ,110 ,115 ,NA,105 ,70,75,75,65,75,95 ,100 ,115 ,115 ,115 ,NA,105 ,70,75,75,65
S018,F,Two LoF,NA,NA,NA,NA,NA,NA,14.7,75 ,95 ,100 ,115 ,115 ,115 ,NA,105 ,70,75,75,65,75,95 ,100 ,100 ,110 ,115 ,NA,105 ,70,75,75,65
S018,F,Two LoF,NA,NA,NA,NA,NA,NA,14.9,75 ,95 ,95 ,100 ,115 ,115 ,NA,105 ,70,75,75,65,75,95 ,95 ,100 ,110 ,115 ,NA,105 ,70,75,75,65
S018,F,Two LoF,NA,NA,NA,NA,NA,NA,14.9,75 ,95 ,100 ,105 ,115 ,115 ,NA,105 ,70,75,75,65,75,95 ,100 ,105 ,110 ,115 ,NA,105 ,70,75,75,65
S018,F,Two LoF,NA,NA,NA,NA,NA,NA,15.6,75 ,85 ,90 ,95 ,110 ,115 ,NA,105 ,70,75,75,65,75,90 ,100 ,100 ,110 ,115 ,NA,105 ,70,75,75,65
S018,F,Two LoF,NA,NA,NA,NA,NA,NA,15.8,75 ,85 ,90 ,100 ,110 ,115 ,NA,105 ,70,75,75,65,75,85 ,90 ,100 ,110 ,115 ,NA,105 ,70,75,75,65
S018,F,Two LoF,NA,NA,NA,NA,NA,NA,19.5,75 ,80 ,90 ,85 ,110 ,110 ,NA,115 ,70,75,80,85,75,80 ,90 ,105 ,105 ,110 ,NA,110 ,70,75,80,85
S018,F,Two LoF,NA,NA,NA,NA,NA,NA,19.5,80 ,80 ,85 ,95 ,105 ,115 ,NA,110 ,70,75,80,85,80,85 ,90 ,100 ,110 ,120 ,NA,115 ,70,75,80,85
S018,F,Two LoF,NA,NA,NA,NA,NA,NA,22.9,75 ,85 ,90 ,100 ,105 ,115 ,120 ,115 ,70,75,80,85,80,85 ,90 ,105 ,105 ,120 ,110 ,70 ,70,75,80,85
S018,F,Two LoF,NA,NA,NA,NA,NA,NA,23.7,80 ,85 ,80 ,90 ,105 ,110 ,NA,115 ,70,75,80,85,85,90 ,95 ,100 ,105 ,115 ,NA,105 ,70,75,80,85
S019,F,Two LoF,NA,NA,NA,NA,NA,NA,18.4,30 ,30 ,40 ,55 ,60 ,85 ,NA,95 ,30,45,55,65,40,35 ,35 ,50 ,75 ,100 ,NA,90 ,30,45,70,65
S019,F,Two LoF,NA,NA,NA,NA,NA,NA,19.4,30 ,30 ,40 ,50 ,60 ,80 ,NA,100 ,30,45,55,65,35,30 ,40 ,50 ,75 ,100 ,NA,100 ,30,45,70,65
S019,F,Two LoF,NA,NA,NA,NA,NA,NA,19.4,25 ,30 ,30 ,50 ,60 ,70 ,NA,75 ,25,40,55,65,25,30 ,35 ,50 ,60 ,70 ,NA,80 ,25,40,55,65
S019,F,Two LoF,NA,NA,NA,NA,NA,NA,26.5,55 ,55 ,55 ,75 ,75 ,95 ,105 ,95 ,45,65,65,85,45,45 ,50 ,65 ,95 ,110 ,105 ,115 ,45,65,80,85
S019,F,Two LoF,NA,NA,NA,NA,NA,NA,27.2,90 ,95 ,115 ,115 ,120 ,125 ,NA,115 ,70,75,80,85,45,50 ,50 ,60 ,85 ,105 ,NA,105 ,40,50,75,85
S020,M,One non-LoF,Y,Y,2,1.9,N,N,2.4,NA,80 ,85 ,85 ,115 ,115 ,110 ,NA,NA,NA,NA,NA,NA,80 ,85 ,85 ,115 ,115 ,110 ,NA,NA,NA,NA,NA
S020,M,One non-LoF,Y,Y,2,1.9,N,N,2.7,NA,65 ,70 ,80 ,100 ,105 ,NA,NA,NA,NA,NA,NA,NA,65 ,70 ,80 ,100 ,105 ,NA,NA,NA,NA,NA,NA
S020,M,One non-LoF,Y,Y,2,1.9,N,N,3.0,NA,80 ,80 ,95 ,100 ,105 ,NA,NA,NA,NA,NA,NA,NA,80 ,80 ,95 ,100 ,105 ,NA,NA,NA,NA,NA,NA
S020,M,One non-LoF,Y,Y,2,1.9,N,N,3.0,NA,85 ,90 ,110 ,120 ,120 ,NA,NA,NA,NA,NA,NA,NA,85 ,90 ,110 ,120 ,120 ,NA,NA,NA,NA,NA,NA
S020,M,One non-LoF,Y,Y,2,1.9,N,N,3.0,NA,75 ,80 ,105 ,115 ,110 ,NA,NA,NA,NA,NA,NA,NA,75 ,80 ,105 ,115 ,110 ,NA,NA,NA,NA,NA,NA
S020,M,One non-LoF,Y,Y,2,1.9,N,N,3.1,NA,90 ,95 ,100 ,105 ,120 ,120 ,NA,NA,NA,NA,NA,NA,90 ,95 ,100 ,105 ,120 ,120 ,NA,NA,NA,NA,NA
S020,M,One non-LoF,Y,Y,2,1.9,N,N,5.9,60 ,70 ,85 ,100 ,105 ,105 ,NA,110 ,NA,NA,NA,NA,95,110 ,125 ,125 ,125 ,125 ,NA,110 ,70,75,80,85
S021,F,Two LoF,Y,Y,NA,NA,NA,NA,23.3,75 ,90 ,85 ,85 ,100 ,115 ,NA,105 ,70,75,75,65,75,85 ,95 ,100 ,110 ,115 ,NA,105 ,70,75,75,65
S021,F,Two LoF,Y,Y,NA,NA,NA,NA,23.4,70 ,85 ,85 ,90 ,95 ,115 ,NA,105 ,70,75,75,65,45,60 ,85 ,80 ,80 ,85 ,NA,95 ,70,75,75,65
S021,F,Two LoF,Y,Y,NA,NA,NA,NA,23.5,75 ,95 ,85 ,80 ,95 ,115 ,NA,105 ,70,75,75,60,50,60 ,85 ,80 ,95 ,115 ,NA,105 ,70,75,75,65
S021,F,Two LoF,Y,Y,NA,NA,NA,NA,23.6,85 ,90 ,70 ,80 ,90 ,120 ,115 ,110 ,65,70,75,80,40,50 ,60 ,70 ,60 ,70 ,NA,70 ,45,70,55,70
S021,F,Two LoF,Y,Y,NA,NA,NA,NA,23.8,75 ,85 ,85 ,85 ,95 ,125 ,105 ,115 ,60,70,80,70,50,60 ,85 ,85 ,80 ,75 ,80 ,90 ,60,70,80,70
S021,F,Two LoF,Y,Y,NA,NA,NA,NA,24.7,75 ,90 ,85 ,90 ,110 ,115 ,NA,105 ,70,75,75,65,60,90 ,105 ,115 ,115 ,115 ,NA,105 ,70,75,75,65
S021,F,Two LoF,Y,Y,NA,NA,NA,NA,25.2,75 ,90 ,85 ,80 ,95 ,115 ,NA,105 ,70,75,75,65,75,95 ,115 ,110 ,115 ,115 ,NA,105 ,70,75,75,65
S021,F,Two LoF,Y,Y,NA,NA,NA,NA,26.0,75 ,95 ,80 ,85 ,100 ,115 ,NA,105 ,70,75,75,65,75,95 ,100 ,110 ,115 ,115 ,NA,105 ,70,75,75,65
S021,F,Two LoF,Y,Y,NA,NA,NA,NA,27.1,75 ,95 ,90 ,85 ,95 ,115 ,NA,105 ,70,75,75,65,75,95 ,115 ,110 ,115 ,115 ,NA,105 ,70,75,75,65
S021,F,Two LoF,Y,Y,NA,NA,NA,NA,27.5,75 ,95 ,90 ,90 ,95 ,115 ,NA,105 ,70,75,75,65,65,60 ,60 ,60 ,70 ,70 ,NA,95 ,55,55,60,60
S021,F,Two LoF,Y,Y,NA,NA,NA,NA,30.0,80 ,95 ,85 ,90 ,95 ,125 ,NA,115 ,70,75,75,65,90,100 ,100 ,100 ,110 ,115 ,NA,115 ,70,75,75,65
S021,F,Two LoF,Y,Y,NA,NA,NA,NA,30.1,75 ,95 ,85 ,80 ,90 ,115 ,NA,105 ,70,75,75,65,75,80 ,70 ,70 ,75 ,85 ,NA,95 ,60,60,65,65
S021,F,Two LoF,Y,Y,NA,NA,NA,NA,30.1,75 ,90 ,90 ,90 ,90 ,115 ,NA,105 ,70,75,75,65,75,80 ,70 ,70 ,70 ,75 ,NA,85 ,60,65,65,60
S021,F,Two LoF,Y,Y,NA,NA,NA,NA,30.2,85 ,90 ,85 ,85 ,90 ,110 ,NA,115 ,70,75,75,70,70,70 ,70 ,70 ,70 ,75 ,NA,90 ,60,60,60,65
S021,F,Two LoF,Y,Y,NA,NA,NA,NA,30.5,85 ,95 ,95 ,90 ,115 ,120 ,NA,115 ,60,70,90,95,90,100 ,100 ,80 ,110 ,120 ,NA,115 ,60,70,90,95
S021,F,Two LoF,Y,Y,NA,NA,NA,NA,30.6,85 ,100 ,90 ,90 ,95 ,125 ,NA,115 ,70,75,75,75,95,110 ,105 ,110 ,110 ,115 ,NA,115 ,70,75,75,75
S021,F,Two LoF,Y,Y,NA,NA,NA,NA,30.6,75 ,85 ,85 ,90 ,90 ,125 ,NA,110 ,70,75,75,85,85,95 ,95 ,95 ,85 ,95 ,NA,110 ,70,75,75,85
S021,F,Two LoF,Y,Y,NA,NA,NA,NA,30.7,NA,95 ,90 ,95 ,90 ,125 ,NA,115 ,70,75,80,85,NA,70 ,65 ,65 ,75 ,70 ,NA,90 ,55,65,65,65
S021,F,Two LoF,Y,Y,NA,NA,NA,NA,30.8,90 ,95 ,90 ,90 ,90 ,125 ,NA,115 ,70,75,80,85,70,70 ,60 ,65 ,70 ,70 ,NA,80 ,55,60,65,65
S021,F,Two LoF,Y,Y,NA,NA,NA,NA,31.0,NA,90 ,85 ,90 ,90 ,125 ,NA,115 ,70,75,80,85,NA,65 ,60 ,65 ,70 ,70 ,85 ,90 ,55,65,65,70
S021,F,Two LoF,Y,Y,NA,NA,NA,NA,31.0,80 ,90 ,90 ,85 ,95 ,120 ,125 ,115 ,70,75,80,85,65,65 ,70 ,75 ,90 ,95 ,125 ,115 ,65,70,80,85
S021,F,Two LoF,Y,Y,NA,NA,NA,NA,31.1,70 ,80 ,85 ,90 ,95 ,125 ,NA,115 ,70,75,80,85,65,60 ,60 ,65 ,65 ,70 ,NA,85 ,55,60,60,65
S021,F,Two LoF,Y,Y,NA,NA,NA,NA,31.1,75 ,80 ,85 ,90 ,90 ,120 ,NA,115 ,70,75,80,85,65,65 ,65 ,75 ,85 ,90 ,NA,105 ,65,70,75,80
S021,F,Two LoF,Y,Y,NA,NA,NA,NA,31.2,75 ,85 ,85 ,90 ,95 ,115 ,NA,105 ,70,75,80,85,65,70 ,90 ,90 ,90 ,95 ,NA,105 ,70,75,80,85
S021,F,Two LoF,Y,Y,NA,NA,NA,NA,31.3,90 ,105 ,85 ,90 ,90 ,125 ,NA,115 ,70,75,80,85,90,100 ,100 ,100 ,105 ,115 ,NA,115 ,70,75,80,85
S021,F,Two LoF,Y,Y,NA,NA,NA,NA,31.5,80 ,90 ,85 ,95 ,90 ,120 ,NA,115 ,70,75,80,85,90,95 ,95 ,95 ,95 ,100 ,NA,115 ,70,75,80,85
S021,F,Two LoF,Y,Y,NA,NA,NA,NA,31.7,NA,90 ,85 ,95 ,90 ,125 ,NA,115 ,70,75,80,85,NA,75 ,75 ,65 ,75 ,80 ,NA,95 ,55,60,75,85
S021,F,Two LoF,Y,Y,NA,NA,NA,NA,31.8,80 ,95 ,95 ,100 ,100 ,125 ,NA,115 ,70,75,80,85,65,70 ,75 ,80 ,75 ,70 ,NA,90 ,65,70,65,60
S021,F,Two LoF,Y,Y,NA,NA,NA,NA,31.9,70 ,90 ,85 ,95 ,90 ,125 ,NA,115 ,70,75,80,85,60,65 ,70 ,80 ,75 ,75 ,NA,90 ,60,70,65,70
S021,F,Two LoF,Y,Y,NA,NA,NA,NA,32.2,65 ,85 ,90 ,95 ,95 ,125 ,NA,115 ,70,75,80,85,75,80 ,75 ,75 ,75 ,70 ,NA,95 ,65,65,70,70
S021,F,Two LoF,Y,Y,NA,NA,NA,NA,32.6,70 ,80 ,85 ,90 ,95 ,125 ,NA,115 ,75,75,80,85,75,70 ,65 ,75 ,75 ,85 ,NA,100 ,60,65,70,80
S021,F,Two LoF,Y,Y,NA,NA,NA,NA,33.1,75 ,80 ,85 ,90 ,95 ,125 ,120 ,115 ,70,75,80,85,55,60 ,65 ,75 ,70 ,75 ,90 ,95 ,60,65,65,70
S021,F,Two LoF,Y,Y,NA,NA,NA,NA,33.6,85 ,90 ,90 ,100 ,100 ,125 ,125 ,115 ,70,75,80,85,80,95 ,100 ,110 ,105 ,125 ,125 ,115 ,70,75,80,85
S021,F,Two LoF,Y,Y,NA,NA,NA,NA,33.6,75 ,90 ,85 ,90 ,90 ,125 ,NA,110 ,70,75,80,85,80,95 ,100 ,105 ,110 ,120 ,NA,110 ,70,75,80,85
S021,F,Two LoF,Y,Y,NA,NA,NA,NA,33.6,75 ,90 ,85 ,90 ,90 ,125 ,NA,110 ,70,75,80,85,80,90 ,95 ,95 ,90 ,105 ,125 ,115 ,70,75,80,85
S021,F,Two LoF,Y,Y,NA,NA,NA,NA,33.7,85 ,90 ,95 ,100 ,95 ,125 ,NA,115 ,70,75,80,85,60,60 ,75 ,80 ,75 ,100 ,NA,100 ,65,70,75,85
S021,F,Two LoF,Y,Y,NA,NA,NA,NA,33.7,70 ,90 ,95 ,100 ,95 ,125 ,NA,110 ,70,75,80,85,75,85 ,105 ,110 ,110 ,120 ,NA,110 ,70,75,80,85
S021,F,Two LoF,Y,Y,NA,NA,NA,NA,33.7,75 ,85 ,80 ,90 ,90 ,125 ,120 ,115 ,70,75,80,85,75,75 ,70 ,80 ,75 ,95 ,110 ,105 ,65,75,70,85
S021,F,Two LoF,Y,Y,NA,NA,NA,NA,33.7,75 ,80 ,90 ,95 ,95 ,125 ,NA,115 ,70,75,80,85,85,95 ,105 ,110 ,115 ,125 ,NA,115 ,70,75,80,85
S021,F,Two LoF,Y,Y,NA,NA,NA,NA,33.8,75 ,90 ,95 ,95 ,95 ,125 ,NA,115 ,70,75,80,85,85,100 ,105 ,110 ,115 ,120 ,NA,115 ,70,75,80,85
S021,F,Two LoF,Y,Y,NA,NA,NA,NA,33.8,75 ,90 ,95 ,100 ,100 ,125 ,NA,115 ,70,75,80,85,75,90 ,105 ,110 ,115 ,125 ,NA,115 ,70,75,80,85
S021,F,Two LoF,Y,Y,NA,NA,NA,NA,33.8,80 ,95 ,90 ,95 ,95 ,115 ,120 ,115 ,70,75,80,85,85,100 ,100 ,105 ,100 ,110 ,120 ,105 ,70,75,80,85
S021,F,Two LoF,Y,Y,NA,NA,NA,NA,33.9,80 ,95 ,90 ,90 ,95 ,125 ,NA,115 ,70,75,80,85,90,100 ,100 ,105 ,95 ,115 ,NA,110 ,70,75,80,85
S021,F,Two LoF,Y,Y,NA,NA,NA,NA,34.0,80 ,90 ,90 ,100 ,95 ,125 ,125 ,115 ,70,75,80,85,80,90 ,95 ,95 ,90 ,105 ,115 ,115 ,70,75,80,85
S021,F,Two LoF,Y,Y,NA,NA,NA,NA,34.0,80 ,90 ,90 ,100 ,95 ,125 ,120 ,115 ,70,75,80,85,80,90 ,95 ,105 ,110 ,120 ,125 ,115 ,70,75,80,85
S021,F,Two LoF,Y,Y,NA,NA,NA,NA,34.1,80 ,85 ,90 ,100 ,90 ,120 ,125 ,105 ,70,75,80,85,80,80 ,95 ,90 ,95 ,100 ,120 ,105 ,70,75,75,85
S021,F,Two LoF,Y,Y,NA,NA,NA,NA,34.2,80 ,90 ,90 ,95 ,90 ,120 ,120 ,115 ,70,75,80,85,75,85 ,80 ,80 ,75 ,95 ,NA,100 ,70,75,75,85
S021,F,Two LoF,Y,Y,NA,NA,NA,NA,34.3,70 ,90 ,80 ,95 ,90 ,115 ,120 ,115 ,70,75,80,85,80,90 ,90 ,105 ,110 ,125 ,125 ,115 ,70,75,80,85
S021,F,Two LoF,Y,Y,NA,NA,NA,NA,34.4,75 ,90 ,90 ,95 ,95 ,115 ,115 ,105 ,70,75,80,85,75,90 ,90 ,90 ,80 ,115 ,120 ,105 ,70,75,80,85
S021,F,Two LoF,Y,Y,NA,NA,NA,NA,34.4,70 ,90 ,90 ,95 ,95 ,120 ,120 ,115 ,70,75,80,85,75,90 ,85 ,90 ,80 ,110 ,NA,100 ,70,75,80,85
S021,F,Two LoF,Y,Y,NA,NA,NA,NA,34.6,90 ,100 ,100 ,95 ,100 ,100 ,NA,105 ,70,75,80,85,80,90 ,95 ,70 ,80 ,105 ,NA,105 ,70,70,75,85
S021,F,Two LoF,Y,Y,NA,NA,NA,NA,34.6,95 ,105 ,90 ,95 ,95 ,125 ,NA,115 ,70,75,80,85,80,95 ,110 ,110 ,115 ,120 ,NA,115 ,70,75,80,85
S021,F,Two LoF,Y,Y,NA,NA,NA,NA,34.6,70 ,90 ,85 ,95 ,90 ,125 ,120 ,115 ,70,75,80,85,70,75 ,90 ,100 ,85 ,115 ,120 ,105 ,70,75,80,85
S021,F,Two LoF,Y,Y,NA,NA,NA,NA,35.1,85 ,95 ,95 ,95 ,95 ,125 ,120 ,115 ,70,75,80,85,65,70 ,90 ,90 ,80 ,90 ,110 ,110 ,70,75,75,80
S021,F,Two LoF,Y,Y,NA,NA,NA,NA,35.2,85 ,90 ,90 ,95 ,95 ,125 ,125 ,115 ,70,75,75,85,65,70 ,90 ,90 ,80 ,90 ,110 ,110 ,70,75,75,80
S021,F,Two LoF,Y,Y,NA,NA,NA,NA,39.0,80 ,90 ,85 ,90 ,95 ,120 ,120 ,110 ,70,75,75,75,75,85 ,100 ,105 ,105 ,125 ,125 ,110 ,70,75,75,75
S021,F,Two LoF,Y,Y,NA,NA,NA,NA,39.0,75 ,85 ,85 ,90 ,95 ,110 ,115 ,110 ,70,75,80,85,65,70 ,75 ,80 ,75 ,100 ,115 ,110 ,65,70,70,75
S021,F,Two LoF,Y,Y,NA,NA,NA,NA,39.1,85 ,90 ,95 ,95 ,95 ,125 ,125 ,115 ,70,75,80,85,65,65 ,70 ,80 ,80 ,105 ,110 ,90 ,65,70,75,85
S021,F,Two LoF,Y,Y,NA,NA,NA,NA,46.2,70 ,85 ,95 ,90 ,100 ,120 ,115 ,105 ,75,80,80,85,70,75 ,75 ,75 ,90 ,90 ,90 ,90 ,65,75,80,85
S021,F,Two LoF,Y,Y,NA,NA,NA,NA,46.7,75 ,85 ,90 ,90 ,100 ,125 ,115 ,115 ,70,80,85,85,70,75 ,75 ,80 ,95 ,95 ,105 ,100 ,65,70,85,85
S021,F,Two LoF,Y,Y,NA,NA,NA,NA,47.2,75 ,85 ,85 ,90 ,95 ,120 ,110 ,110 ,70,75,85,85,75,70 ,70 ,80 ,90 ,90 ,95 ,110 ,60,75,85,85
S021,F,Two LoF,Y,Y,NA,NA,NA,NA,47.6,75 ,85 ,85 ,90 ,95 ,125 ,115 ,110 ,65 ,80 ,85,75,70,75 ,75 ,80 ,95 ,90 ,100 ,95 ,65,75,85,75
S021,F,Two LoF,Y,Y,NA,NA,NA,NA,48.1,75 ,90 ,90 ,95 ,100 ,120 ,NA,105 ,60 ,65 ,75,75,70,75 ,75 ,80 ,95 ,90 ,90 ,105 ,60,65,75,75
S022,M,Two LoF,NA,NA,NA,NA,N,N,6.9,70 ,80 ,75 ,105 ,105 ,125 ,NA,115 ,NA,NA,NA,NA,50,50 ,55 ,75 ,100 ,100 ,95 ,105 ,NA,NA,NA,NA
S022,M,Two LoF,NA,NA,NA,NA,N,N,7.5,55 ,55 ,75 ,105 ,110 ,125 ,NA,115 ,NA,NA,NA,NA,NA,50 ,50 ,85 ,100 ,90 ,90 ,100 ,NA,NA,NA,NA
S022,M,Two LoF,NA,NA,NA,NA,N,N,7.7,NA,65 ,70 ,90 ,110 ,115 ,120 ,NA,NA,NA,NA,NA,NA,45 ,45 ,85 ,95 ,100 ,95 ,NA,NA,NA,NA,NA
S022,M,Two LoF,NA,NA,NA,NA,N,N,8.0,NA,90 ,100 ,105 ,115 ,115 ,NA,NA,70,70,85,80,NA,65 ,65 ,85 ,105 ,105 ,NA,100 ,55,70,85,80
S022,M,Two LoF,NA,NA,NA,NA,N,N,8.3,NA,80 ,85 ,100 ,115 ,115 ,110 ,95 ,NA,NA,NA,NA,NA,50 ,60 ,80 ,100 ,105 ,95 ,95 ,NA,NA,NA,NA
S022,M,Two LoF,NA,NA,NA,NA,N,N,20.3,90 ,110 ,115 ,120 ,120 ,120 ,110 ,105 ,70,75,80,85,90,110 ,110 ,115 ,115 ,120 ,110 ,105 ,70,75,80,85
S022,M,Two LoF,NA,NA,NA,NA,N,N,20.3,90 ,105 ,110 ,110 ,115 ,120 ,110 ,110 ,70,75,75,75,75,95 ,110 ,115 ,115 ,120 ,110 ,110 ,70,75,75,75
S022,M,Two LoF,NA,NA,NA,NA,N,N,25.6,90 ,105 ,110 ,110 ,115 ,125 ,120 ,110 ,65,70,85,90,65,75 ,95 ,110 ,115 ,125 ,115 ,105 ,NA,NA,NA,NA
S023,F,One non-LoF,NA,NA,NA,NA,NA,NA,4.2,75 ,80 ,85 ,90 ,110 ,115 ,NA,110 ,NA,NA,NA,NA,85,95 ,100 ,115 ,115 ,120 ,NA,115 ,NA,NA,NA,NA
S023,F,One non-LoF,NA,NA,NA,NA,NA,NA,5.6,70 ,80 ,85 ,95 ,100 ,110 ,115 ,100 ,60,75,80,80,75,80 ,90 ,105 ,110 ,110 ,110 ,115 ,70,75,80,80
S023,F,One non-LoF,NA,NA,NA,NA,NA,NA,20.9,75 ,85 ,85 ,100 ,100 ,105 ,105 ,105 ,70,75,80,85,85,110 ,110 ,120 ,120 ,115 ,105 ,105 ,70,75,80,85
S023,F,One non-LoF,NA,NA,NA,NA,NA,NA,25.4,60 ,75 ,90 ,105 ,110 ,115 ,115 ,110 ,80,75,85,95,90,110 ,115 ,120 ,120 ,125 ,NA,110 ,80,75,85,90
S023,F,One non-LoF,NA,NA,NA,NA,NA,NA,26.4,65 ,75 ,85 ,105 ,110 ,115 ,115 ,110 ,80,85,85,90,90,110 ,110 ,120 ,120 ,125 ,120 ,110 ,80,85,85,90
S024,F,Two LoF,NA,NA,NA,NA,NA,NA,2.7,NA,95 ,95 ,95 ,105 ,110 ,NA,105 ,50,70,75,80,NA,70 ,80 ,80 ,80 ,65 ,NA,60 ,50,70,75,55
S024,F,Two LoF,NA,NA,NA,NA,NA,NA,2.8,70 ,75 ,85 ,90 ,90 ,100 ,NA,115 ,NA,NA,NA,NA,80,80 ,90 ,95 ,100 ,105 ,NA,110 ,NA,NA,NA,NA
S024,F,Two LoF,NA,NA,NA,NA,NA,NA,2.8,75 ,75 ,85 ,90 ,90 ,105 ,NA,NA,NA,NA,NA,NA,80,80 ,85 ,95 ,100 ,105 ,NA,115 ,55,70,80,80
S024,F,Two LoF,NA,NA,NA,NA,NA,NA,5.7,80 ,85 ,90 ,105 ,110 ,115 ,NA,100 ,NA,NA,NA,NA,70,75 ,85 ,100 ,110 ,115 ,NA,100 ,NA,NA,NA,NA
S024,F,Two LoF,NA,NA,NA,NA,NA,NA,25.0,80 ,90 ,95 ,100 ,105 ,115 ,NA,110 ,75,80,85,85,70,80 ,95 ,110 ,110 ,115 ,NA,110 ,75,80,85,85
S024,F,Two LoF,NA,NA,NA,NA,NA,NA,25.2,85 ,90 ,90 ,105 ,110 ,120 ,110 ,105 ,NA,NA,NA,NA,70,80 ,95 ,105 ,110 ,110 ,115 ,110 ,NA,NA,NA,NA
S025,M,One non-LoF,NA,NA,NA,NA,NA,NA,5.9,60 ,70 ,85 ,80 ,90 ,85 ,NA,85 ,NA,NA,NA,NA,55,60 ,75 ,80 ,95 ,100 ,NA,100 ,NA,NA,NA,NA
S025,M,One non-LoF,NA,NA,NA,NA,NA,NA,21.8,65 ,75 ,95 ,100 ,95 ,100 ,120 ,110 ,70,75,80,85,75,90 ,90 ,100 ,100 ,105 ,120 ,110 ,70,75,80,85
S026,M,Two LoF,Y,Y,2.2,2.1,N,N,5.4,55 ,65 ,75 ,80 ,90 ,80 ,NA,65 ,65,70,70,65,45,45 ,35 ,30 ,80 ,95 ,NA,100 ,25,25,70,65
S027,M,Two LoF,Y,Y,1.9,1.6,N,N,3.3,NA,NA,95 ,95 ,95 ,95 ,NA,NA,NA,NA,NA,NA,NA,NA,95 ,95 ,95 ,95 ,NA,NA,NA,NA,NA,NA
S027,M,Two LoF,Y,Y,1.9,1.6,N,N,12.2,90 ,110 ,125 ,125 ,125 ,125 ,120 ,110 ,70,75,80,85,90,110 ,125 ,125 ,125 ,125 ,120 ,110 ,70,75,80,85
S027,M,Two LoF,Y,Y,1.9,1.6,N,N,12.3,85 ,110 ,120 ,125 ,125 ,125 ,115 ,105 ,70,75,80,85,85,110 ,120 ,125 ,125 ,125 ,115 ,105 ,70,75,80,85
S028,F,Two LoF,NA,NA,NA,NA,NA,NA,2.0,NA,40 ,40 ,55 ,105 ,110 ,NA,105 ,30,40,65,65,NA,40 ,40 ,60 ,85 ,85 ,NA,85 ,30,40,65,65
S028,F,Two LoF,NA,NA,NA,NA,NA,NA,2.0,40 ,40 ,40 ,50 ,105 ,110 ,NA,105 ,30,40,75,75,NA,60 ,55 ,55 ,60 ,60 ,NA,80 ,40,45,75,65
S028,F,Two LoF,NA,NA,NA,NA,NA,NA,4.0,NA,NA,80 ,80 ,110 ,115 ,NA,105 ,55,70,75,65,NA,NA,80 ,85 ,105 ,115 ,NA,105 ,65,70,75,65
S028,F,Two LoF,NA,NA,NA,NA,NA,NA,4.1,NA,65 ,85 ,80 ,105 ,115 ,NA,105 ,NA,NA,NA,NA,NA,65 ,85 ,85 ,100 ,115 ,NA,105 ,NA,NA,NA,NA
S028,F,Two LoF,NA,NA,NA,NA,NA,NA,14.5,65 ,70 ,90 ,90 ,100 ,105 ,NA,105 ,60,65,75,75,90,110 ,110 ,125 ,125 ,125 ,NA,115 ,65,70,85,75
S028,F,Two LoF,NA,NA,NA,NA,NA,NA,24.2,75 ,90 ,90 ,100 ,105 ,115 ,105 ,105 ,70,75,80,80,85,110 ,110 ,115 ,115 ,120 ,115 ,105 ,70,75,80,80
S029,F,One non-LoF,NA,NA,NA,NA,NA,NA,24.1,75 ,95 ,115 ,115 ,115 ,115 ,NA,105 ,70,75,75,65,65,75 ,90 ,100 ,90 ,85 ,NA,105 ,60,75,75,65
S029,F,One non-LoF,NA,NA,NA,NA,NA,NA,24.1,75 ,95 ,115 ,115 ,115 ,115 ,NA,105 ,70,75,75,65,50,50 ,50 ,60 ,65 ,75 ,NA,90 ,40,50,55,65
S029,F,One non-LoF,NA,NA,NA,NA,NA,NA,28.0,75 ,95 ,115 ,115 ,115 ,115 ,NA,105 ,70,75,75,65,75,85 ,80 ,85 ,95 ,95 ,NA,105 ,70,75,75,65
S030,M,Two LoF,Y,Y,NA,NA,NA,NA,7.7,75 ,85 ,110 ,110 ,115 ,110 ,NA,115 ,75,75,75,75,65,60 ,70 ,95 ,105 ,95 ,NA,105 ,65,75,75,75
S030,M,Two LoF,Y,Y,NA,NA,NA,NA,7.7,75 ,95 ,95 ,105 ,115 ,115 ,NA,100 ,70,75,75,65,75,70 ,65 ,95 ,95 ,100 ,NA,95 ,65,75,75,65
S030,M,Two LoF,Y,Y,NA,NA,NA,NA,7.8,85 ,95 ,105 ,100 ,110 ,120 ,NA,105 ,70,75,75,65,70,65 ,65 ,95 ,110 ,100 ,NA,105 ,65,75,75,65
S030,M,Two LoF,Y,Y,NA,NA,NA,NA,8.1,75 ,95 ,105 ,105 ,105 ,115 ,NA,105 ,70,75,75,65,75,85 ,75 ,90 ,105 ,105 ,NA,105 ,65,75,75,65
S030,M,Two LoF,Y,Y,NA,NA,NA,NA,8.2,75 ,95 ,105 ,100 ,105 ,105 ,NA,105 ,70,75,75,65,75,85 ,75 ,90 ,105 ,105 ,NA,105 ,65,75,75,65
S030,M,Two LoF,Y,Y,NA,NA,NA,NA,8.7,75 ,95 ,105 ,105 ,115 ,115 ,NA,105 ,70,75,75,65,75,75 ,70 ,95 ,110 ,105 ,NA,105 ,60,75,75,65
S031,F,Two LoF,Y,Y,NA,NA,NA,NA,9.1,95 ,90 ,105 ,95 ,110 ,115 ,NA,110 ,70,75,80,85,95,105 ,105 ,100 ,115 ,125 ,NA,115 ,70,75,80,85
S031,F,Two LoF,Y,Y,NA,NA,NA,NA,9.2,80 ,90 ,115 ,110 ,115 ,115 ,NA,110 ,70,75,80,85,80,90 ,100 ,100 ,105 ,115 ,NA,110 ,70,75,80,85
S032,F,Two LoF,Y,Y,2.4,2.4,Y,Y,22.3,60 ,65 ,80 ,85 ,85 ,115 ,NA,115 ,50,75,80,70,80,70 ,70 ,90 ,85 ,100 ,NA,110 ,50,75,80,85
S032,F,Two LoF,Y,Y,2.4,2.4,Y,Y,22.7,75 ,85 ,85 ,90 ,100 ,115 ,NA,105 ,70,75,75,65,75,70 ,75 ,100 ,95 ,105 ,NA,115 ,70,75,75,65
S032,F,Two LoF,Y,Y,2.4,2.4,Y,Y,24.3,60 ,80 ,85 ,95 ,95 ,105 ,NA,115 ,70,75,80,85,75,75 ,75 ,100 ,95 ,105 ,NA,115 ,70,75,80,85
S032,F,Two LoF,Y,Y,2.4,2.4,Y,Y,24.8,55 ,75 ,85 ,90 ,100 ,110 ,NA,115 ,70,75,80,85,70,70 ,85 ,105 ,105 ,115 ,NA,115 ,70,75,80,85
S032,F,Two LoF,Y,Y,2.4,2.4,Y,Y,26.9,60 ,85 ,85 ,95 ,100 ,115 ,120 ,110 ,70,75,80,85,60,70 ,70 ,105 ,95 ,110 ,120 ,110 ,60,75,80,80
S032,F,Two LoF,Y,Y,2.4,2.4,Y,Y,30.8,75 ,85 ,75 ,85 ,105 ,120 ,115 ,110 ,65,75,80,85,80,85 ,90 ,110 ,110 ,120 ,115 ,110 ,65,75,80,80
S032,F,Two LoF,Y,Y,2.4,2.4,Y,Y,31.0,80 ,80 ,80 ,90 ,105 ,125 ,110 ,105 ,70,75,80,85,75,85 ,90 ,115 ,115 ,120 ,110 ,105 ,70,75,80,85
S032,F,Two LoF,Y,Y,2.4,2.4,Y,Y,31.4,80 ,85 ,95 ,100 ,110 ,120 ,120 ,115 ,70,75,80,85,80,85 ,95 ,115 ,115 ,120 ,120 ,105 ,70,75,80,85
S033,M,Two LoF,Y,Y,NA,NA,NA,NA,0.8,NA,60 ,75 ,105 ,100 ,105 ,NA,100 ,NA,NA,NA,NA,NA,60 ,75 ,105 ,100 ,105 ,NA,100 ,NA,NA,NA,NA
S033,M,Two LoF,Y,Y,NA,NA,NA,NA,10.0,45 ,85 ,95 ,105 ,105 ,100 ,NA,105 ,70,75,75,75,75,90 ,95 ,105 ,110 ,115 ,NA,100 ,70,75,75,75
S034,F,One non-LoF,NA,NA,NA,NA,NA,NA,4.2,65 ,65 ,65 ,65 ,100 ,125 ,NA,105 ,55,55,75,65,75,95 ,90 ,90 ,100 ,105 ,NA,105 ,60,65,75,65
S034,F,One non-LoF,NA,NA,NA,NA,NA,NA,4.3,65 ,65 ,65 ,65 ,95 ,110 ,NA,105 ,55,55,75,65,70,85 ,95 ,100 ,105 ,105 ,NA,105 ,70,75,75,65
S034,F,One non-LoF,NA,NA,NA,NA,NA,NA,4.3,60 ,65 ,65 ,65 ,85 ,110 ,NA,NA,NA,NA,NA,NA,70,85 ,85 ,90 ,100 ,105 ,NA,NA,NA,NA,NA,NA
S034,F,One non-LoF,NA,NA,NA,NA,NA,NA,4.6,65 ,65 ,70 ,80 ,90 ,105 ,NA,110 ,NA,NA,NA,NA,70,85 ,90 ,95 ,100 ,105 ,NA,110 ,NA,NA,NA,NA
S034,F,One non-LoF,NA,NA,NA,NA,NA,NA,5.2,65 ,65 ,70 ,75 ,100 ,105 ,NA,105 ,65,65,75,65,65,75 ,85 ,85 ,100 ,105 ,NA,105 ,70,75,75,65
S034,F,One non-LoF,NA,NA,NA,NA,NA,NA,5.7,NA,60 ,65 ,65 ,85 ,100 ,NA,115 ,NA,NA,NA,NA,NA,70 ,70 ,80 ,90 ,100 ,NA,105 ,NA,NA,NA,NA
S034,F,One non-LoF,NA,NA,NA,NA,NA,NA,5.8,NA,65 ,70 ,75 ,85 ,95 ,NA,NA,NA,NA,NA,NA,NA,70 ,80 ,85 ,85 ,105 ,NA,100 ,NA,NA,NA,NA
S034,F,One non-LoF,NA,NA,NA,NA,NA,NA,6.2,NA,60 ,60 ,70 ,80 ,90 ,NA,95 ,NA,NA,NA,NA,NA,70 ,70 ,80 ,90 ,100 ,NA,105 ,NA,NA,NA,NA
S034,F,One non-LoF,NA,NA,NA,NA,NA,NA,8.0,65 ,60 ,70 ,75 ,85 ,90 ,NA,100 ,60,70,80,75,70,75 ,85 ,90 ,95 ,105 ,NA,NA,80,85,85,75
S034,F,One non-LoF,NA,NA,NA,NA,NA,NA,8.5,65 ,70 ,60 ,70 ,100 ,105 ,NA,105 ,60,65,75,65,70,75 ,75 ,85 ,100 ,100 ,NA,105 ,60,65,75,65
S034,F,One non-LoF,NA,NA,NA,NA,NA,NA,8.9,75 ,85 ,95 ,105 ,110 ,115 ,NA,110 ,70,75,75,65,70,75 ,90 ,100 ,100 ,110 ,NA,110 ,70,75,75,65
S034,F,One non-LoF,NA,NA,NA,NA,NA,NA,8.9,65 ,75 ,75 ,95 ,100 ,100 ,NA,105 ,65,75,75,65,80,70 ,75 ,90 ,100 ,100 ,NA,105 ,65,75,75,65
S034,F,One non-LoF,NA,NA,NA,NA,NA,NA,8.9,60 ,60 ,70 ,75 ,100 ,105 ,NA,105 ,65,70,75,65,65,70 ,75 ,75 ,100 ,100 ,NA,105 ,65,70,75,65
S034,F,One non-LoF,NA,NA,NA,NA,NA,NA,10.4,65 ,65 ,65 ,70 ,100 ,110 ,NA,105 ,NA,NA,NA,NA,90,95 ,100 ,105 ,105 ,120 ,NA,125 ,NA,NA,NA,NA
S034,F,One non-LoF,NA,NA,NA,NA,NA,NA,16.5,60 ,60 ,70 ,80 ,115 ,115 ,110 ,110 ,45,65,80,80,75,90 ,105 ,125 ,125 ,125 ,110 ,110 ,70,75,80,80
S034,F,One non-LoF,NA,NA,NA,NA,NA,NA,18.8,95 ,100 ,100 ,105 ,105 ,115 ,125 ,115 ,70,75,80,85,95,115 ,125 ,120 ,110 ,125 ,125 ,115 ,70,75,85,85
S034,F,One non-LoF,NA,NA,NA,NA,NA,NA,18.8,65 ,70 ,75 ,80 ,105 ,105 ,115 ,115 ,65,75,80,85,95,105 ,110 ,115 ,110 ,125 ,115 ,115 ,70,75,80,85
S034,F,One non-LoF,NA,NA,NA,NA,NA,NA,19.0,75 ,75 ,75 ,80 ,105 ,105 ,110 ,105 ,65,75,80,80,80,95 ,105 ,110 ,100 ,120 ,105 ,115 ,70,75,80,80
S034,F,One non-LoF,NA,NA,NA,NA,NA,NA,19.5,70 ,70 ,75 ,80 ,105 ,105 ,115 ,110 ,65,70,70,75,70,85 ,105 ,110 ,95 ,115 ,115 ,110 ,65,70,70,75
S034,F,One non-LoF,NA,NA,NA,NA,NA,NA,20.4,65 ,80 ,75 ,80 ,105 ,110 ,115 ,110 ,65,70,85,85,70,90 ,105 ,105 ,105 ,115 ,115 ,100 ,75,80,85,85
S034,F,One non-LoF,NA,NA,NA,NA,NA,NA,20.5,60 ,80 ,75 ,85 ,105 ,105 ,95 ,100 ,75,80,85,85,80,100 ,115 ,115 ,100 ,115 ,95 ,100 ,80,80,85,85
S034,F,One non-LoF,NA,NA,NA,NA,NA,NA,22.5,65 ,80 ,80 ,80 ,105 ,110 ,110 ,105 ,55,70,85,85,80,100 ,105 ,105 ,105 ,120 ,105 ,110 ,70,70,85,85
S034,F,One non-LoF,NA,NA,NA,NA,NA,NA,23.1,70 ,80 ,85 ,90 ,110 ,120 ,120 ,115 ,45,65,80,90,70,80 ,85 ,90 ,115 ,120 ,120 ,115 ,70,75,80,90
S034,F,One non-LoF,NA,NA,NA,NA,NA,NA,23.1,70 ,85 ,90 ,90 ,110 ,115 ,NA,105 ,60,60,85,90,80,100 ,115 ,115 ,110 ,120 ,NA,115 ,75,75,85,90
S034,F,One non-LoF,NA,NA,NA,NA,NA,NA,23.2,65 ,80 ,80 ,85 ,110 ,120 ,120 ,110 ,55,55,85,90,80,100 ,115 ,115 ,115 ,120 ,115 ,105 ,80,80,85,90
S034,F,One non-LoF,NA,NA,NA,NA,NA,NA,23.2,70 ,75 ,85 ,85 ,110 ,120 ,120 ,115 ,50,55,85,90,80,100 ,110 ,115 ,110 ,125 ,110 ,105 ,75,75,85,90
S034,F,One non-LoF,NA,NA,NA,NA,NA,NA,23.6,65 ,75 ,80 ,85 ,110 ,115 ,115 ,110 ,55,55,85,90,85,100 ,115 ,110 ,105 ,120 ,115 ,105 ,80,80,85,90
S034,F,One non-LoF,NA,NA,NA,NA,NA,NA,23.6,75 ,75 ,80 ,85 ,110 ,115 ,120 ,110 ,45,55,85,90,80,95 ,105 ,110 ,110 ,125 ,NA,110 ,75,80,85,90
S034,F,One non-LoF,NA,NA,NA,NA,NA,NA,24.7,70 ,70 ,75 ,85 ,110 ,115 ,120 ,105 ,40,55,75,80,75,105 ,105 ,110 ,105 ,120 ,110 ,115 ,60,70,75,85
S034,F,One non-LoF,NA,NA,NA,NA,NA,NA,24.9,75 ,80 ,75 ,85 ,115 ,120 ,115 ,110 ,50,70,85,85,85,100 ,100 ,105 ,115 ,120 ,115 ,110 ,65,70,85,85
S034,F,One non-LoF,NA,NA,NA,NA,NA,NA,25.4,95 ,90 ,90 ,85 ,105 ,120 ,115 ,110 ,45,65,85,85,85,105 ,115 ,110 ,110 ,120 ,110 ,105 ,60,70,85,85
S034,F,One non-LoF,NA,NA,NA,NA,NA,NA,25.5,70 ,75 ,80 ,85 ,110 ,115 ,115 ,110 ,45,60,75,85,80,95 ,100 ,110 ,105 ,120 ,115 ,110 ,55,70,75,85
S034,F,One non-LoF,NA,NA,NA,NA,NA,NA,25.5,70 ,80 ,85 ,85 ,105 ,115 ,110 ,110 ,55,70,85,85,85,95 ,110 ,110 ,105 ,120 ,120 ,115 ,55,70,85,85
S034,F,One non-LoF,NA,NA,NA,NA,NA,NA,27.4,70 ,75 ,80 ,85 ,115 ,115 ,115 ,110 ,55,75,90,85,85,100 ,110 ,110 ,110 ,120 ,NA,105 ,55,75,90,85
S034,F,One non-LoF,NA,NA,NA,NA,NA,NA,27.9,60 ,70 ,80 ,80 ,110 ,110 ,110 ,115 ,45,60,90,85,75,100 ,110 ,110 ,105 ,120 ,115 ,115 ,60,80,90,85
S035,F,One non-LoF,Y,Y,1.5,1.3,N,N,10.7,70 ,85 ,95 ,105 ,115 ,115 ,NA,105 ,70,75,75,65,75,95 ,100 ,100 ,115 ,115 ,NA,105 ,70,75,75,65
S035,F,One non-LoF,Y,Y,1.5,1.3,N,N,10.7,70 ,80 ,90 ,105 ,115 ,115 ,NA,105 ,70,75,75,65,65,60 ,70 ,80 ,115 ,115 ,NA,105 ,70,75,75,65
S035,F,One non-LoF,Y,Y,1.5,1.3,N,N,10.8,50 ,80 ,90 ,105 ,115 ,115 ,NA,105 ,70,75,75,65,50,45 ,60 ,65 ,110 ,105 ,NA,105 ,55,60,75,65
S035,F,One non-LoF,Y,Y,1.5,1.3,N,N,11.0,65 ,85 ,105 ,110 ,115 ,115 ,110 ,105 ,70,75,80,85,75,65 ,70 ,75 ,110 ,105 ,110 ,105 ,60,70,75,65
S035,F,One non-LoF,Y,Y,1.5,1.3,N,N,11.3,65 ,80 ,95 ,105 ,105 ,110 ,NA,110 ,70,75,80,85,60,55 ,70 ,80 ,105 ,110 ,NA,110 ,60,70,80,85
S035,F,One non-LoF,Y,Y,1.5,1.3,N,N,14.6,85 ,80 ,100 ,120 ,125 ,125 ,NA,110 ,70,75,80,85,55,55 ,65 ,75 ,105 ,105 ,NA,110 ,50,50,80,85
S035,F,One non-LoF,Y,Y,1.5,1.3,N,N,14.9,75 ,80 ,100 ,120 ,115 ,120 ,NA,115 ,70,75,80,85,65,55 ,60 ,75 ,110 ,115 ,NA,115 ,50,50,80,85
S035,F,One non-LoF,Y,Y,1.5,1.3,N,N,22.9,65 ,90 ,100 ,105 ,115 ,105 ,NA,100 ,80,80,85,85,80,105 ,110 ,115 ,115 ,110 ,NA,100 ,80,80,85,85
S035,F,One non-LoF,Y,Y,1.5,1.3,N,N,22.9,70 ,90 ,105 ,110 ,115 ,110 ,NA,105 ,NA,NA,NA,NA,85,100 ,110 ,120 ,115 ,115 ,NA,120 ,NA,NA,NA,NA
S035,F,One non-LoF,Y,Y,1.5,1.3,N,N,23.0,70 ,90 ,105 ,110 ,105 ,110 ,NA,110 ,75,80,85,85,75,100 ,110 ,115 ,120 ,115 ,NA,105 ,75,80,85,85
S035,F,One non-LoF,Y,Y,1.5,1.3,N,N,23.0,60 ,85 ,100 ,105 ,105 ,105 ,95 ,100 ,75,80,85,85,75,100 ,115 ,120 ,120 ,115 ,NA,100 ,80,80,85,85
S035,F,One non-LoF,Y,Y,1.5,1.3,N,N,23.0,60 ,85 ,90 ,110 ,110 ,110 ,110 ,110 ,75,80,85,85,75,100 ,115 ,120 ,120 ,120 ,105 ,105 ,75,80,85,85
S035,F,One non-LoF,Y,Y,1.5,1.3,N,N,23.1,60 ,80 ,95 ,105 ,110 ,110 ,110 ,110 ,75,80,85,85,75,95 ,110 ,110 ,115 ,115 ,115 ,105 ,75,80,85,85
S035,F,One non-LoF,Y,Y,1.5,1.3,N,N,23.2,75 ,100 ,105 ,110 ,110 ,110 ,115 ,105 ,75,80,85,85,75,95 ,110 ,110 ,115 ,115 ,115 ,105 ,75,80,85,85
S035,F,One non-LoF,Y,Y,1.5,1.3,N,N,25.7,70 ,85 ,90 ,100 ,95 ,105 ,NA,105 ,80,85,85,90,80,95 ,105 ,120 ,115 ,115 ,120 ,110 ,80,85,85,90
S035,F,One non-LoF,Y,Y,1.5,1.3,N,N,26.7,70 ,80 ,90 ,100 ,105 ,110 ,NA,110 ,75,80,85,85,80,95 ,110 ,120 ,115 ,120 ,115 ,110 ,75,80,85,85
S035,F,One non-LoF,Y,Y,1.5,1.3,N,N,27.2,65 ,85 ,95 ,100 ,100 ,110 ,NA,105 ,60,70,85,85,80,95 ,110 ,120 ,120 ,115 ,115 ,110 ,65,70,85,85
S035,F,One non-LoF,Y,Y,1.5,1.3,N,N,29.9,75 ,80 ,90 ,100 ,100 ,100 ,NA,95 ,75,80,90,85,90,95 ,100 ,115 ,115 ,115 ,110 ,100 ,75,80,90,85
S036,M,Two LoF,Y,N,1.8,0.8,N,N,4.8,40 ,35 ,35 ,40 ,55 ,60 ,NA,65 ,10,25,35,45,60,60 ,60 ,65 ,70 ,65 ,NA,75 ,10,35,45,60
S036,M,Two LoF,Y,N,1.8,0.8,N,N,4.8,35 ,30 ,30 ,40 ,60 ,55 ,NA,55 ,20,30,55,50,45,45 ,50 ,65 ,70 ,65 ,NA,55 ,40,60,60,60
S036,M,Two LoF,Y,N,1.8,0.8,N,N,4.9,NA,35 ,35 ,40 ,65 ,65 ,NA,65 ,20,25,50,55,NA,50 ,50 ,65 ,75 ,65 ,NA,65 ,35,50,75,60
S036,M,Two LoF,Y,N,1.8,0.8,N,N,5.1,NA,35 ,35 ,40 ,65 ,65 ,NA,65 ,NA,NA,NA,NA,NA,50 ,50 ,60 ,75 ,65 ,NA,65 ,NA,NA,NA,NA
S036,M,Two LoF,Y,N,1.8,0.8,N,N,5.3,40 ,40 ,40 ,50 ,70 ,70 ,NA,65 ,40,55,60,60,50,50 ,55 ,65 ,75 ,70 ,NA,70 ,40,55,70,65
S036,M,Two LoF,Y,N,1.8,0.8,N,N,5.7,50 ,45 ,35 ,45 ,65 ,65 ,NA,70 ,30,40,60,60,60,70 ,60 ,85 ,80 ,65 ,NA,80 ,50,70,70,60
S036,M,Two LoF,Y,N,1.8,0.8,N,N,4.7,60 ,50 ,35 ,55 ,65 ,70 ,NA,70 ,35,50,60,60,75,70 ,60 ,85 ,70 ,70 ,NA,70 ,50,75,60,60
S036,M,Two LoF,Y,N,1.8,0.8,N,N,6.1,55 ,50 ,40 ,60 ,65 ,65 ,NA,70 ,40,60,65,65,75,70 ,65 ,90 ,70 ,70 ,NA,70 ,60,85,65,65
S036,M,Two LoF,Y,N,1.8,0.8,N,N,6.6,55 ,45 ,35 ,55 ,65 ,70 ,NA,60 ,35,50,60,60,75,70 ,65 ,90 ,80 ,70 ,NA,70 ,55,75,70,70
S036,M,Two LoF,Y,N,1.8,0.8,N,N,6.7,45 ,45 ,40 ,55 ,65 ,70 ,NA,60 ,35,45,55,60,60,65 ,100 ,110 ,95 ,90 ,NA,90 ,70,75,75,65
S036,M,Two LoF,Y,N,1.8,0.8,N,N,6.8,50 ,45 ,35 ,45 ,60 ,65 ,NA,60 ,30,35,50,55,60,70 ,80 ,95 ,105 ,95 ,NA,105 ,70,75,75,65
S036,M,Two LoF,Y,N,1.8,0.8,N,N,6.8,50 ,45 ,45 ,50 ,70 ,65 ,NA,70 ,35,40,60,60,65,75 ,70 ,85 ,95 ,95 ,NA,100 ,60,75,80,85
S036,M,Two LoF,Y,N,1.8,0.8,N,N,6.9,45 ,35 ,40 ,50 ,65 ,65 ,NA,60 ,35,40,55,55,65,65 ,70 ,85 ,95 ,95 ,NA,100 ,60,75,80,85
S036,M,Two LoF,Y,N,1.8,0.8,N,N,6.9,45 ,40 ,40 ,45 ,65 ,60 ,NA,55 ,35,40,55,55,65,65 ,70 ,90 ,95 ,95 ,NA,105 ,60,75,80,85
S037,M,Two LoF,Y,Y,2,2.4,N,N,2.3,NA,70 ,85 ,100 ,105 ,100 ,100 ,NA,NA,NA,NA,NA,NA,70 ,85 ,100 ,105 ,100 ,100 ,NA,NA,NA,NA,NA
S037,M,Two LoF,Y,Y,2,2.4,N,N,2.3,NA,65 ,65 ,100 ,105 ,110 ,NA,NA,NA,NA,NA,NA,NA,65 ,65 ,100 ,105 ,110 ,NA,NA,NA,NA,NA,NA
S037,M,Two LoF,Y,Y,2,2.4,N,N,3.0,60 ,75 ,80 ,85 ,95 ,100 ,100 ,90 ,70,75,85,75,65,70 ,80 ,90 ,100 ,100 ,105 ,95 ,70,75,85,75
S037,M,Two LoF,Y,Y,2,2.4,N,N,3.3,80 ,85 ,90 ,110 ,110 ,115 ,105 ,100 ,NA,NA,NA,NA,65,65 ,85 ,95 ,105 ,110 ,105 ,100 ,60,75,75,85
S038,M,One non-LoF,Y,Y,2.5,1.5,N,N,5.9,NA,50 ,55 ,70 ,65 ,75 ,NA,NA,NA,NA,NA,NA,NA,55 ,55 ,60 ,70 ,80 ,NA,NA,NA,NA,NA,NA
S038,M,One non-LoF,Y,Y,2.5,1.5,N,N,6.0,NA,90 ,90 ,95 ,95 ,100 ,NA,110 ,NA,NA,NA,NA,NA,95 ,90 ,90 ,100 ,110 ,NA,110 ,NA,NA,NA,NA
S038,M,One non-LoF,Y,Y,2.5,1.5,N,N,6.0,NA,NA,70 ,70 ,75 ,80 ,NA,NA,NA,NA,NA,NA,NA,NA,75 ,75 ,80 ,85 ,NA,NA,NA,NA,NA,NA
S038,M,One non-LoF,Y,Y,2.5,1.5,N,N,6.1,NA,80 ,75 ,70 ,75 ,85 ,NA,105 ,70,70,70,75,NA,95 ,85 ,85 ,90 ,100 ,NA,105 ,75,75,75,75
S038,M,One non-LoF,Y,Y,2.5,1.5,N,N,6.9,NA,85 ,85 ,80 ,80 ,85 ,NA,105 ,70,70,75,75,NA,100 ,95 ,85 ,95 ,115 ,NA,105 ,70,70,75,75
S038,M,One non-LoF,Y,Y,2.5,1.5,N,N,7.3,NA,90 ,90 ,85 ,80 ,85 ,NA,100 ,75,75,80,80,NA,95 ,95 ,85 ,90 ,90 ,NA,100 ,75,75,80,80
S038,M,One non-LoF,Y,Y,2.5,1.5,N,N,9.4,NA,70 ,80 ,90 ,100 ,100 ,NA,110 ,70,80,80,80,NA,75 ,75 ,85 ,100 ,105 ,NA,115 ,65,75,80,80
S038,M,One non-LoF,Y,Y,2.5,1.5,N,N,10.0,NA,70 ,75 ,95 ,85 ,95 ,NA,100 ,70,75,80,80,NA,70 ,75 ,85 ,95 ,100 ,NA,115 ,65,75,80,80
S038,M,One non-LoF,Y,Y,2.5,1.5,N,N,12.9,NA,65 ,80 ,100 ,90 ,105 ,NA,105 ,60,80,70,90,NA,75 ,85 ,85 ,105 ,110 ,NA,110 ,55,65,80,85
S038,M,One non-LoF,Y,Y,2.5,1.5,N,N,15.2,NA,70 ,75 ,90 ,90 ,105 ,NA,115 ,65,75,85,90,NA,80 ,90 ,85 ,90 ,110 ,NA,115 ,60,70,85,90
S038,M,One non-LoF,Y,Y,2.5,1.5,N,N,16.3,NA,75 ,80 ,70 ,65 ,75 ,NA,80 ,65,55,65,75,NA,75 ,75 ,80 ,90 ,105 ,NA,110 ,60,70,85,90
S038,M,One non-LoF,Y,Y,2.5,1.5,N,N,16.9,NA,75 ,80 ,80 ,105 ,105 ,NA,110 ,65,70,85,90,NA,75 ,75 ,85 ,100 ,110 ,NA,110 ,60,70,80,90
S038,M,One non-LoF,Y,Y,2.5,1.5,N,N,18.7,NA,70 ,75 ,80 ,100 ,100 ,NA,110 ,60,70,85,90,NA,75 ,80 ,85 ,90 ,105 ,NA,110 ,65,70,85,90
S038,M,One non-LoF,Y,Y,2.5,1.5,N,N,18.8,NA,70 ,75 ,85 ,95 ,100 ,NA,110 ,60,75,80,90,NA,80 ,85 ,90 ,95 ,110 ,NA,110 ,65,75,85,90
S039,F,One non-LoF,Y,Y,3,2.9,Y,Y,1.6,NA,50 ,45 ,45 ,70 ,90 ,85 ,NA,NA,NA,NA,NA,NA,50 ,45 ,45 ,70 ,90 ,85 ,NA,NA,NA,NA,NA
S039,F,One non-LoF,Y,Y,3,2.9,Y,Y,1.7,NA,40 ,40 ,40 ,65 ,80 ,85 ,NA,NA,NA,NA,NA,NA,40 ,40 ,40 ,65 ,80 ,85 ,NA,NA,NA,NA,NA
S039,F,One non-LoF,Y,Y,3,2.9,Y,Y,2.2,NA,45 ,45 ,45 ,70 ,75 ,75 ,NA,NA,NA,NA,NA,NA,45 ,45 ,45 ,70 ,75 ,75 ,NA,NA,NA,NA,NA
S039,F,One non-LoF,Y,Y,3,2.9,Y,Y,2.7,NA,40 ,45 ,50 ,75 ,80 ,NA,NA,NA,NA,NA,NA,NA,40 ,45 ,50 ,75 ,80 ,NA,NA,NA,NA,NA,NA
S039,F,One non-LoF,Y,Y,3,2.9,Y,Y,3.2,NA,50 ,50 ,60 ,80 ,80 ,NA,NA,NA,NA,NA,NA,NA,50 ,50 ,60 ,80 ,80 ,NA,NA,NA,NA,NA,NA
S039,F,One non-LoF,Y,Y,3,2.9,Y,Y,3.3,NA,60 ,60 ,55 ,75 ,100 ,NA,NA,NA,NA,NA,NA,NA,60 ,60 ,55 ,75 ,100 ,NA,NA,NA,NA,NA,NA
S039,F,One non-LoF,Y,Y,3,2.9,Y,Y,3.9,NA,50 ,55 ,70 ,85 ,95 ,NA,NA,NA,NA,NA,NA,NA,50 ,55 ,65 ,85 ,100 ,NA,NA,NA,NA,NA,NA
S039,F,One non-LoF,Y,Y,3,2.9,Y,Y,3.9,NA,55 ,55 ,80 ,100 ,100 ,NA,NA,NA,NA,NA,NA,NA,55 ,55 ,80 ,100 ,100 ,NA,NA,NA,NA,NA,NA
S039,F,One non-LoF,Y,Y,3,2.9,Y,Y,4.3,NA,55 ,55 ,75 ,75 ,80 ,NA,100 ,NA,NA,NA,NA,NA,35 ,45 ,40 ,75 ,80 ,NA,100 ,NA,NA,NA,NA
S039,F,One non-LoF,Y,Y,3,2.9,Y,Y,4.6,65 ,65 ,60 ,70 ,80 ,90 ,NA,100 ,45,55,75,70,50,55 ,60 ,65 ,80 ,90 ,NA,100 ,45,55,75,70
S039,F,One non-LoF,Y,Y,3,2.9,Y,Y,5.0,NA,70 ,70 ,70 ,80 ,90 ,NA,NA,NA,NA,NA,NA,NA,60 ,65 ,65 ,75 ,90 ,NA,NA,NA,NA,NA,NA
S039,F,One non-LoF,Y,Y,3,2.9,Y,Y,5.5,NA,80 ,75 ,85 ,90 ,85 ,NA,105 ,NA,NA,NA,NA,NA,65 ,65 ,85 ,90 ,90 ,NA,105 ,NA,NA,NA,NA
S039,F,One non-LoF,Y,Y,3,2.9,Y,Y,5.6,70 ,70 ,65 ,65 ,90 ,85 ,NA,105 ,55,75,75,65,75,65 ,65 ,80 ,95 ,90 ,NA,105 ,55,75,75,65
S039,F,One non-LoF,Y,Y,3,2.9,Y,Y,6.1,NA,60 ,65 ,85 ,90 ,85 ,NA,90 ,50,70,85,75,NA,50 ,60 ,80 ,85 ,80 ,NA,95 ,50,70,75,75
S039,F,One non-LoF,Y,Y,3,2.9,Y,Y,6.5,60 ,65 ,70 ,85 ,90 ,85 ,NA,85 ,60,75,80,75,60,65 ,60 ,85 ,90 ,80 ,NA,90 ,50,75,80,75
S039,F,One non-LoF,Y,Y,3,2.9,Y,Y,6.9,65 ,65 ,65 ,65 ,85 ,95 ,NA,95 ,NA,NA,NA,NA,70,65 ,65 ,85 ,95 ,95 ,NA,95 ,50,75,80,85
S039,F,One non-LoF,Y,Y,3,2.9,Y,Y,7.3,60 ,70 ,70 ,85 ,90 ,90 ,90 ,100 ,NA,NA,NA,NA,60,60 ,60 ,80 ,85 ,90 ,90 ,100 ,60,70,75,85
S039,F,One non-LoF,Y,Y,3,2.9,Y,Y,7.8,70 ,70 ,65 ,85 ,85 ,80 ,NA,105 ,55,75,75,65,65,60 ,60 ,80 ,85 ,75 ,NA,105 ,55,75,75,65
S039,F,One non-LoF,Y,Y,3,2.9,Y,Y,8.8,NA,65 ,80 ,90 ,110 ,105 ,NA,110 ,70,75,75,65,NA,50 ,60 ,85 ,100 ,80 ,NA,110 ,55,75,75,65
S039,F,One non-LoF,Y,Y,3,2.9,Y,Y,8.8,NA,75 ,90 ,100 ,110 ,105 ,NA,115 ,70,75,80,85,NA,55 ,55 ,75 ,85 ,80 ,NA,115 ,50,70,75,75
S039,F,One non-LoF,Y,Y,3,2.9,Y,Y,8.9,55 ,60 ,65 ,100 ,95 ,105 ,NA,105 ,55,75,75,75,55,45 ,55 ,85 ,80 ,75 ,NA,105 ,50,75,70,70
S039,F,One non-LoF,Y,Y,3,2.9,Y,Y,9.8,75 ,70 ,65 ,95 ,95 ,95 ,NA,95 ,55,75,80,85,65,50 ,55 ,80 ,85 ,85 ,NA,110 ,50,70,75,80
S039,F,One non-LoF,Y,Y,3,2.9,Y,Y,10.3,65 ,65 ,65 ,95 ,95 ,100 ,NA,100 ,55,75,80,85,60,50 ,60 ,85 ,90 ,70 ,NA,110 ,55,75,80,85
S039,F,One non-LoF,Y,Y,3,2.9,Y,Y,10.8,55 ,50 ,60 ,90 ,100 ,95 ,95 ,105 ,50,75,80,85,50,40 ,55 ,80 ,90 ,90 ,95 ,105 ,50,75,80,80
S039,F,One non-LoF,Y,Y,3,2.9,Y,Y,11.3,55 ,60 ,65 ,100 ,100 ,105 ,105 ,105 ,55,75,80,85,45,35 ,55 ,85 ,90 ,80 ,NA,110 ,60,75,80,85
S039,F,One non-LoF,Y,Y,3,2.9,Y,Y,11.7,55 ,60 ,65 ,100 ,100 ,105 ,105 ,105 ,55,75,80,85,45,45 ,55 ,80 ,90 ,85 ,100 ,110 ,50,75,80,80
S039,F,One non-LoF,Y,Y,3,2.9,Y,Y,12.3,55 ,60 ,65 ,95 ,100 ,105 ,NA,105 ,55,75,80,85,55,45 ,60 ,85 ,90 ,85 ,NA,105 ,55,75,80,80
S039,F,One non-LoF,Y,Y,3,2.9,Y,Y,12.7,60 ,50 ,60 ,95 ,100 ,100 ,95 ,105 ,50,75,80,85,55,50 ,50 ,85 ,85 ,85 ,90 ,105 ,45,75,80,80
S039,F,One non-LoF,Y,Y,3,2.9,Y,Y,13.3,70 ,75 ,65 ,100 ,100 ,105 ,NA,105 ,60,75,80,85,60,55 ,60 ,85 ,85 ,85 ,NA,105 ,60,75,80,80
S039,F,One non-LoF,Y,Y,3,2.9,Y,Y,13.8,65 ,65 ,65 ,95 ,100 ,100 ,120 ,115 ,55,75,75,85,50,45 ,55 ,85 ,85 ,80 ,95 ,110 ,55,75,75,70
S039,F,One non-LoF,Y,Y,3,2.9,Y,Y,14.3,55 ,50 ,55 ,85 ,80 ,90 ,110 ,105 ,45,75,75,80,45,45 ,50 ,80 ,80 ,90 ,95 ,105 ,45,75,75,80
S040,M,Two LoF,Y,Y,3.5,1.9,N,N,2.4,NA,50 ,45 ,45 ,55 ,60 ,NA,NA,NA,NA,NA,NA,NA,50 ,45 ,45 ,55 ,60 ,NA,NA,NA,NA,NA,NA
S040,M,Two LoF,Y,Y,3.5,1.9,N,N,2.4,NA,NA,95 ,95 ,95 ,95 ,NA,NA,NA,NA,NA,NA,NA,NA,40 ,35 ,50 ,50 ,NA,NA,NA,NA,NA,NA
S040,M,Two LoF,Y,Y,3.5,1.9,N,N,21.7,40 ,95 ,110 ,110 ,110 ,110 ,110 ,110 ,70,80,85,80,10,30 ,40 ,50 ,65 ,95 ,90 ,95 ,30,50,65,80
S041,M,Two LoF,Y,Y,3.1,2.2,Y,Y,0.3,NA,NA,70 ,90 ,NA,NA,NA,NA,NA,NA,NA,NA,NA,NA,70 ,90 ,85 ,90 ,NA,NA,NA,NA,NA,NA
S041,M,Two LoF,Y,Y,3.1,2.2,Y,Y,0.4,NA,65 ,70 ,85 ,95 ,100 ,NA,NA,NA,NA,NA,NA,NA,65 ,70 ,85 ,95 ,100 ,NA,NA,NA,NA,NA,NA
S041,M,Two LoF,Y,Y,3.1,2.2,Y,Y,0.7,NA,65 ,65 ,80 ,85 ,90 ,NA,NA,NA,NA,NA,NA,NA,65 ,65 ,80 ,85 ,90 ,NA,NA,NA,NA,NA,NA
S041,M,Two LoF,Y,Y,3.1,2.2,Y,Y,1.2,NA,65 ,70 ,75 ,85 ,90 ,NA,NA,NA,NA,NA,NA,NA,65 ,70 ,75 ,85 ,90 ,NA,NA,NA,NA,NA,NA
S041,M,Two LoF,Y,Y,3.1,2.2,Y,Y,1.7,NA,65 ,65 ,75 ,90 ,90 ,95 ,NA,NA,NA,NA,NA,NA,65 ,65 ,75 ,90 ,90 ,95 ,NA,NA,NA,NA,NA
S041,M,Two LoF,Y,Y,3.1,2.2,Y,Y,1.9,NA,65 ,75 ,80 ,90 ,90 ,95 ,NA,NA,NA,NA,NA,NA,65 ,75 ,80 ,90 ,90 ,95 ,NA,NA,NA,NA,NA
S041,M,Two LoF,Y,Y,3.1,2.2,Y,Y,2.5,NA,60 ,70 ,80 ,95 ,90 ,100 ,NA,NA,NA,NA,NA,NA,60 ,70 ,80 ,95 ,90 ,100 ,NA,NA,NA,NA,NA
S041,M,Two LoF,Y,Y,3.1,2.2,Y,Y,3.1,NA,95 ,100 ,105 ,105 ,110 ,NA,NA,NA,NA,NA,NA,NA,75 ,75 ,80 ,90 ,95 ,NA,NA,NA,NA,NA,NA
S041,M,Two LoF,Y,Y,3.1,2.2,Y,Y,3.3,NA,100 ,100 ,105 ,110 ,120 ,NA,110 ,NA,NA,NA,NA,NA,75 ,80 ,85 ,100 ,105 ,NA,100 ,NA,NA,NA,NA
S041,M,Two LoF,Y,Y,3.1,2.2,Y,Y,4.0,95 ,100 ,110 ,115 ,120 ,125 ,NA,115 ,70,75,80,85,80,85 ,90 ,100 ,105 ,100 ,NA,115 ,70,75,80,85
S041,M,Two LoF,Y,Y,3.1,2.2,Y,Y,4.0,90 ,100 ,115 ,115 ,115 ,125 ,NA,115 ,70,75,80,85,85,85 ,95 ,100 ,100 ,100 ,NA,115 ,70,75,80,85
S041,M,Two LoF,Y,Y,3.1,2.2,Y,Y,4.1,NA,95 ,105 ,100 ,110 ,125 ,110 ,105 ,NA,NA,NA,NA,NA,90 ,90 ,95 ,95 ,105 ,110 ,105 ,NA,NA,NA,NA
S041,M,Two LoF,Y,Y,3.1,2.2,Y,Y,4.6,NA,95 ,110 ,125 ,125 ,120 ,NA,105 ,NA,NA,NA,NA,NA,85 ,90 ,105 ,100 ,105 ,NA,NA,NA,NA,NA,NA
S041,M,Two LoF,Y,Y,3.1,2.2,Y,Y,5.9,NA,105 ,110 ,125 ,120 ,125 ,NA,85 ,75,90,90,80,NA,95 ,80 ,100 ,95 ,110 ,NA,85 ,75,85,85,80
S041,M,Two LoF,Y,Y,3.1,2.2,Y,Y,10.8,90 ,110 ,125 ,125 ,125 ,125 ,NA,115 ,70,75,80,85,65,70 ,85 ,110 ,115 ,NA,NA,NA,70,75,80,85
S041,M,Two LoF,Y,Y,3.1,2.2,Y,Y,10.9,90 ,110 ,115 ,120 ,115 ,105 ,105 ,105 ,70,75,80,85,55,65 ,75 ,110 ,110 ,110 ,105 ,105 ,65,75,80,85
S041,M,Two LoF,Y,Y,3.1,2.2,Y,Y,10.9,95 ,115 ,125 ,125 ,125 ,125 ,125 ,115 ,70,75,80,85,65,70 ,75 ,105 ,105 ,115 ,125 ,115 ,65,75,80,85
S041,M,Two LoF,Y,Y,3.1,2.2,Y,Y,11.0,90 ,110 ,125 ,125 ,125 ,125 ,110 ,110 ,70,75,75,75,70,65 ,75 ,105 ,100 ,100 ,110 ,110 ,65,75,75,75
S041,M,Two LoF,Y,Y,3.1,2.2,Y,Y,11.0,90 ,110 ,125 ,125 ,125 ,125 ,110 ,110 ,70,75,80,85,70,70 ,75 ,105 ,100 ,105 ,110 ,110 ,65,75,80,85
S041,M,Two LoF,Y,Y,3.1,2.2,Y,Y,11.1,90 ,110 ,120 ,120 ,120 ,120 ,105 ,105 ,70,85,80,80,65,65 ,70 ,105 ,105 ,100 ,105 ,105 ,65,75,80,80
S041,M,Two LoF,Y,Y,3.1,2.2,Y,Y,11.4,90 ,100 ,115 ,125 ,125 ,120 ,105 ,105 ,75,70,80,85,60,60 ,75 ,95 ,95 ,100 ,105 ,105 ,75,70,80,85
S041,M,Two LoF,Y,Y,3.1,2.2,Y,Y,11.7,95 ,115 ,125 ,125 ,125 ,125 ,125 ,115 ,70,75,80,85,65,65 ,80 ,100 ,105 ,105 ,115 ,115 ,70,75,80,85
S041,M,Two LoF,Y,Y,3.1,2.2,Y,Y,12.1,80 ,115 ,125 ,125 ,125 ,120 ,120 ,110 ,NA,NA,NA,NA,65,65 ,75 ,100 ,105 ,105 ,115 ,110 ,NA,NA,NA,NA
S041,M,Two LoF,Y,Y,3.1,2.2,Y,Y,12.5,80 ,115 ,125 ,125 ,125 ,120 ,110 ,115 ,70,75,75,80,75,75 ,80 ,105 ,100 ,115 ,100 ,105 ,70,75,75,80
S041,M,Two LoF,Y,Y,3.1,2.2,Y,Y,13.0,80 ,115 ,125 ,125 ,125 ,120 ,100 ,105 ,70,75,80,80,55,65 ,75 ,100 ,95 ,105 ,115 ,100 ,70,75,80,80
S041,M,Two LoF,Y,Y,3.1,2.2,Y,Y,13.1,80 ,115 ,125 ,125 ,125 ,120 ,100 ,105 ,70,75,80,80,55,65 ,75 ,100 ,95 ,105 ,115 ,100 ,70,75,80,80
S041,M,Two LoF,Y,Y,3.1,2.2,Y,Y,13.4,90 ,115 ,125 ,125 ,125 ,125 ,120 ,110 ,80,85,85,90,70,70 ,75 ,100 ,95 ,100 ,115 ,105 ,65,85,85,90
S041,M,Two LoF,Y,Y,3.1,2.2,Y,Y,13.9,85 ,110 ,125 ,125 ,125 ,120 ,120 ,110 ,75,80,80,85,65,70 ,70 ,100 ,95 ,105 ,105 ,100 ,60,80,80,85
S041,M,Two LoF,Y,Y,3.1,2.2,Y,Y,14.4,95 ,110 ,120 ,125 ,125 ,120 ,120 ,110 ,80,80,85,85,60,65 ,70 ,95 ,85 ,100 ,110 ,105 ,60,80,85,85
S041,M,Two LoF,Y,Y,3.1,2.2,Y,Y,15.0,90 ,115 ,125 ,125 ,125 ,125 ,NA,110 ,80,80,85,85,55,65 ,75 ,95 ,95 ,105 ,NA,105 ,65,80,85,85
S041,M,Two LoF,Y,Y,3.1,2.2,Y,Y,18.0,80 ,110 ,125 ,125 ,125 ,125 ,NA,110 ,75,80,85,90,65,60 ,70 ,95 ,95 ,110 ,120 ,110 ,65,80,85,90
S041,M,Two LoF,Y,Y,3.1,2.2,Y,Y,19.2,90 ,100 ,110 ,125 ,125 ,125 ,NA,110 ,70,80,85,85,75,75 ,75 ,95 ,90 ,110 ,115 ,110 ,70,80,85,85
S042,M,One non-LoF,Y,Y,NA,NA,NA,NA,32.1,NA,60 ,70 ,80 ,90 ,100 ,NA,95 ,55 ,60 ,75 ,75 ,NA,65 ,60 ,75 ,80 ,100 ,NA,105 ,50,65,75,75
S042,M,One non-LoF,Y,Y,NA,NA,NA,NA,32.5,NA,65 ,70 ,80 ,95 ,105 ,NA,105 ,60 ,70 ,75 ,75 ,NA,70 ,70 ,80 ,90 ,105 ,NA,105 ,60,70,75,75
S042,M,One non-LoF,Y,Y,NA,NA,NA,NA,34.6,NA,70 ,65 ,75 ,85 ,90 ,NA,105 ,60 ,65 ,70 ,75 ,NA,70 ,65 ,75 ,75 ,90 ,NA,105 ,60,70,70,85
S042,M,One non-LoF,Y,Y,NA,NA,NA,NA,35.8,NA,70 ,65 ,70 ,85 ,85 ,NA,95 ,55 ,70 ,75 ,85 ,NA,70 ,65 ,75 ,75 ,100 ,NA,100 ,55,70,70,85
S042,M,One non-LoF,Y,Y,NA,NA,NA,NA,41.0,NA,60 ,70 ,80 ,85 ,90 ,NA,105 ,70 ,75 ,80 ,90 ,NA,70 ,70 ,85 ,85 ,110 ,NA,105 ,70,75,80,90
S043,F,Two LoF,Y,Y,NA,NA,Y,Y,4.6,NA,85,85,85,85,NA,NA,NA,NA,NA,NA,NA,NA,65,50,50,NA,65,NA,NA,NA,NA,NA,NA
S044,M,Two LoF,Y,Y,1.4,1.6,N,N,1.8,NA,60 ,80 ,90 ,105 ,110 ,110 ,NA,NA,NA,NA,NA,NA,60 ,80 ,90 ,105 ,110 ,110 ,NA,NA,NA,NA,NA
S044,M,Two LoF,Y,Y,1.4,1.6,N,N,2.3,NA,60 ,70 ,80 ,90 ,100 ,NA,NA,NA,NA,NA,NA,NA,60 ,70 ,80 ,95 ,100 ,NA,NA,NA,NA,NA,NA
S044,M,Two LoF,Y,Y,1.4,1.6,N,N,8.5,95 ,105 ,115 ,105 ,115 ,125 ,NA,115 ,65,75,80,85,50,50 ,70 ,100 ,105 ,115 ,NA,115 ,65,75,80,85
S044,M,Two LoF,Y,Y,1.4,1.6,N,N,8.6,75 ,75 ,90 ,105 ,115 ,125 ,125 ,115 ,65,75,80,85,55,50 ,65 ,95 ,110 ,110 ,125 ,115 ,60,75,80,85
S045,F,One non-LoF,Y,Y,NA,NA,NA,NA,19.9,70 ,75 ,70 ,75 ,115 ,120 ,NA,115 ,65,70,80,85,75,75 ,75 ,100 ,105 ,105 ,NA,115 ,65,70,80,85
S045,F,One non-LoF,Y,Y,NA,NA,NA,NA,19.9,75 ,70 ,75 ,90 ,105 ,120 ,NA,115 ,65,75,80,80,70,70 ,85 ,100 ,115 ,115 ,NA,115 ,65,75,80,80
S045,F,One non-LoF,Y,Y,NA,NA,NA,NA,20.0,65 ,65 ,75 ,85 ,115 ,120 ,NA,115 ,70,75,80,85,85,85 ,85 ,85 ,115 ,120 ,NA,115 ,70,75,80,85
S045,F,One non-LoF,Y,Y,NA,NA,NA,NA,20.0,75 ,90 ,95 ,110 ,125 ,125 ,NA,115 ,70,75,80,85,80,85 ,90 ,100 ,115 ,115 ,NA,115 ,70,75,80,85
S045,F,One non-LoF,Y,Y,NA,NA,NA,NA,20.2,75 ,85 ,90 ,110 ,115 ,125 ,NA,115 ,70,75,80,85,80,85 ,85 ,100 ,115 ,115 ,NA,115 ,70,75,80,85
S045,F,One non-LoF,Y,Y,NA,NA,NA,NA,20.2,75 ,75 ,80 ,95 ,110 ,125 ,NA,115 ,70,75,80,85,75,85 ,90 ,100 ,115 ,115 ,NA,115 ,70,75,80,85
S045,F,One non-LoF,Y,Y,NA,NA,NA,NA,20.5,75 ,75 ,80 ,95 ,110 ,125 ,NA,115 ,70,75,80,85,75,85 ,90 ,105 ,110 ,115 ,NA,115 ,70,75,80,85
S045,F,One non-LoF,Y,Y,NA,NA,NA,NA,20.6,65 ,70 ,70 ,85 ,105 ,125 ,NA,115 ,70,75,80,85,70,65 ,90 ,100 ,105 ,110 ,NA,115 ,70,75,80,85
S045,F,One non-LoF,Y,Y,NA,NA,NA,NA,21.1,70 ,90 ,105 ,110 ,115 ,125 ,NA,115 ,65,70,85,85,70,95 ,95 ,100 ,110 ,110 ,NA,115 ,65,70,85,85
S045,F,One non-LoF,Y,Y,NA,NA,NA,NA,21.1,70 ,75 ,70 ,90 ,105 ,125 ,NA,115 ,70,75,80,85,85,85 ,85 ,95 ,110 ,100 ,NA,110 ,65,75,80,85
S045,F,One non-LoF,Y,Y,NA,NA,NA,NA,21.2,70 ,75 ,65 ,90 ,110 ,125 ,NA,115 ,55,75,80,85,65,70 ,80 ,100 ,105 ,105 ,NA,115 ,70,75,80,85
S045,F,One non-LoF,Y,Y,NA,NA,NA,NA,21.4,70 ,70 ,75 ,95 ,110 ,125 ,125 ,115 ,65,75,80,85,70,75 ,75 ,90 ,110 ,115 ,125 ,125 ,65,75,80,85
S045,F,One non-LoF,Y,Y,NA,NA,NA,NA,21.4,70 ,85 ,90 ,100 ,120 ,125 ,125 ,115 ,70,75,80,85,70,75 ,90 ,105 ,115 ,115 ,125 ,115 ,70,75,80,85
S045,F,One non-LoF,Y,Y,NA,NA,NA,NA,21.5,65 ,85 ,90 ,110 ,115 ,120 ,NA,115 ,70,75,80,85,70,75 ,100 ,110 ,115 ,115 ,NA,115 ,70,75,80,85
S045,F,One non-LoF,Y,Y,NA,NA,NA,NA,21.5,70 ,65 ,60 ,90 ,115 ,120 ,NA,115 ,70,75,80,85,65,70 ,80 ,100 ,110 ,115 ,NA,115 ,70,75,80,85
S045,F,One non-LoF,Y,Y,NA,NA,NA,NA,21.7,65 ,85 ,90 ,105 ,120 ,125 ,NA,115 ,70,75,80,85,65,80 ,95 ,100 ,110 ,105 ,NA,115 ,70,75,80,85
S045,F,One non-LoF,Y,Y,NA,NA,NA,NA,21.7,70 ,80 ,80 ,95 ,120 ,125 ,NA,115 ,70,75,80,85,75,80 ,85 ,95 ,110 ,115 ,NA,115 ,70,75,80,85
S045,F,One non-LoF,Y,Y,NA,NA,NA,NA,22.1,75 ,85 ,80 ,95 ,120 ,125 ,NA,115 ,70,75,80,85,70,80 ,90 ,100 ,110 ,120 ,NA,115 ,70,75,80,85
S046,M,One non-LoF,Y,Y,1.9,1.7,N,N,25.1,70 ,85 ,105 ,105 ,115 ,120 ,110 ,110 ,70,75,80,85,65,85 ,95 ,105 ,110 ,110 ,110 ,110 ,70,75,80,85
S047,F,One non-LoF,Y,Y,2.7,2.1,Y,Y,5.1,NA,50 ,45 ,45 ,55 ,55 ,NA,85 ,35,35,45,45,NA,50 ,45 ,45 ,55 ,55 ,NA,75 ,35,35,45,45
S047,F,One non-LoF,Y,Y,2.7,2.1,Y,Y,11.3,80 ,110 ,125 ,125 ,125 ,120 ,NA,110 ,70,75,80,80,65,60 ,75 ,80 ,85 ,90 ,NA,85 ,65,70,80,80
S047,F,One non-LoF,Y,Y,2.7,2.1,Y,Y,11.7,80 ,100 ,110 ,110 ,125 ,125 ,NA,105 ,NA,NA,NA,NA,85,100 ,115 ,115 ,125 ,125 ,NA,105 ,NA,NA,NA,NA
S047,F,One non-LoF,Y,Y,2.7,2.1,Y,Y,11.8,80 ,95 ,115 ,120 ,125 ,125 ,115 ,110 ,70,75,80,85,80,90 ,95 ,95 ,95 ,95 ,NA,95 ,70,75,80,85
S047,F,One non-LoF,Y,Y,2.7,2.1,Y,Y,11.9,85 ,110 ,115 ,120 ,125 ,120 ,NA,105 ,70,75,80,85,75,75 ,85 ,90 ,90 ,75 ,80 ,75 ,70,75,80,80
S047,F,One non-LoF,Y,Y,2.7,2.1,Y,Y,11.9,85 ,110 ,125 ,125 ,125 ,125 ,NA,105 ,70,75,80,85,75,85 ,90 ,80 ,90 ,95 ,NA,80 ,70,75,80,80
S047,F,One non-LoF,Y,Y,2.7,2.1,Y,Y,12.0,NA,85 ,85 ,95 ,85 ,75 ,70 ,65 ,NA,NA,NA,NA,75,85 ,90 ,80 ,90 ,95 ,NA,80 ,70,75,80,80
S047,F,One non-LoF,Y,Y,2.7,2.1,Y,Y,12.0,80 ,105 ,115 ,125 ,125 ,120 ,NA,110 ,70,75,80,80,80,95 ,100 ,100 ,105 ,115 ,NA,110 ,70,75,80,80
S047,F,One non-LoF,Y,Y,2.7,2.1,Y,Y,12.1,NA,100 ,110 ,120 ,120 ,115 ,110 ,105 ,70,75,80,85,NA,65 ,70 ,80 ,85 ,75 ,75 ,75 ,60,70,80,70
S047,F,One non-LoF,Y,Y,2.7,2.1,Y,Y,12.5,NA,100 ,110 ,125 ,125 ,125 ,105 ,105 ,70,75,80,85,NA,65 ,75 ,85 ,75 ,75 ,80 ,75 ,65,75,70,70
S047,F,One non-LoF,Y,Y,2.7,2.1,Y,Y,13.6,NA,105 ,110 ,120 ,120 ,120 ,110 ,105 ,70,75,80,80,NA,65 ,80 ,90 ,90 ,100 ,110 ,105 ,70,75,80,80
S047,F,One non-LoF,Y,Y,2.7,2.1,Y,Y,14.5,NA,100 ,110 ,120 ,120 ,120 ,110 ,105 ,70,75,80,80,NA,75 ,80 ,95 ,80 ,80 ,70 ,85 ,55,65,70,75
S047,F,One non-LoF,Y,Y,2.7,2.1,Y,Y,15.0,75 ,80 ,110 ,115 ,115 ,115 ,115 ,NA,70,75,75,80,75,80 ,105 ,110 ,110 ,110 ,115 ,NA,70,75,80,80
S047,F,One non-LoF,Y,Y,2.7,2.1,Y,Y,15.6,80 ,110 ,125 ,115 ,115 ,115 ,115 ,105 ,55,65,75,75,75,75 ,80 ,90 ,85 ,85 ,NA,85 ,60,65,75,75
S047,F,One non-LoF,Y,Y,2.7,2.1,Y,Y,17.7,85 ,115 ,125 ,125 ,125 ,125 ,NA,115 ,75,75,85,85,65,70 ,75 ,80 ,80 ,75 ,NA,80 ,70,70,80,75
S047,F,One non-LoF,Y,Y,2.7,2.1,Y,Y,18.1,85 ,115 ,125 ,125 ,125 ,125 ,NA,115 ,75,75,85,85,75,75 ,80 ,85 ,85 ,80 ,NA,85 ,70,75,80,75
S047,F,One non-LoF,Y,Y,2.7,2.1,Y,Y,18.5,85 ,115 ,125 ,125 ,125 ,125 ,NA,115 ,70,75,80,85,70,65 ,75 ,80 ,75 ,70 ,NA,75 ,40,60,65,70
S047,F,One non-LoF,Y,Y,2.7,2.1,Y,Y,18.7,85 ,115 ,125 ,125 ,125 ,125 ,120 ,110 ,80,80,85,90,70,95 ,110 ,110 ,110 ,110 ,110 ,105 ,80,80,85,90
S047,F,One non-LoF,Y,Y,2.7,2.1,Y,Y,18.7,85 ,110 ,125 ,125 ,125 ,125 ,120 ,110 ,80,80,85,90,85,90 ,90 ,110 ,100 ,120 ,115 ,105 ,80,80,85,90
S047,F,One non-LoF,Y,Y,2.7,2.1,Y,Y,18.8,90 ,115 ,125 ,125 ,125 ,125 ,120 ,115 ,80,80,85,90,90,115 ,120 ,125 ,125 ,125 ,115 ,105 ,80,80,85,90
S047,F,One non-LoF,Y,Y,2.7,2.1,Y,Y,19.0,85 ,115 ,125 ,125 ,125 ,125 ,115 ,105 ,80,80,85,90,85,95 ,95 ,115 ,95 ,95 ,110 ,105 ,80,80,85,90
S047,F,One non-LoF,Y,Y,2.7,2.1,Y,Y,19.5,85 ,105 ,125 ,125 ,125 ,125 ,115 ,110 ,80,85,85,90,70,70 ,85 ,90 ,80 ,80 ,105 ,95 ,75,75,80,80
S047,F,One non-LoF,Y,Y,2.7,2.1,Y,Y,20.5,90 ,110 ,125 ,125 ,125 ,125 ,NA,110 ,75,80,85,85,70,65 ,90 ,90 ,80 ,80 ,95 ,100 ,70,75,75,75
S047,F,One non-LoF,Y,Y,2.7,2.1,Y,Y,21.5,85 ,105 ,115 ,125 ,125 ,120 ,110 ,105 ,70,80,85,85,70,65 ,90 ,90 ,85 ,90 ,95 ,105 ,70,80,80,80
S047,F,One non-LoF,Y,Y,2.7,2.1,Y,Y,23.5,100 ,110 ,120 ,120 ,120 ,120 ,115 ,100 ,70,80,85,85,85,80 ,90 ,90 ,85 ,95 ,95 ,105 ,70,80,85,85
S047,F,One non-LoF,Y,Y,2.7,2.1,Y,Y,23.5,95 ,105 ,110 ,120 ,120 ,120 ,NA,100 ,60,70,75,70,80,80 ,95 ,95 ,90 ,95 ,100 ,100 ,60,70,75,70
S048,M,One non-LoF,Y,Y,1.5,2.6,N,N,17.3,60 ,75 ,95 ,95 ,100 ,120 ,NA,110 ,70,75,75,65,60,80 ,80 ,85 ,100 ,115 ,NA,110 ,70,75,75,65
S048,M,One non-LoF,Y,Y,1.5,2.6,N,N,17.3,60 ,75 ,100 ,95 ,95 ,105 ,NA,115 ,70,75,75,75,60,85 ,85 ,85 ,110 ,120 ,NA,115 ,70,75,75,75
S049,F,Two LoF,Y,Y,2.2,2,Y,Y,0.9,NA,NA,55 ,65 ,70 ,75 ,NA,NA,NA,NA,NA,NA,NA,NA,35 ,55 ,70 ,75 ,NA,NA,NA,NA,NA,NA
S049,F,Two LoF,Y,Y,2.2,2,Y,Y,1.1,NA,40 ,45 ,70 ,70 ,80 ,NA,NA,NA,NA,NA,NA,NA,40 ,45 ,60 ,70 ,80 ,NA,NA,NA,NA,NA,NA
S049,F,Two LoF,Y,Y,2.2,2,Y,Y,2.3,NA,45 ,50 ,65 ,80 ,85 ,NA,NA,NA,NA,NA,NA,NA,45 ,50 ,65 ,80 ,85 ,NA,NA,NA,NA,NA,NA
S049,F,Two LoF,Y,Y,2.2,2,Y,Y,2.6,NA,40 ,50 ,60 ,80 ,90 ,NA,105 ,NA,NA,NA,NA,NA,40 ,50 ,60 ,80 ,90 ,NA,105 ,NA,NA,NA,NA
S049,F,Two LoF,Y,Y,2.2,2,Y,Y,2.8,NA,50 ,60 ,65 ,80 ,95 ,NA,105 ,NA,NA,NA,NA,NA,50 ,60 ,65 ,80 ,95 ,NA,105 ,NA,NA,NA,NA
S049,F,Two LoF,Y,Y,2.2,2,Y,Y,2.8,NA,50 ,60 ,65 ,80 ,95 ,105 ,NA,NA,NA,NA,NA,NA,50 ,60 ,65 ,80 ,95 ,105 ,NA,NA,NA,NA,NA
S049,F,Two LoF,Y,Y,2.2,2,Y,Y,3.1,NA,NA,75 ,80 ,80 ,95 ,NA,NA,NA,NA,NA,NA,NA,NA,55 ,70 ,85 ,85 ,NA,NA,NA,NA,NA,NA
S049,F,Two LoF,Y,Y,2.2,2,Y,Y,3.2,NA,NA,55 ,65 ,80 ,85 ,NA,NA,NA,NA,NA,NA,NA,NA,55 ,65 ,80 ,85 ,NA,NA,NA,NA,NA,NA
S049,F,Two LoF,Y,Y,2.2,2,Y,Y,3.5,NA,65 ,80 ,95 ,100 ,95 ,NA,110 ,70,75,80,85,NA,65 ,70 ,75 ,100 ,105 ,NA,110 ,75 ,65,80,85
S049,F,Two LoF,Y,Y,2.2,2,Y,Y,4.5,NA,75 ,80 ,95 ,100 ,95 ,NA,110 ,70,75,80,85,NA,85 ,80 ,80 ,100 ,105 ,NA,110 ,70 ,70,80,85
S049,F,Two LoF,Y,Y,2.2,2,Y,Y,12.2,75 ,70 ,90 ,90 ,100 ,105 ,NA,95 ,55,55,85,85,85,95 ,110 ,120 ,115 ,115 ,NA,100 ,80,80,85,85
S049,F,Two LoF,Y,Y,2.2,2,Y,Y,12.3,NA,55 ,80 ,75 ,95 ,100 ,100 ,NA,NA,NA,NA,NA,NA,55 ,80 ,75 ,95 ,100 ,100 ,NA,NA,NA,NA,NA
S049,F,Two LoF,Y,Y,2.2,2,Y,Y,13.2,NA,65 ,75 ,85 ,110 ,115 ,NA,110 ,65,75,85,85,NA,85 ,95 ,100 ,105 ,115 ,NA,105 ,80,80,85,85
S049,F,Two LoF,Y,Y,2.2,2,Y,Y,13.8,70 ,65 ,85 ,105 ,115 ,115 ,120 ,115 ,55,65,85,85,70,80 ,90 ,105 ,110 ,120 ,NA,110 ,75,75,85,85
S049,F,Two LoF,Y,Y,2.2,2,Y,Y,18.6,90 ,95 ,105 ,110 ,115 ,125 ,NA,110 ,60,65,85,85,85,90 ,95 ,100 ,110 ,125 ,NA,110 ,60,65,85,85
S050,M,Two LoF,Y,Y,NA,NA,Y,Y,43.5,65 ,75 ,90 ,105 ,110 ,115 ,NA,105 ,70,75,75,65,75,85 ,80 ,90 ,105 ,110 ,NA,105 ,70,75,75,65
S050,M,Two LoF,Y,Y,NA,NA,Y,Y,43.5,75 ,85 ,90 ,100 ,110 ,115 ,NA,105 ,70,75,75,65,75,90 ,95 ,95 ,110 ,115 ,NA,105 ,70,75,75,65
S051,F,Two LoF,Y,Y,3.1,3.1,Y,Y,26.5,95 ,85 ,85 ,80 ,85 ,95 ,NA,105 ,70,75,75,75,90,90 ,90 ,110 ,115 ,125 ,NA,110 ,70,75,75,75
S051,F,Two LoF,Y,Y,3.1,3.1,Y,Y,26.6,80 ,80 ,80 ,80 ,85 ,95 ,NA,100 ,70,75,75,75,75,75 ,90 ,105 ,90 ,90 ,NA,115 ,70,75,75,75
S051,F,Two LoF,Y,Y,3.1,3.1,Y,Y,26.6,NA,65 ,80 ,80 ,75 ,80 ,NA,100 ,65,70,75,85,NA,65 ,80 ,80 ,75 ,80 ,NA,100 ,70,70,70,85
S051,F,Two LoF,Y,Y,3.1,3.1,Y,Y,26.6,NA,75 ,80 ,80 ,80 ,95 ,NA,100 ,70,70,70,85,NA,65 ,80 ,80 ,75 ,80 ,NA,100 ,70,70,70,85
S051,F,Two LoF,Y,Y,3.1,3.1,Y,Y,26.8,80 ,75 ,95 ,95 ,95 ,100 ,NA,85 ,65,70,65,65,60,50 ,65 ,65 ,65 ,65 ,NA,85 ,55,55,55,60
S051,F,Two LoF,Y,Y,3.1,3.1,Y,Y,27.6,85 ,75 ,85 ,80 ,80 ,105 ,NA,105 ,70,75,80,85,80,75 ,85 ,100 ,110 ,115 ,NA,115 ,70,75,80,85
S051,F,Two LoF,Y,Y,3.1,3.1,Y,Y,27.6,85 ,75 ,80 ,85 ,85 ,100 ,NA,105 ,70,75,75,85,50,50 ,75 ,85 ,70 ,75 ,NA,100 ,65,75,70,75
S051,F,Two LoF,Y,Y,3.1,3.1,Y,Y,27.7,85 ,80 ,85 ,85 ,80 ,105 ,NA,110 ,70,75,75,85,65,65 ,75 ,70 ,70 ,65 ,NA,90 ,65,65,65,60
S051,F,Two LoF,Y,Y,3.1,3.1,Y,Y,27.8,85 ,80 ,85 ,85 ,85 ,105 ,NA,110 ,65,75,75,85,70,70 ,75 ,80 ,80 ,65 ,85 ,90 ,65,65,65,60
S051,F,Two LoF,Y,Y,3.1,3.1,Y,Y,27.8,80 ,85 ,85 ,85 ,90 ,100 ,NA,110 ,70,75,80,85,70,80 ,70 ,70 ,65 ,65 ,NA,90 ,60,60,60,65
S051,F,Two LoF,Y,Y,3.1,3.1,Y,Y,27.9,80 ,85 ,85 ,85 ,90 ,100 ,NA,110 ,70,75,80,85,70,60 ,70 ,70 ,70 ,65 ,NA,90 ,60,60,60,60
S051,F,Two LoF,Y,Y,3.1,3.1,Y,Y,28.6,75 ,75 ,85 ,85 ,85 ,100 ,NA,110 ,60,60,60,65,60,60 ,70 ,70 ,70 ,70 ,NA,95 ,60,60,65,65
S051,F,Two LoF,Y,Y,3.1,3.1,Y,Y,29.2,80 ,80 ,85 ,80 ,85 ,100 ,NA,110 ,60,65,80,85,90,100 ,105 ,110 ,110 ,120 ,NA,115 ,70,75,80,85
S051,F,Two LoF,Y,Y,3.1,3.1,Y,Y,29.2,75 ,80 ,85 ,85 ,90 ,105 ,NA,100 ,70,75,80,85,80,90 ,100 ,110 ,115 ,125 ,NA,115 ,70,75,80,85
S051,F,Two LoF,Y,Y,3.1,3.1,Y,Y,29.3,80 ,85 ,85 ,90 ,90 ,105 ,NA,105 ,70,75,80,85,95,100 ,105 ,110 ,115 ,125 ,NA,115 ,70,75,80,85
S051,F,Two LoF,Y,Y,3.1,3.1,Y,Y,29.3,80 ,85 ,85 ,85 ,85 ,100 ,NA,100 ,70,75,80,85,95,105 ,110 ,115 ,120 ,125 ,NA,115 ,70,75,80,85
S051,F,Two LoF,Y,Y,3.1,3.1,Y,Y,29.3,85 ,85 ,85 ,90 ,70 ,100 ,115 ,115 ,70,75,80,85,90,95 ,100 ,110 ,110 ,120 ,120 ,110 ,70,75,80,85
S051,F,Two LoF,Y,Y,3.1,3.1,Y,Y,29.3,75 ,80 ,85 ,85 ,90 ,110 ,NA,110 ,70,75,80,85,80,90 ,105 ,115 ,115 ,120 ,NA,115 ,70,75,80,85
S051,F,Two LoF,Y,Y,3.1,3.1,Y,Y,29.4,75 ,80 ,85 ,85 ,90 ,100 ,NA,110 ,70,75,80,85,90,95 ,100 ,110 ,105 ,110 ,NA,115 ,70,75,80,85
S051,F,Two LoF,Y,Y,3.1,3.1,Y,Y,29.4,75 ,80 ,85 ,85 ,90 ,105 ,NA,105 ,70,75,80,85,90,95 ,100 ,105 ,105 ,90 ,NA,115 ,70,75,80,85
S051,F,Two LoF,Y,Y,3.1,3.1,Y,Y,29.4,75 ,80 ,85 ,85 ,90 ,105 ,110 ,115 ,70,75,80,85,90,100 ,100 ,95 ,100 ,95 ,110 ,115 ,70,75,80,85
S051,F,Two LoF,Y,Y,3.1,3.1,Y,Y,29.4,85 ,85 ,85 ,85 ,90 ,100 ,105 ,110 ,70,75,80,85,95,100 ,95 ,90 ,95 ,85 ,105 ,105 ,70,75,75,80
S051,F,Two LoF,Y,Y,3.1,3.1,Y,Y,29.5,85 ,85 ,85 ,85 ,90 ,95 ,NA,100 ,70,75,80,85,85,90 ,85 ,85 ,80 ,75 ,100 ,105 ,70,75,70,75
S051,F,Two LoF,Y,Y,3.1,3.1,Y,Y,29.5,75 ,80 ,85 ,85 ,95 ,105 ,NA,105 ,70,75,80,85,80,85 ,90 ,90 ,80 ,85 ,NA,105 ,70,75,75,80
S051,F,Two LoF,Y,Y,3.1,3.1,Y,Y,29.5,75 ,80 ,85 ,85 ,90 ,100 ,NA,105 ,70,75,80,85,80,85 ,90 ,90 ,80 ,80 ,100 ,105 ,70,75,80,85
S051,F,Two LoF,Y,Y,3.1,3.1,Y,Y,29.5,80 ,80 ,85 ,85 ,90 ,100 ,100 ,100 ,70,75,80,85,85,85 ,90 ,90 ,80 ,80 ,90 ,105 ,70,75,75,80
S051,F,Two LoF,Y,Y,3.1,3.1,Y,Y,29.6,80 ,80 ,85 ,85 ,85 ,100 ,NA,100 ,70,75,80,85,70,70 ,85 ,85 ,80 ,75 ,NA,100 ,70,75,75,70
S051,F,Two LoF,Y,Y,3.1,3.1,Y,Y,29.9,80 ,80 ,85 ,85 ,85 ,105 ,NA,100 ,70,75,80,85,65,65 ,85 ,85 ,80 ,75 ,NA,100 ,70,75,80,70
S051,F,Two LoF,Y,Y,3.1,3.1,Y,Y,31.1,75 ,75 ,80 ,80 ,90 ,95 ,105 ,110 ,70,75,75,85,75,75 ,80 ,80 ,80 ,75 ,85 ,105 ,70,75,70,65
S051,F,Two LoF,Y,Y,3.1,3.1,Y,Y,34.4,80 ,80 ,85 ,90 ,90 ,125 ,110 ,110 ,70,75,80,85,75,75 ,85 ,90 ,90 ,80 ,90 ,110 ,70,75,80,85
S051,F,Two LoF,Y,Y,3.1,3.1,Y,Y,35.5,90 ,85 ,85 ,85 ,85 ,120 ,105 ,105 ,50,60,60,90,70,70 ,80 ,80 ,75 ,70 ,90 ,105 ,50,55,60,60
S051,F,Two LoF,Y,Y,3.1,3.1,Y,Y,35.6,80 ,80 ,85 ,85 ,85 ,120 ,NA,110 ,60,60,65,85,65,70 ,90 ,90 ,85 ,90 ,105 ,110 ,65,70,65,85
S052,F,Two LoF,Y,Y,NA,NA,NA,NA,12.1,65 ,70 ,125 ,125 ,125 ,125 ,NA,115 ,70,75,80,85,45,45 ,40 ,60 ,95 ,95 ,NA,90 ,20,55,75,85
S052,F,Two LoF,Y,Y,NA,NA,NA,NA,12.2,70 ,70 ,95 ,90 ,125 ,125 ,NA,115 ,60,75,80,85,45,45 ,40 ,65 ,95 ,100 ,NA,90 ,20,55,80,85
S052,F,Two LoF,Y,Y,NA,NA,NA,NA,12.2,60 ,60 ,70 ,65 ,85 ,125 ,NA,115 ,25,55,75,85,50,50 ,45 ,60 ,100 ,100 ,NA,95 ,20,50,80,85
S052,F,Two LoF,Y,Y,NA,NA,NA,NA,12.2,50 ,50 ,65 ,65 ,80 ,115 ,NA,115 ,55,55,70,85,45,45 ,45 ,60 ,100 ,100 ,NA,90 ,35,55,75,85
S053,F,One non-LoF,Y,Y,NA,NA,Y,Y,6.1,NA,80 ,65 ,75 ,70 ,65 ,NA,75 ,35,40,45,45,NA,75 ,60 ,85 ,75 ,65 ,NA,75 ,35,45,50,45
S053,F,One non-LoF,Y,Y,NA,NA,Y,Y,7.3,NA,80 ,75 ,80 ,65 ,60 ,NA,75 ,60,75,60,55,NA,95 ,85 ,100 ,100 ,95 ,NA,90 ,75,75,75,75
S053,F,One non-LoF,Y,Y,NA,NA,Y,Y,7.4,NA,65 ,80 ,75 ,55 ,70 ,NA,70 ,50,55,50,55,NA,90 ,80 ,75 ,85 ,75 ,NA,85 ,65,60,75,75
S053,F,One non-LoF,Y,Y,NA,NA,Y,Y,7.4,NA,75 ,80 ,80 ,70 ,70 ,NA,75 ,50,55,50,55,NA,80 ,80 ,75 ,80 ,80 ,NA,85 ,65,60,70,70
S053,F,One non-LoF,Y,Y,NA,NA,Y,Y,8.3,NA,80 ,70 ,65 ,70 ,55 ,NA,45 ,45,40,50,45,NA,75 ,65 ,55 ,60 ,60 ,70 ,90 ,50,50,50,50
S053,F,One non-LoF,Y,Y,NA,NA,Y,Y,8.4,NA,80 ,70 ,65 ,65 ,65 ,NA,65 ,45,45,50,45,NA,60 ,60 ,75 ,70 ,75 ,NA,75 ,50,45,40,50
S053,F,One non-LoF,Y,Y,NA,NA,Y,Y,8.4,NA,60 ,60 ,65 ,60 ,60 ,NA,60 ,50,50,45,45,NA,60 ,65 ,65 ,55 ,55 ,NA,65 ,40,50,40,40
S053,F,One non-LoF,Y,Y,NA,NA,Y,Y,9.8,NA,70 ,65 ,70 ,65 ,65 ,NA,70 ,40,30,50,35,NA,65 ,60 ,75 ,80 ,70 ,NA,70 ,40,40,40,35
S053,F,One non-LoF,Y,Y,NA,NA,Y,Y,10.1,NA,65 ,65 ,55 ,55 ,55 ,NA,55 ,40,35,40,45,NA,65 ,60 ,60 ,65 ,60 ,NA,65 ,45,45,40,50
S053,F,One non-LoF,Y,Y,NA,NA,Y,Y,10.2,NA,80 ,80 ,75 ,75 ,70 ,NA,80 ,45,40,45,35,NA,85 ,90 ,90 ,95 ,95 ,NA,100 ,40,45,50,45
S053,F,One non-LoF,Y,Y,NA,NA,Y,Y,10.8,NA,60 ,65 ,75 ,70 ,70 ,NA,80 ,45,40,60,45,NA,75 ,80 ,95 ,105 ,95 ,NA,100 ,50,50,70,70
S053,F,One non-LoF,Y,Y,NA,NA,Y,Y,11.9,NA,70 ,70 ,75 ,65 ,65 ,NA,80 ,45,40,40,45,NA,70 ,85 ,90 ,95 ,90 ,NA,95 ,55,55,65,65
S054,M,One non-LoF,Y,Y,1.5,1.8,N,N,10.7,NA,80 ,75 ,80 ,100 ,85 ,NA,115 ,65,70,80,80,NA,60 ,70 ,80 ,105 ,110 ,NA,100 ,65,70,80,85
S054,M,One non-LoF,Y,Y,1.5,1.8,N,N,10.8,NA,50 ,55 ,70 ,95 ,95 ,NA,110 ,50,70,80,85,NA,65 ,65 ,80 ,105 ,115 ,NA,110 ,55,70,80,85
S054,M,One non-LoF,Y,Y,1.5,1.8,N,N,10.9,NA,95 ,115 ,115 ,115 ,125 ,NA,115 ,70,75,80,85,NA,75 ,65 ,80 ,105 ,115 ,NA,115 ,55,70,80,85
S054,M,One non-LoF,Y,Y,1.5,1.8,N,N,11.0,95 ,90 ,110 ,105 ,110 ,115 ,NA,110 ,70,75,80,85,70,70 ,60 ,80 ,105 ,115 ,NA,115 ,55,70,80,85
S054,M,One non-LoF,Y,Y,1.5,1.8,N,N,11.0,95 ,95 ,110 ,120 ,105 ,125 ,NA,115 ,70,75,80,85,65,70 ,65 ,80 ,105 ,110 ,NA,105 ,55,70,85,80
S054,M,One non-LoF,Y,Y,1.5,1.8,N,N,11.1,95 ,100 ,110 ,120 ,115 ,125 ,NA,115 ,70,75,80,85,60,65 ,65 ,80 ,105 ,110 ,NA,105 ,50,70,85,85
S054,M,One non-LoF,Y,Y,1.5,1.8,N,N,11.2,55 ,50 ,55 ,65 ,95 ,100 ,NA,95 ,50,65,80,85,65,65 ,60 ,80 ,100 ,105 ,NA,105 ,50,70,80,85
S054,M,One non-LoF,Y,Y,1.5,1.8,N,N,11.5,65 ,85 ,115 ,115 ,115 ,120 ,NA,115 ,70,75,75,80,60,65 ,55 ,75 ,105 ,115 ,NA,100 ,45,70,80,85
S054,M,One non-LoF,Y,Y,1.5,1.8,N,N,13.3,70 ,85 ,100 ,110 ,110 ,125 ,NA,110 ,70,75,80,85,50,60 ,60 ,85 ,105 ,110 ,115 ,115 ,55,75,80,85
S054,M,One non-LoF,Y,Y,1.5,1.8,N,N,13.4,85 ,70 ,125 ,125 ,125 ,125 ,125 ,115 ,70,75,80,85,55,65 ,65 ,85 ,100 ,115 ,125 ,115 ,60,75,80,85
S054,M,One non-LoF,Y,Y,1.5,1.8,N,N,13.4,80 ,80 ,75 ,95 ,115 ,125 ,NA,105 ,65,75,75,85,55,60 ,65 ,85 ,105 ,115 ,NA,100 ,60,75,80,85
S054,M,One non-LoF,Y,Y,1.5,1.8,N,N,13.6,60 ,70 ,80 ,95 ,115 ,120 ,125 ,115 ,65,75,80,85,55,60 ,65 ,80 ,105 ,120 ,125 ,115 ,55,75,80,85
S054,M,One non-LoF,Y,Y,1.5,1.8,N,N,13.6,60 ,65 ,70 ,90 ,110 ,115 ,120 ,110 ,60,75,80,85,45,60 ,65 ,80 ,105 ,115 ,125 ,115 ,60,75,80,85
S054,M,One non-LoF,Y,Y,1.5,1.8,N,N,14.5,65 ,65 ,70 ,85 ,110 ,120 ,115 ,95 ,60,75,80,85,80,105 ,105 ,120 ,110 ,125 ,120 ,105 ,65,75,80,85
S055,M,One non-LoF,Y,Y,1.5,1.2,N,N,21.8,NA,70 ,80 ,95 ,85 ,90 ,NA,100 ,70,75,75,80,NA,75 ,85 ,100 ,110 ,115 ,NA,115 ,70,75,80,85
S055,M,One non-LoF,Y,Y,1.5,1.2,N,N,21.8,NA,65 ,75 ,95 ,85 ,100 ,NA,110 ,70,75,75,85,NA,80 ,85 ,95 ,105 ,105 ,NA,115 ,70,75,80,85
S055,M,One non-LoF,Y,Y,1.5,1.2,N,N,21.9,50 ,65 ,75 ,95 ,85 ,100 ,NA,115 ,70,80,75,85,65,70 ,85 ,95 ,95 ,105 ,NA,115 ,70,80,80,85
S055,M,One non-LoF,Y,Y,1.5,1.2,N,N,22.0,60 ,65 ,75 ,95 ,80 ,100 ,NA,110 ,65,75,75,85,65,70 ,85 ,100 ,100 ,110 ,NA,115 ,70,75,80,85
S055,M,One non-LoF,Y,Y,1.5,1.2,N,N,22.1,50 ,65 ,75 ,90 ,85 ,110 ,NA,115 ,65,80,75,85,65,75 ,85 ,100 ,110 ,115 ,NA,115 ,70,80,80,85
S055,M,One non-LoF,Y,Y,1.5,1.2,N,N,22.1,55 ,65 ,75 ,95 ,85 ,110 ,NA,115 ,65,75,80,85,65,75 ,80 ,95 ,105 ,110 ,NA,110 ,70,75,80,85
S055,M,One non-LoF,Y,Y,1.5,1.2,N,N,22.2,55 ,85 ,85 ,90 ,85 ,115 ,NA,115 ,70,75,75,85,70,80 ,85 ,100 ,115 ,115 ,NA,115 ,70,75,80,85
S055,M,One non-LoF,Y,Y,1.5,1.2,N,N,22.7,60 ,70 ,70 ,95 ,80 ,100 ,NA,115 ,60,75,75,85,70,75 ,85 ,100 ,115 ,120 ,NA,115 ,70,75,80,85
S056,M,Two LoF,Y,Y,2,2.1,N,N,12.7,NA,80 ,90 ,100 ,95 ,80 ,100 ,105 ,75,75,75,75,NA,85 ,85 ,90 ,85 ,90 ,NA,100 ,75,75,75,75
S056,M,Two LoF,Y,Y,2,2.1,N,N,12.8,NA,45 ,55 ,70 ,80 ,95 ,NA,110 ,50,70,75,75,NA,75 ,90 ,90 ,95 ,95 ,NA,110 ,75,75,75,75
S056,M,Two LoF,Y,Y,2,2.1,N,N,12.8,NA,35 ,30 ,55 ,65 ,85 ,NA,90 ,30,50,60,75,NA,80 ,95 ,90 ,85 ,80 ,110 ,105 ,75,75,75,75
S056,M,Two LoF,Y,Y,2,2.1,N,N,12.8,NA,20 ,20 ,40 ,55 ,60 ,NA,65 ,20,40,50,60,NA,90 ,95 ,90 ,85 ,80 ,NA,105 ,75,75,75,75
S056,M,Two LoF,Y,Y,2,2.1,N,N,12.8,NA,20 ,20 ,35 ,50 ,60 ,NA,65 ,20,30,50,60,NA,90 ,85 ,80 ,80 ,80 ,NA,105 ,75,75,75,75
S056,M,Two LoF,Y,Y,2,2.1,N,N,12.8,NA,15 ,25 ,35 ,50 ,55 ,NA,55 ,25,30,45,50,NA,85 ,85 ,90 ,85 ,80 ,NA,105 ,75,75,75,75
S056,M,Two LoF,Y,Y,2,2.1,N,N,12.8,NA,35 ,10 ,5 ,15 ,80 ,NA,80 ,10,5,15,75,NA,85 ,80 ,90 ,85 ,80 ,NA,105 ,75,75,75,75
S056,M,Two LoF,Y,Y,2,2.1,N,N,13.0,NA,35 ,70 ,85 ,100 ,105 ,110 ,110 ,65,75,75,75,NA,65 ,85 ,85 ,80 ,75 ,105 ,110 ,75,75,70,65
S056,M,Two LoF,Y,Y,2,2.1,N,N,13.0,NA,30 ,30 ,50 ,70 ,100 ,110 ,110 ,25,45,70,75,NA,65 ,75 ,90 ,80 ,75 ,105 ,105 ,45,75,75,75
S056,M,Two LoF,Y,Y,2,2.1,N,N,13.0,NA,35 ,30 ,45 ,65 ,70 ,80 ,95 ,30,45,60,70,NA,65 ,85 ,80 ,75 ,75 ,NA,105 ,45,75,75,75
S056,M,Two LoF,Y,Y,2,2.1,N,N,13.1,NA,35 ,25 ,35 ,65 ,90 ,NA,110 ,NA,NA,NA,NA,NA,65 ,85 ,95 ,90 ,85 ,NA,105 ,50,75,75,75
S056,M,Two LoF,Y,Y,2,2.1,N,N,13.1,NA,35 ,30 ,40 ,65 ,80 ,NA,100 ,30,35,60,70,NA,65 ,85 ,90 ,85 ,90 ,NA,105 ,50,75,75,75
S056,M,Two LoF,Y,Y,2,2.1,N,N,13.6,NA,30 ,25 ,35 ,65 ,85 ,95 ,110 ,30,35,55,75,NA,75 ,85 ,80 ,85 ,85 ,110 ,110 ,40,75,75,75
S056,M,Two LoF,Y,Y,2,2.1,N,N,13.6,NA,25 ,20 ,40 ,75 ,85 ,NA,100 ,NA,NA,NA,NA,NA,75 ,85 ,95 ,85 ,85 ,115 ,110 ,NA,NA,NA,NA
S056,M,Two LoF,Y,Y,2,2.1,N,N,13.8,NA,30 ,25 ,40 ,75 ,85 ,NA,105 ,NA,NA,NA,NA,NA,80 ,85 ,95 ,85 ,95 ,NA,105 ,NA,NA,NA,NA
S056,M,Two LoF,Y,Y,2,2.1,N,N,13.9,NA,30 ,20 ,50 ,95 ,105 ,NA,110 ,20,45,75,75,NA,85 ,70 ,90 ,80 ,95 ,NA,110 ,50,70,75,75
S056,M,Two LoF,Y,Y,2,2.1,N,N,13.9,NA,30 ,25 ,40 ,75 ,90 ,115 ,110 ,25,35,70,75,NA,60 ,65 ,95 ,85 ,85 ,115 ,110 ,55,75,75,75
S056,M,Two LoF,Y,Y,2,2.1,N,N,13.9,NA,30 ,25 ,40 ,70 ,95 ,NA,105 ,20,35,60,75,NA,60 ,70 ,85 ,80 ,85 ,NA,105 ,50,75,75,75
S056,M,Two LoF,Y,Y,2,2.1,N,N,14.0,NA,35 ,25 ,40 ,75 ,90 ,NA,105 ,25,35,75,75,NA,65 ,80 ,85 ,85 ,85 ,115 ,110 ,40,75,75,75
S056,M,Two LoF,Y,Y,2,2.1,N,N,14.1,NA,35 ,25 ,40 ,75 ,85 ,NA,105 ,25,40,70,75,NA,65 ,70 ,85 ,85 ,95 ,NA,110 ,45,75,75,75
S056,M,Two LoF,Y,Y,2,2.1,N,N,14.6,NA,50 ,80 ,95 ,95 ,95 ,NA,110 ,65,75,85,85,NA,75 ,85 ,90 ,85 ,95 ,NA,95 ,65,75,85,85
S056,M,Two LoF,Y,Y,2,2.1,N,N,14.6,NA,35 ,55 ,80 ,95 ,105 ,NA,105 ,50,70,85,85,NA,65 ,85 ,90 ,85 ,90 ,NA,90 ,75,75,85,85
S056,M,Two LoF,Y,Y,2,2.1,N,N,15.0,NA,35 ,25 ,45 ,85 ,90 ,NA,110 ,15,35,75,80,NA,60 ,80 ,95 ,85 ,100 ,NA,110 ,65,70,80,85
S056,M,Two LoF,Y,Y,2,2.1,N,N,15.2,NA,30 ,35 ,55 ,90 ,95 ,115 ,110 ,25,50,85,85,NA,75 ,80 ,90 ,85 ,95 ,NA,110 ,55,70,75,85
S056,M,Two LoF,Y,Y,2,2.1,N,N,15.8,NA,45 ,55 ,100 ,105 ,115 ,NA,115 ,45,75,75,75,NA,70 ,90 ,95 ,95 ,100 ,NA,115 ,60,75,75,75
S056,M,Two LoF,Y,Y,2,2.1,N,N,15.8,NA,40 ,30 ,50 ,85 ,95 ,NA,100 ,30,40,80,80,NA,70 ,75 ,90 ,85 ,100 ,NA,105 ,35,55,80,80
S056,M,Two LoF,Y,Y,2,2.1,N,N,16.1,NA,40 ,75 ,105 ,105 ,105 ,NA,115 ,65,80,80,80,NA,70 ,85 ,90 ,85 ,95 ,NA,100 ,70,75,80,80
S056,M,Two LoF,Y,Y,2,2.1,N,N,16.1,NA,35 ,30 ,55 ,85 ,100 ,NA,105 ,30,50,80,80,NA,70 ,75 ,90 ,85 ,95 ,NA,105 ,60,75,80,80
S056,M,Two LoF,Y,Y,2,2.1,N,N,16.1,NA,40 ,30 ,55 ,85 ,105 ,NA,115 ,30,45,80,80,NA,70 ,70 ,90 ,85 ,100 ,NA,115 ,60,75,80,80
S056,M,Two LoF,Y,Y,2,2.1,N,N,18.4,NA,35 ,25 ,55 ,85 ,105 ,NA,110 ,25,55,80,85,NA,65 ,90 ,100 ,90 ,100 ,NA,110 ,60,75,80,85
S056,M,Two LoF,Y,Y,2,2.1,N,N,19.2,NA,35 ,75 ,110 ,105 ,115 ,NA,105 ,25,55,80,90,NA,65 ,90 ,95 ,85 ,95 ,NA,110 ,60,75,80,90
S056,M,Two LoF,Y,Y,2,2.1,N,N,19.3,NA,30 ,35 ,70 ,85 ,105 ,NA,110 ,35,55,80,90,NA,55 ,80 ,95 ,90 ,95 ,NA,110 ,35,60,80,90
S056,M,Two LoF,Y,Y,2,2.1,N,N,20.1,NA,40 ,80 ,110 ,110 ,110 ,NA,110 ,60,75,80,90,NA,70 ,85 ,95 ,90 ,95 ,NA,110 ,60,70,80,90
S056,M,Two LoF,Y,Y,2,2.1,N,N,20.1,NA,30 ,40 ,75 ,90 ,105 ,NA,110 ,25,55,80,90,NA,60 ,85 ,95 ,85 ,100 ,NA,110 ,40,60,80,90
S056,M,Two LoF,Y,Y,2,2.1,N,N,20.1,NA,35 ,30 ,70 ,90 ,105 ,NA,110 ,20,60,80,90,NA,60 ,80 ,95 ,85 ,95 ,NA,110 ,50,70,80,90
S056,M,Two LoF,Y,Y,2,2.1,N,N,20.2,NA,55 ,90 ,105 ,105 ,110 ,NA,115 ,65,70,80,90,NA,80 ,85 ,90 ,85 ,100 ,NA,115 ,65,70,80,90
S056,M,Two LoF,Y,Y,2,2.1,N,N,20.2,NA,30 ,35 ,65 ,90 ,110 ,NA,115 ,30,60,80,90,NA,65 ,85 ,90 ,85 ,95 ,NA,115 ,55,65,80,90
S056,M,Two LoF,Y,Y,2,2.1,N,N,21.0,NA,35 ,50 ,75 ,100 ,115 ,NA,115 ,35,65,80,90,NA,65 ,85 ,95 ,90 ,105 ,NA,115 ,60,65,80,90
S056,M,Two LoF,Y,Y,2,2.1,N,N,21.0,NA,35 ,50 ,95 ,105 ,110 ,NA,115 ,30,70,80,90,NA,80 ,85 ,85 ,90 ,100 ,NA,115 ,45,65,80,90
S057,F,One non-LoF,Y,Y,NA,NA,NA,NA,2.7,NA,85 ,90 ,90 ,95 ,100 ,NA,105 ,50,65,75,65,NA,85 ,85 ,85 ,95 ,100 ,NA,105 ,50,75,75,65
S057,F,One non-LoF,Y,Y,NA,NA,NA,NA,5.2,NA,60 ,65 ,65 ,85 ,90 ,NA,95 ,55,60,75,80,NA,60 ,65 ,75 ,80 ,95 ,NA,95 ,60,70,75,80
S057,F,One non-LoF,Y,Y,NA,NA,NA,NA,10.7,55 ,60 ,75 ,95 ,105 ,105 ,NA,105 ,65,75,75,65,75,95 ,115 ,115 ,115 ,115 ,NA,105 ,65,75,75,65
S057,F,One non-LoF,Y,Y,NA,NA,NA,NA,10.7,70 ,75 ,85 ,85 ,100 ,110 ,NA,105 ,65,75,75,65,75,80 ,85 ,100 ,100 ,115 ,NA,105 ,65,75,75,75
S057,F,One non-LoF,Y,Y,NA,NA,NA,NA,10.7,55 ,60 ,70 ,90 ,105 ,105 ,110 ,105 ,65,75,75,65,75,85 ,100 ,105 ,110 ,115 ,110 ,105 ,65,75,75,65
S057,F,One non-LoF,Y,Y,NA,NA,NA,NA,10.8,50 ,60 ,70 ,90 ,105 ,110 ,NA,110 ,65,75,75,65,75,80 ,85 ,105 ,110 ,115 ,NA,105 ,70,75,75,65
S057,F,One non-LoF,Y,Y,NA,NA,NA,NA,16.1,65 ,75 ,80 ,105 ,105 ,105 ,NA,110 ,55,70,80,85,80,95 ,100 ,120 ,115 ,125 ,NA,110 ,75,75,80,85
S057,F,One non-LoF,Y,Y,NA,NA,NA,NA,16.1,65 ,75 ,85 ,105 ,105 ,105 ,NA,110 ,70,75,80,80,75,90 ,100 ,120 ,110 ,120 ,NA,110 ,70,75,80,80
S057,F,One non-LoF,Y,Y,NA,NA,NA,NA,16.8,55 ,70 ,85 ,100 ,105 ,105 ,NA,115 ,70,75,80,85,80,90 ,100 ,105 ,110 ,115 ,NA,115 ,70,75,80,85
S057,F,One non-LoF,Y,Y,NA,NA,NA,NA,18.5,55 ,70 ,85 ,100 ,110 ,110 ,NA,115 ,70,75,80,85,75,85 ,95 ,105 ,110 ,110 ,NA,115 ,70,75,80,85
S057,F,One non-LoF,Y,Y,NA,NA,NA,NA,19.3,50 ,75 ,80 ,95 ,105 ,105 ,NA,105 ,65,70,80,80,85,105 ,110 ,120 ,115 ,120 ,NA,110 ,75,85,85,85
S057,F,One non-LoF,Y,Y,NA,NA,NA,NA,19.3,80 ,80 ,85 ,105 ,110 ,110 ,125 ,115 ,70,75,80,85,75,85 ,90 ,105 ,105 ,115 ,125 ,115 ,70,75,80,85
S057,F,One non-LoF,Y,Y,NA,NA,NA,NA,24.1,65 ,75 ,85 ,105 ,105 ,105 ,120 ,115 ,70,75,80,85,80,105 ,115 ,125 ,110 ,120 ,110 ,110 ,70,75,80,85
S057,F,One non-LoF,Y,Y,NA,NA,NA,NA,24.2,70 ,75 ,85 ,105 ,105 ,110 ,100 ,100 ,70,75,80,85,90,100 ,105 ,125 ,110 ,120 ,110 ,110 ,70,75,80,85
S057,F,One non-LoF,Y,Y,NA,NA,NA,NA,24.2,60 ,70 ,80 ,105 ,105 ,115 ,110 ,110 ,70,75,75,75,75,90 ,105 ,115 ,110 ,120 ,110 ,110 ,70,75,75,75
S058,F,Two LoF,Y,Y,NA,NA,Y,Y,22.0,NA,45 ,50 ,95 ,85 ,110 ,NA,105 ,65,75,75,75,NA,70 ,90 ,115 ,115 ,100 ,NA,110 ,70,80,80,80
S058,F,Two LoF,Y,Y,NA,NA,Y,Y,39.9,NA,50 ,60 ,90 ,95 ,110 ,NA,110 ,50,80,85,90,NA,80 ,90 ,105 ,120 ,120 ,NA,110 ,70,80,85,90
S058,F,Two LoF,Y,Y,NA,NA,Y,Y,39.9,NA,65 ,60 ,90 ,90 ,100 ,NA,110 ,50,80,85,90,NA,80 ,90 ,95 ,115 ,115 ,NA,110 ,80,85,85,90
S058,F,Two LoF,Y,Y,NA,NA,Y,Y,39.9,NA,50 ,50 ,80 ,85 ,95 ,NA,110 ,50,85,85,90,NA,115 ,105 ,95 ,110 ,110 ,NA,110 ,80,85,85,90
S058,F,Two LoF,Y,Y,NA,NA,Y,Y,40.8,NA,55 ,85 ,110 ,120 ,125 ,NA,105 ,65,80,85,85,NA,80 ,100 ,110 ,115 ,125 ,NA,105 ,70,80,85,85
S058,F,Two LoF,Y,Y,NA,NA,Y,Y,40.8,NA,85 ,95 ,105 ,115 ,120 ,NA,105 ,70,80,85,85,NA,95 ,100 ,110 ,115 ,125 ,NA,105 ,70,80,85,85
S058,F,Two LoF,Y,Y,NA,NA,Y,Y,40.9,NA,75 ,95 ,105 ,115 ,120 ,NA,105 ,70,80,85,85,NA,95 ,100 ,110 ,115 ,125 ,NA,105 ,70,80,85,85
S059,M,One non-LoF,Y,Y,2.1,2,Y,Y,3.4,NA,75 ,75 ,80 ,105 ,115 ,NA,NA,NA,NA,NA,NA,NA,75 ,75 ,85 ,100 ,115 ,NA,NA,NA,NA,NA,NA
S059,M,One non-LoF,Y,Y,2.1,2,Y,Y,3.8,NA,75 ,75 ,85 ,100 ,115 ,NA,NA,NA,NA,NA,NA,NA,65 ,65 ,75 ,95 ,110 ,NA,NA,NA,NA,NA,NA
S059,M,One non-LoF,Y,Y,2.1,2,Y,Y,4.2,85 ,90 ,85 ,95 ,115 ,120 ,NA,110 ,70,75,75,75,70,70 ,70 ,70 ,105 ,120 ,NA,110 ,65,65,75,75
S059,M,One non-LoF,Y,Y,2.1,2,Y,Y,4.2,50 ,70 ,75 ,90 ,105 ,120 ,NA,110 ,65,75,80,80,70,70 ,60 ,65 ,100 ,120 ,NA,110 ,55,60,85,85
S059,M,One non-LoF,Y,Y,2.1,2,Y,Y,5.6,NA,65 ,70 ,85 ,110 ,110 ,NA,115 ,60,65,80,85,NA,50 ,55 ,70 ,100 ,110 ,NA,115 ,55,65,80,85
S059,M,One non-LoF,Y,Y,2.1,2,Y,Y,5.9,NA,50 ,60 ,75 ,80 ,100 ,NA,105 ,55,65,75,85,NA,50 ,65 ,75 ,95 ,115 ,NA,105 ,55,70,80,85
S059,M,One non-LoF,Y,Y,2.1,2,Y,Y,5.9,50 ,50 ,55 ,60 ,65 ,100 ,NA,110 ,45,55,55,85,50,45 ,55 ,65 ,60 ,100 ,NA,105 ,45,55,55,85
S059,M,One non-LoF,Y,Y,2.1,2,Y,Y,6.2,NA,45 ,55 ,60 ,65 ,100 ,NA,110 ,45,50,55,85,NA,45 ,55 ,60 ,60 ,100 ,NA,105 ,45,50,55,85
S059,M,One non-LoF,Y,Y,2.1,2,Y,Y,6.6,NA,50 ,55 ,60 ,65 ,100 ,NA,110 ,45,50,55,85,NA,45 ,55 ,60 ,60 ,100 ,NA,105 ,45,50,55,85
S059,M,One non-LoF,Y,Y,2.1,2,Y,Y,6.9,NA,50 ,55 ,75 ,100 ,110 ,NA,115 ,45,65,80,85,NA,35 ,55 ,65 ,105 ,110 ,NA,105 ,45,65,80,85
S059,M,One non-LoF,Y,Y,2.1,2,Y,Y,7.4,NA,70 ,90 ,110 ,110 ,125 ,120 ,110 ,70,75,80,85,NA,40 ,45 ,70 ,115 ,120 ,115 ,105 ,55,65,80,85
S059,M,One non-LoF,Y,Y,2.1,2,Y,Y,7.5,65 ,85 ,95 ,110 ,120 ,125 ,115 ,115 ,70,75,80,85,45,40 ,50 ,65 ,110 ,120 ,110 ,100 ,45,60,80,85
S059,M,One non-LoF,Y,Y,2.1,2,Y,Y,7.5,65 ,75 ,90 ,110 ,120 ,120 ,120 ,110 ,70,75,80,85,40,40 ,50 ,65 ,105 ,115 ,120 ,115 ,45,60,80,85
S059,M,One non-LoF,Y,Y,2.1,2,Y,Y,7.7,60 ,70 ,90 ,105 ,115 ,115 ,NA,115 ,70,75,80,85,40,40 ,55 ,70 ,115 ,115 ,NA,110 ,45,60,75,80
S059,M,One non-LoF,Y,Y,2.1,2,Y,Y,8.0,75 ,80 ,90 ,105 ,120 ,120 ,NA,110 ,NA,NA,NA,NA,50,45 ,50 ,60 ,110 ,120 ,NA,105 ,NA,NA,NA,NA
S059,M,One non-LoF,Y,Y,2.1,2,Y,Y,8.4,60 ,70 ,80 ,100 ,115 ,120 ,120 ,115 ,70,75,80,85,50,45 ,50 ,65 ,110 ,120 ,120 ,115 ,45,60,80,85
S059,M,One non-LoF,Y,Y,2.1,2,Y,Y,8.9,55 ,45 ,50 ,60 ,105 ,120 ,NA,110 ,70,75,80,85,55,45 ,50 ,60 ,105 ,110 ,NA,100 ,40,55,80,85
S059,M,One non-LoF,Y,Y,2.1,2,Y,Y,9.3,70 ,85 ,95 ,105 ,115 ,115 ,115 ,105 ,70,75,80,85,65,60 ,50 ,60 ,90 ,110 ,110 ,90 ,45,50,80,85
S059,M,One non-LoF,Y,Y,2.1,2,Y,Y,9.9,NA,95 ,100 ,115 ,115 ,120 ,115 ,115 ,70,75,80,85,NA,50 ,50 ,65 ,115 ,125 ,115 ,95 ,45,55,80,85
S059,M,One non-LoF,Y,Y,2.1,2,Y,Y,10.3,50 ,70 ,85 ,95 ,100 ,105 ,105 ,110 ,70,75,80,85,40,45 ,50 ,60 ,90 ,110 ,95 ,100 ,40,50,80,85
S059,M,One non-LoF,Y,Y,2.1,2,Y,Y,10.8,50 ,65 ,85 ,95 ,95 ,110 ,110 ,110 ,70,75,80,85,50,45 ,50 ,100 ,90 ,110 ,110 ,110 ,45,50,80,85
S059,M,One non-LoF,Y,Y,2.1,2,Y,Y,11.2,55 ,70 ,90 ,100 ,100 ,115 ,115 ,115 ,75,70,80,85,45,50 ,50 ,65 ,100 ,125 ,115 ,115 ,70,75,80,85
S059,M,One non-LoF,Y,Y,2.1,2,Y,Y,11.7,55 ,70 ,90 ,100 ,100 ,115 ,115 ,115 ,70,75,80,85,45,50 ,50 ,65 ,100 ,125 ,115 ,115 ,50,65,80,85
S059,M,One non-LoF,Y,Y,2.1,2,Y,Y,12.0,75 ,85 ,90 ,120 ,120 ,125 ,115 ,110 ,70,75,80,85,50,45 ,55 ,65 ,110 ,120 ,115 ,110 ,50,60,80,85
S059,M,One non-LoF,Y,Y,2.1,2,Y,Y,12.5,75 ,85 ,90 ,105 ,125 ,125 ,110 ,105 ,70,75,80,85,55,55 ,55 ,65 ,110 ,125 ,120 ,115 ,50,60,80,80
S059,M,One non-LoF,Y,Y,2.1,2,Y,Y,12.9,75 ,85 ,90 ,105 ,125 ,120 ,115 ,110 ,70,75,80,85,60,55 ,55 ,65 ,105 ,105 ,115 ,110 ,50,60,80,85
S059,M,One non-LoF,Y,Y,2.1,2,Y,Y,13.4,90 ,95 ,85 ,105 ,105 ,110 ,115 ,115 ,70,75,80,85,55,55 ,55 ,65 ,105 ,110 ,115 ,115 ,45,55,80,85
S059,M,One non-LoF,Y,Y,2.1,2,Y,Y,14.0,70 ,80 ,95 ,110 ,105 ,110 ,115 ,110 ,70,75,80,85,45,50 ,55 ,80 ,105 ,115 ,105 ,105 ,50,60,80,85
S059,M,One non-LoF,Y,Y,2.1,2,Y,Y,14.4,70 ,80 ,90 ,110 ,110 ,115 ,NA,115 ,70,75,75,75,60,55 ,55 ,70 ,110 ,115 ,NA,115 ,55,65,75,75
S059,M,One non-LoF,Y,Y,2.1,2,Y,Y,14.9,65 ,85 ,95 ,110 ,100 ,105 ,NA,95 ,70,75,80,80,55,50 ,50 ,65 ,100 ,115 ,NA,105 ,40,60,80,80
S059,M,One non-LoF,Y,Y,2.1,2,Y,Y,15.4,45 ,50 ,55 ,65 ,105 ,110 ,105 ,105 ,70,75,80,80,45,50 ,55 ,65 ,105 ,110 ,105 ,105 ,45,55,80,80
S059,M,One non-LoF,Y,Y,2.1,2,Y,Y,15.8,55 ,80 ,90 ,105 ,105 ,110 ,115 ,110 ,80,85,85,90,55,55 ,50 ,65 ,105 ,105 ,115 ,105 ,45,60,85,90
S059,M,One non-LoF,Y,Y,2.1,2,Y,Y,16.7,55 ,90 ,95 ,105 ,100 ,110 ,NA,110 ,80,80,85,85,50,45 ,50 ,65 ,100 ,110 ,NA,105 ,45,55,85,85
S059,M,One non-LoF,Y,Y,2.1,2,Y,Y,17.2,50 ,85 ,90 ,105 ,100 ,110 ,NA,110 ,80,80,85,85,45,45 ,55 ,70 ,105 ,105 ,NA,105 ,45,65,85,85
S059,M,One non-LoF,Y,Y,2.1,2,Y,Y,17.7,50 ,85 ,95 ,110 ,100 ,115 ,NA,110 ,80,80,85,85,50,45 ,50 ,65 ,105 ,115 ,NA,105 ,45,60,85,85
S059,M,One non-LoF,Y,Y,2.1,2,Y,Y,18.2,55 ,85 ,95 ,105 ,100 ,115 ,120 ,110 ,70,75,80,85,45,45 ,50 ,65 ,115 ,115 ,115 ,110 ,40,55,80,85
S059,M,One non-LoF,Y,Y,2.1,2,Y,Y,18.6,55 ,85 ,100 ,110 ,100 ,115 ,120 ,115 ,70,75,80,85,45,45 ,50 ,65 ,110 ,115 ,95 ,115 ,45,55,80,90
S059,M,One non-LoF,Y,Y,2.1,2,Y,Y,19.0,65 ,50 ,105 ,120 ,110 ,125 ,120 ,115 ,65,75,80,85,65,75 ,90 ,105 ,115 ,120 ,105 ,110 ,70,75,80,90
S059,M,One non-LoF,Y,Y,2.1,2,Y,Y,19.1,60 ,85 ,95 ,110 ,110 ,120 ,115 ,105 ,75,75,85,90,60,75 ,90 ,105 ,110 ,120 ,110 ,105 ,75,75,85,90
S059,M,One non-LoF,Y,Y,2.1,2,Y,Y,19.1,60 ,80 ,95 ,110 ,105 ,115 ,120 ,110 ,75,75,85,90,60,75 ,95 ,115 ,115 ,115 ,110 ,105 ,75,75,85,90
S059,M,One non-LoF,Y,Y,2.1,2,Y,Y,19.1,60 ,85 ,90 ,105 ,105 ,115 ,120 ,110 ,75,75,85,90,65,75 ,95 ,105 ,115 ,125 ,115 ,105 ,75,75,85,90
S059,M,One non-LoF,Y,Y,2.1,2,Y,Y,19.1,55 ,75 ,90 ,105 ,105 ,110 ,120 ,115 ,70,70,85,90,65,70 ,80 ,90 ,110 ,115 ,115 ,105 ,75,75,85,90
S059,M,One non-LoF,Y,Y,2.1,2,Y,Y,19.2,65 ,85 ,95 ,110 ,105 ,120 ,115 ,110 ,80,75,85,85,55,65 ,70 ,80 ,115 ,125 ,120 ,110 ,65,75,85,90
S059,M,One non-LoF,Y,Y,2.1,2,Y,Y,19.2,60 ,75 ,100 ,110 ,110 ,125 ,120 ,115 ,80,75,85,90,65,70 ,65 ,80 ,110 ,125 ,115 ,105 ,65,75,85,90
S059,M,One non-LoF,Y,Y,2.1,2,Y,Y,19.3,55 ,75 ,90 ,110 ,100 ,115 ,115 ,110 ,70,75,85,90,65,75 ,95 ,110 ,115 ,125 ,120 ,110 ,70,75,85,90
S059,M,One non-LoF,Y,Y,2.1,2,Y,Y,19.5,55 ,75 ,90 ,105 ,100 ,115 ,115 ,110 ,70,75,85,90,60,75 ,90 ,105 ,110 ,125 ,120 ,110 ,70,75,85,90
S059,M,One non-LoF,Y,Y,2.1,2,Y,Y,19.6,55 ,75 ,95 ,110 ,105 ,115 ,115 ,110 ,NA,NA,NA,NA,65,70 ,95 ,105 ,110 ,125 ,NA,110 ,NA,NA,NA,NA
S059,M,One non-LoF,Y,Y,2.1,2,Y,Y,20.6,60 ,75 ,95 ,110 ,110 ,125 ,110 ,105 ,65,70,85,85,65,70 ,90 ,110 ,110 ,120 ,110 ,105 ,65,70,85,85
S059,M,One non-LoF,Y,Y,2.1,2,Y,Y,21.5,65 ,75 ,90 ,105 ,110 ,120 ,115 ,110 ,65,75,85,85,65,70 ,90 ,110 ,110 ,125 ,115 ,110 ,65,75,85,85
S059,M,One non-LoF,Y,Y,2.1,2,Y,Y,22.0,65 ,80 ,90 ,105 ,110 ,115 ,115 ,110 ,70,80,85,85,80,80 ,90 ,105 ,100 ,125 ,115 ,110 ,70,80,85,85
S059,M,One non-LoF,Y,Y,2.1,2,Y,Y,22.5,75 ,85 ,90 ,105 ,105 ,115 ,115 ,110 ,70,80,85,85,75,80 ,90 ,105 ,110 ,120 ,110 ,105 ,70,80,85,85
S060,M,Two LoF,Y,Y,1.7,2.1,Y,Y,15.5,85 ,95 ,110 ,125 ,125 ,115 ,NA,115 ,70,75,80,85,75,90 ,105 ,115 ,105 ,120 ,NA,110 ,65,75,80,85
S061,F,One non-LoF,Y,Y,2.9,2.9,N,N,7.9,30 ,20 ,15 ,35 ,75 ,70 ,NA,70 ,0,20,70,65,45,45 ,60 ,70 ,85 ,80 ,NA,80 ,35,60,75,65
S061,F,One non-LoF,Y,Y,2.9,2.9,N,N,18.8,65 ,80 ,80 ,90 ,110 ,115 ,NA,105 ,70,75,75,65,75,80 ,80 ,90 ,105 ,95 ,NA,105 ,70,75,75,65
S061,F,One non-LoF,Y,Y,2.9,2.9,N,N,18.9,40 ,40 ,45 ,70 ,105 ,115 ,115 ,105 ,40,65,75,65,45,65 ,75 ,80 ,95 ,85 ,NA,105 ,65,70,75,65
S061,F,One non-LoF,Y,Y,2.9,2.9,N,N,18.9,35 ,30 ,25 ,50 ,75 ,80 ,NA,70 ,25,45,65,65,55,70 ,75 ,75 ,95 ,85 ,NA,95 ,65,65,75,65
S061,F,One non-LoF,Y,Y,2.9,2.9,N,N,19.0,35 ,30 ,25 ,50 ,80 ,80 ,NA,85 ,15,40,75,65,55,65 ,65 ,75 ,75 ,65 ,NA,115 ,55,65,75,65
S061,F,One non-LoF,Y,Y,2.9,2.9,N,N,20.7,45 ,40 ,35 ,65 ,85 ,90 ,NA,80 ,30,60,75,75,55,65 ,75 ,105 ,115 ,125 ,NA,115 ,65,75,75,75
S061,F,One non-LoF,Y,Y,2.9,2.9,N,N,20.7,60 ,70 ,85 ,100 ,105 ,120 ,NA,110 ,70,75,80,85,60,75 ,80 ,80 ,105 ,105 ,NA,110 ,70,75,80,85
S061,F,One non-LoF,Y,Y,2.9,2.9,N,N,24.3,65 ,80 ,95 ,105 ,110 ,120 ,NA,115 ,70,75,85,85,50,70 ,90 ,110 ,115 ,125 ,NA,115 ,70,75,85,85
S062,F,One non-LoF,NA,NA,NA,NA,NA,NA,10.2,65 ,55 ,45 ,15 ,50 ,80 ,NA,85 ,35,10,35,75,70,60 ,55 ,NA,55 ,80 ,NA,75 ,35,30,35,75
S063,M,Two LoF,Y,Y,2.2,2,Y,Y,17.2,55 ,65 ,75 ,80 ,100 ,110 ,120 ,110 ,45,70,85,90,55,65,75,85,105,110,110,105,50,75,85,90
S063,M,Two LoF,Y,Y,2.2,2,Y,Y,17.3,60 ,65 ,70 ,85 ,100 ,110 ,115 ,110 ,45,65,85,90,60,65,70,85,100,110,120,110,45,65,85,90
S063,M,Two LoF,Y,Y,2.2,2,Y,Y,17.8,65 ,65 ,65 ,75 ,95 ,110 ,115 ,110 ,45,75,85,85,80,100,100,110,110,120,110,110,65,80,85,85
S063,M,Two LoF,Y,Y,2.2,2,Y,Y,17.9,60 ,60 ,60 ,75 ,100 ,115 ,115 ,110 ,NA,NA,NA,NA,70,95,95,100,105,110,115,110,NA,NA,NA,NA
S063,M,Two LoF,Y,Y,2.2,2,Y,Y,18.8,60 ,60 ,65 ,75 ,100 ,105 ,115 ,110 ,45,75,85,NA,65,80,95,100,110,110,115,110,65,80,85,85
S063,M,Two LoF,Y,Y,2.2,2,Y,Y,19.1,55 ,60 ,70 ,80 ,95 ,115 ,NA,110 ,45,70,85,85,65,80,95,100,110,110,NA,110,65,80,85,85
S063,M,Two LoF,Y,Y,2.2,2,Y,Y,19.6,65 ,70 ,70 ,75 ,95 ,115 ,115 ,110 ,30,55,75,85,75,90,95,100,115,110,115,110,60,70,85,85
S063,M,Two LoF,Y,Y,2.2,2,Y,Y,20.1,65 ,65 ,75 ,80 ,95 ,110 ,115 ,100 ,50,60,85,85,75,85,95,100,110,105,110,100,60,70,85,85
S063,M,Two LoF,Y,Y,2.2,2,Y,Y,20.7,60 ,60 ,70 ,80 ,95 ,110 ,115 ,110 ,50,60,80,75,70,80,95,100,110,115,115,110,60,70,80,75
S064,F,One non-LoF,Y,Y,1.3,1.3,Y,Y,1.8,NA,60 ,70 ,70 ,65 ,80 ,100 ,NA,NA,NA,NA,NA,NA,60,70,70,65,80,100,NA,NA,NA,NA,NA
S064,F,One non-LoF,Y,Y,1.3,1.3,Y,Y,2.1,NA,65 ,70 ,70 ,70 ,85 ,NA,NA,NA,NA,NA,NA,NA,65,70,70,70,85,NA,NA,NA,NA,NA,NA
S065,F,Two LoF,Y,Y,1.3,2,Y,Y,27.8,85 ,95 ,105 ,115 ,125 ,125 ,NA,115 ,70,75,80,85,80,75,80,90,95,110,NA,115,65,75,80,85
S065,F,Two LoF,Y,Y,1.3,2,Y,Y,27.9,95 ,100 ,105 ,110 ,115 ,120 ,NA,115 ,70,75,80,85,90,80,80,90,95,110,NA,115,70,75,80,85
S065,F,Two LoF,Y,Y,1.3,2,Y,Y,28.3,75 ,80 ,80 ,90 ,100 ,120 ,NA,115 ,70,75,80,85,90,95,105,120,120,120,NA,115,70,75,80,85
S065,F,Two LoF,Y,Y,1.3,2,Y,Y,28.3,80 ,85 ,75 ,90 ,100 ,120 ,NA,110 ,NA,NA,NA,NA,80,85,105,120,120,120,NA,110,NA,NA,NA,NA
S065,F,Two LoF,Y,Y,1.3,2,Y,Y,28.3,80 ,80 ,75 ,95 ,95 ,125 ,NA,110 ,NA,NA,NA,NA,80,95,120,125,125,125,NA,110,NA,NA,NA,NA
S065,F,Two LoF,Y,Y,1.3,2,Y,Y,28.4,75 ,80 ,80 ,90 ,100 ,120 ,NA,110 ,70,75,80,85,85,95,100,120,115,120,NA,110,70,75,80,85
S066,F,One non-LoF,NA,NA,NA,NA,NA,NA,15.6,75 ,85 ,105 ,110 ,105 ,80 ,NA,85 ,65,70,75,65,75,80,80,85,100,95,NA,90,45,60,75,65
S066,F,One non-LoF,NA,NA,NA,NA,NA,NA,17.0,75 ,85 ,110 ,110 ,105 ,90 ,NA,85 ,60,70,75,65,65,75,80,85,90,90,NA,75,45,70,70,65
S066,F,One non-LoF,NA,NA,NA,NA,NA,NA,18.3,65 ,80 ,110 ,110 ,105 ,90 ,NA,85 ,65,65,80,80,65,70,75,80,80,75,NA,75,45,50,65,70
S066,F,One non-LoF,NA,NA,NA,NA,NA,NA,19.0,65 ,80 ,110 ,110 ,105 ,95 ,NA,95 ,50,70,75,85,60,65,75,80,85,85,NA,90,35,60,75,75
S066,F,One non-LoF,NA,NA,NA,NA,NA,NA,20.6,80 ,80 ,105 ,115 ,105 ,85 ,90 ,85 ,70,75,80,80,60,65,75,80,90,90,90,75,50,65,75,80
S066,F,One non-LoF,NA,NA,NA,NA,NA,NA,22.1,65 ,80 ,105 ,110 ,105 ,100 ,90 ,80 ,70,75,80,85,55,65,75,85,90,90,NA,95,65,75,80,85
S066,F,One non-LoF,NA,NA,NA,NA,NA,NA,22.6,65 ,80 ,105 ,110 ,105 ,95 ,90 ,85 ,70,75,80,85,60,70,75,85,90,90,90,90,65,70,75,80
S067,M,Two LoF,Y,Y,1.5,1.7,N,N,12.0,NA,80 ,95 ,115 ,125 ,125 ,NA,115 ,70,80,80,80,NA,80,100,100,115,115,NA,110,70,75,75,75
S067,M,Two LoF,Y,Y,1.5,1.7,N,N,12.5,NA,75 ,90 ,125 ,125 ,120 ,NA,110 ,75,75,75,75,NA,45,60,70,80,75,60,55,50,70,75,60
S067,M,Two LoF,Y,Y,1.5,1.7,N,N,12.7,NA,75 ,95 ,125 ,125 ,120 ,NA,110 ,75,75,75,75,NA,45,60,70,80,70,NA,55,50,65,70,60
S067,M,Two LoF,Y,Y,1.5,1.7,N,N,14.8,50 ,70 ,95 ,125 ,125 ,125 ,125 ,115 ,70,75,80,85,75,90,100,105,125,125,125,115,70,75,80,85
S068,F,One non-LoF,N,N,0.6,0.7,N,N,2.2,NA,NA,70 ,90 ,95 ,95 ,NA,NA,NA,NA,NA,NA,NA,NA,65 ,90 ,95 ,95 ,NA,NA,NA,NA,NA,NA
S068,F,One non-LoF,N,N,0.6,0.7,N,N,2.7,NA,55 ,65 ,75 ,90 ,90 ,NA,NA,NA,NA,NA,NA,NA,55 ,65 ,75 ,90 ,90 ,NA,NA,NA,NA,NA,NA
S068,F,One non-LoF,N,N,0.6,0.7,N,N,3.2,NA,55 ,65 ,70 ,70 ,95 ,NA,NA,NA,NA,NA,NA,NA,55 ,65 ,70 ,70 ,95 ,NA,NA,NA,NA,NA,NA
S068,F,One non-LoF,N,N,0.6,0.7,N,N,3.4,NA,75 ,70 ,75 ,80 ,90 ,NA,95 ,NA,NA,NA,NA,NA,75 ,75 ,85 ,90 ,90 ,NA,95 ,NA,NA,NA,NA
S068,F,One non-LoF,N,N,0.6,0.7,N,N,3.7,NA,65 ,75 ,85 ,90 ,90 ,NA,95 ,NA,NA,NA,NA,NA,65 ,75 ,85 ,90 ,90 ,NA,95 ,NA,NA,NA,NA
S068,F,One non-LoF,N,N,0.6,0.7,N,N,4.5,NA,65 ,80 ,90 ,95 ,80 ,NA,90 ,NA,NA,NA,NA,NA,65 ,80 ,90 ,95 ,80 ,NA,90 ,NA,NA,NA,NA
S068,F,One non-LoF,N,N,0.6,0.7,N,N,6.1,NA,65 ,80 ,85 ,90 ,95 ,NA,110 ,70,75,80,80,NA,65 ,80 ,90 ,100 ,120 ,NA,110 ,70,75,80,80
S069,F,One non-LoF,NA,NA,NA,NA,NA,NA,20.7,35 ,45 ,55 ,85 ,105 ,115 ,NA,105 ,50,75,80,85,40,50 ,65 ,90 ,105 ,110 ,NA,115 ,60,75,80,85
S069,F,One non-LoF,NA,NA,NA,NA,NA,NA,22.5,40 ,45 ,55 ,80 ,105 ,115 ,115 ,115 ,50,80,75,85,40,50 ,65 ,90 ,105 ,125 ,NA,125 ,60,75,80,85
S070,M,Two LoF,Y,Y,1.2,1.1,N,N,19.6,70 ,90 ,110 ,115 ,115 ,115 ,NA,115 ,70,75,80,85,65,65 ,60 ,75 ,95 ,85 ,NA,85 ,55,70,80,80
S071,M,One non-LoF,Y,Y,2.2,1.9,Y,Y,2.9,NA,75 ,85 ,80 ,85 ,85 ,NA,95 ,70,70,80,80,NA,60 ,70 ,80 ,100 ,125 ,NA,115 ,65,70,80,85
S072,F,One non-LoF,NA,NA,NA,NA,NA,NA,0.4,NA,40 ,40 ,40 ,45 ,45 ,60 ,NA,NA,NA,NA,NA,NA,40 ,40 ,40 ,45 ,45 ,60 ,NA,NA,NA,NA,NA
S073,M,One non-LoF,Y,Y,NA,NA,NA,NA,2.4,NA,45 ,55 ,75 ,90 ,NA,NA,NA,NA,NA,NA,NA,NA,45 ,55 ,75 ,90 ,NA,NA,NA,NA,NA,NA,NA
S074,M,Two LoF,Y,Y,1,1.3,Y,Y,24.2,45 ,40 ,50 ,60 ,60 ,65 ,NA,65 ,40,60,60,60,95,115 ,125 ,125 ,125 ,125 ,NA,115 ,70,75,80,85
S074,M,Two LoF,Y,Y,1,1.3,Y,Y,24.2,40 ,35 ,50 ,60 ,60 ,85 ,80 ,75 ,40,55,50,55,65,70 ,70 ,70 ,60 ,70 ,80 ,85 ,65,60,55,65
S074,M,Two LoF,Y,Y,1,1.3,Y,Y,31.1,55 ,55 ,70 ,80 ,80 ,110 ,NA,115 ,60,70,70,80,55,60 ,60 ,65 ,60 ,80 ,NA,50 ,50,40,60,70
S074,M,Two LoF,Y,Y,1,1.3,Y,Y,31.2,90 ,110 ,120 ,125 ,125 ,125 ,115 ,110 ,70,75,75,75,50,55 ,60 ,55 ,55 ,65 ,75 ,75 ,50,50,50,50
S074,M,Two LoF,Y,Y,1,1.3,Y,Y,31.2,90 ,110 ,120 ,125 ,125 ,125 ,115 ,110 ,70,75,75,80,45,60 ,65 ,65 ,55 ,70 ,NA,75 ,55,55,50,60
S074,M,Two LoF,Y,Y,1,1.3,Y,Y,31.3,85 ,110 ,120 ,120 ,120 ,115 ,100 ,105 ,70,75,75,80,50,60 ,65 ,60 ,55 ,55 ,70 ,70 ,55,50,50,70
S074,M,Two LoF,Y,Y,1,1.3,Y,Y,31.3,55 ,55 ,65 ,70 ,60 ,75 ,100 ,105 ,55,65,55,65,45,55 ,65 ,60 ,60 ,65 ,NA,80 ,55,50,55,65
S074,M,Two LoF,Y,Y,1,1.3,Y,Y,31.5,50 ,55 ,65 ,65 ,55 ,70 ,85 ,100 ,55,60,50,65,55,60 ,65 ,65 ,60 ,75 ,NA,85 ,55,60,50,65
S074,M,Two LoF,Y,Y,1,1.3,Y,Y,35.9,55 ,50 ,60 ,65 ,60 ,70 ,NA,85 ,35,40,50,70,55,60 ,65 ,65 ,60 ,80 ,NA,90 ,35,40,50,80
S074,M,Two LoF,Y,Y,1,1.3,Y,Y,35.9,60 ,50 ,60 ,60 ,60 ,70 ,NA,90 ,35,40,50,70,55,55 ,65 ,60 ,60 ,70 ,NA,95 ,35,35,45,70
S074,M,Two LoF,Y,Y,1,1.3,Y,Y,35.9,60 ,50 ,60 ,60 ,60 ,70 ,NA,90 ,35,40,50,70,55,55 ,65 ,60 ,60 ,70 ,NA,95 ,35,35,45,70
S075,M,Two LoF,NA,NA,NA,NA,NA,NA,3.3,NA,60,60,60,55,65,NA,NA,NA,NA,NA,NA,NA,60,60,60,55,65,NA,NA,NA,NA,NA,NA
S076,M,One non-LoF,Y,Y,NA,NA,N,N,1.0,NA,65,65,70,60,60,NA,NA,NA,NA,NA,NA,NA,60,60,65,60,60,NA,NA,NA,NA,NA,NA
S077,M,Two LoF,Y,Y,NA,NA,NA,NA,5.3,NA,50,65,70,80,85,NA,85,NA,NA,NA,NA,NA,45,50,50,60,65,NA,75,NA,NA,NA,NA
S078,M,Two LoF,Y,Y,2.5,2.7,Y,Y,32.5,65,75,85,110,120,125,NA,115,70,75,80,85,75,95,100,115,115,125,NA,115,70,75,80,85
S079,F,Two LoF,NA,NA,NA,NA,NA,NA,54.7,80,90,95,90,120,125,125,125,70,75,80,85,80,90,90,85,80,125,125,125,70,75,75,85
S080,M,Two LoF,Y,Y,2.3,2.4,Y,Y,3.0,NA,80,90,95,90,90,NA,NA,NA,NA,NA,NA,NA,80,85,85,90,90,NA,NA,NA,NA,NA,NA
S080,M,Two LoF,Y,Y,2.3,2.4,Y,Y,17.2,80,80,90,95,100,115,115,100,65,70,90,85,95,95,95,100,110,115,110,100,65,70,90,85
S080,M,Two LoF,Y,Y,2.3,2.4,Y,Y,17.4,70,90,95,100,105,120,115,110,75,80,90,85,85,90,100,100,110,120,115,110,75,75,90,85
S080,M,Two LoF,Y,Y,2.3,2.4,Y,Y,17.5,70,90,90,95,105,110,110,100,65,70,80,75,90,90,95,100,110,115,110,100,65,70,80,75
S080,M,Two LoF,Y,Y,2.3,2.4,Y,Y,17.7,80,90,95,90,105,110,110,100,60,70,75,70,85,90,95,100,110,115,110,100,60,70,75,70
S081,M,Two LoF,Y,Y,1.2,1.1,N,N,34.1,60,60,75,100,95,75,80,105,55,80,85,70,75,70,75,100,120,120,NA,110,55,80,85,90
S082,M,Two LoF,Y,Y,1.6,1.8,N,N,1.6,NA,NA,110,110,110,110,NA,NA,NA,NA,NA,NA,NA,NA,110,110,110,110,NA,NA,NA,NA,NA,NA
S082,M,Two LoF,Y,Y,1.6,1.8,N,N,1.9,NA,NA,95,95,90,100,NA,NA,NA,NA,NA,NA,NA,NA,95,95,90,100,NA,NA,NA,NA,NA,NA
S083,F,Two LoF,Y,Y,1.3,1.8,Y,Y,0.3,NA,NA,55,70,80,80,NA,NA,NA,NA,NA,NA,NA,NA,85,85,90,90,NA,NA,NA,NA,NA,NA
S083,F,Two LoF,Y,Y,1.3,1.8,Y,Y,1.0,NA,80,75,80,75,75,NA,NA,NA,NA,NA,NA,NA,80,75,80,75,75,NA,NA,NA,NA,NA,NA
S083,F,Two LoF,Y,Y,1.3,1.8,Y,Y,1.2,NA,70,75,80,85,85,NA,NA,NA,NA,NA,NA,NA,70,75,80,85,85,NA,NA,NA,NA,NA,NA
S083,F,Two LoF,Y,Y,1.3,1.8,Y,Y,5.4,NA,70,70,80,95,95,NA,NA,NA,NA,NA,NA,NA,70,70,80,95,95,NA,NA,NA,NA,NA,NA
S083,F,Two LoF,Y,Y,1.3,1.8,Y,Y,6.2,NA,95,90,85,115,115,110,105,60,60,80,85,NA,105,110,115,110,100,100,95,60,70,80,85
S083,F,Two LoF,Y,Y,1.3,1.8,Y,Y,9.8,NA,80,90,80,105,110,115,110,55,60,80,85,NA,80,95,105,115,115,110,105,55,60,80,85
S083,F,Two LoF,Y,Y,1.3,1.8,Y,Y,11.7,NA,80,95,85,85,110,110,110,50,60,85,85,NA,85,100,110,115,110,115,110,50,60,85,85
S083,F,Two LoF,Y,Y,1.3,1.8,Y,Y,13.7,75,85,85,90,110,115,110,110,35,55,85,85,85,100,110,115,110,125,115,110,35,55,85,85
S084,M,One non-LoF,Y,Y,1.3,1.6,N,N,18.3,85,85,85,95,100,120,125,115,70,75,80,NA,70,65,90,110,105,120,125,115,70,75,80,85
S084,M,One non-LoF,Y,Y,1.3,1.6,N,N,18.3,75,75,80,100,110,125,125,105,70,75,80,85,60,50,70,80,100,85,120,115,70,75,80,85
S084,M,One non-LoF,Y,Y,1.3,1.6,N,N,18.3,70,80,85,110,115,115,NA,115,65,70,80,85,60,55,75,85,105,90,NA,115,65,70,80,85
S084,M,One non-LoF,Y,Y,1.3,1.6,N,N,18.4,75,75,80,100,110,120,125,115,70,75,80,85,50,50,70,80,95,95,125,115,55,70,80,85
S084,M,One non-LoF,Y,Y,1.3,1.6,N,N,18.5,75,75,80,105,110,120,125,115,55,70,80,85,50,50,65,85,100,95,125,115,50,65,80,85
S084,M,One non-LoF,Y,Y,1.3,1.6,N,N,18.9,80,80,85,105,115,115,120,95,40,65,80,85,45,55,65,85,105,95,125,115,40,65,80,85
S084,M,One non-LoF,Y,Y,1.3,1.6,N,N,19.0,80,85,90,105,115,125,125,115,70,75,80,85,80,70,80,85,100,90,125,115,70,75,80,85
S084,M,One non-LoF,Y,Y,1.3,1.6,N,N,19.1,70,80,85,95,110,125,125,115,70,NA,NA,NA,75,75,75,85,100,90,125,115,70,75,80,80
S084,M,One non-LoF,Y,Y,1.3,1.6,N,N,19.3,80,90,85,105,120,125,125,115,40,NA,NA,NA,65,55,75,90,100,95,115,120,40,65,70,80
S084,M,One non-LoF,Y,Y,1.3,1.6,N,N,19.5,85,110,125,125,125,125,125,115,60,65,75,80,75,70,75,80,105,100,125,115,55,70,80,85
S084,M,One non-LoF,Y,Y,1.3,1.6,N,N,19.7,65,75,90,115,115,120,120,115,55,70,80,85,55,50,70,80,95,85,110,110,60,70,80,85
S084,M,One non-LoF,Y,Y,1.3,1.6,N,N,19.8,65,75,85,105,110,110,110,115,50,75,80,85,55,55,70,80,90,85,110,105,55,70,80,85
S084,M,One non-LoF,Y,Y,1.3,1.6,N,N,20.0,55,80,80,100,110,110,NA,115,55,70,75,85,50,45,65,80,100,110,NA,115,55,70,75,85
S084,M,One non-LoF,Y,Y,1.3,1.6,N,N,20.3,60,80,80,105,110,115,120,110,60,75,80,85,55,55,75,85,95,85,100,110,65,75,80,75
S084,M,One non-LoF,Y,Y,1.3,1.6,N,N,20.5,70,80,85,105,115,125,NA,115,55,75,80,85,60,55,65,85,100,85,NA,115,55,75,80,85
S084,M,One non-LoF,Y,Y,1.3,1.6,N,N,22.0,75,95,85,100,110,115,110,110,55,70,80,85,50,45,70,85,100,100,110,110,35,60,80,85
S084,M,One non-LoF,Y,Y,1.3,1.6,N,N,22.4,70,95,95,110,115,120,110,110,60,75,80,80,60,55,65,80,105,90,105,105,45,65,80,80
S084,M,One non-LoF,Y,Y,1.3,1.6,N,N,22.7,75,90,105,110,115,120,115,110,60,75,80,80,55,50,70,85,110,95,120,115,60,75,80,85
S085,F,Two LoF,Y,Y,2.5,2,Y,Y,9.0,55,55,60,75,90,75,NA,95,60,65,80,75,60,80,90,110,115,125,NA,115,70,75,80,85
S085,F,Two LoF,Y,Y,2.5,2,Y,Y,9.1,55,70,60,100,120,120,NA,105,65,75,80,85,75,80,95,105,110,125,NA,115,70,75,80,85
S085,F,Two LoF,Y,Y,2.5,2,Y,Y,9.1,60,65,70,85,110,125,NA,115,70,75,80,85,75,80,95,105,110,120,NA,115,65,80,70,75
S085,F,Two LoF,Y,Y,2.5,2,Y,Y,9.1,50,50,65,60,85,90,95,115,70,75,80,85,65,95,110,115,115,120,125,115,70,75,80,85
S085,F,Two LoF,Y,Y,2.5,2,Y,Y,9.4,40,50,65,70,85,90,100,110,55,60,75,80,70,85,95,100,105,120,120,110,65,75,80,85
S085,F,Two LoF,Y,Y,2.5,2,Y,Y,10.1,80,100,105,110,110,120,120,115,55,60,75,80,55,75,80,90,105,120,120,115,70,75,80,85
S085,F,Two LoF,Y,Y,2.5,2,Y,Y,10.1,80,105,105,105,110,115,NA,110,70,75,80,85,70,80,100,100,110,115,NA,110,70,70,75,85
S085,F,Two LoF,Y,Y,2.5,2,Y,Y,10.1,50,60,75,75,85,95,100,110,70,70,75,85,60,75,95,105,105,115,120,110,75,75,80,85
S085,F,Two LoF,Y,Y,2.5,2,Y,Y,10.1,40,55,70,75,80,95,105,105,65,70,75,80,50,75,90,105,110,120,120,105,70,75,80,85
S085,F,Two LoF,Y,Y,2.5,2,Y,Y,10.2,45,55,70,70,80,100,90,105,60,60,70,80,55,65,95,105,110,120,120,110,70,75,75,85
S085,F,Two LoF,Y,Y,2.5,2,Y,Y,10.3,85,105,110,110,120,115,NA,110,70,75,80,85,85,95,105,110,115,115,NA,110,70,75,80,85
S085,F,Two LoF,Y,Y,2.5,2,Y,Y,10.4,85,105,105,115,120,120,NA,110,70,75,80,85,65,80,95,105,110,115,NA,110,70,75,80,85
S085,F,Two LoF,Y,Y,2.5,2,Y,Y,10.4,85,105,110,115,125,120,NA,120,70,75,80,85,60,80,100,105,115,115,NA,120,70,75,80,85
S085,F,Two LoF,Y,Y,2.5,2,Y,Y,10.4,65,75,80,85,90,105,NA,115,70,75,80,85,55,75,90,95,110,115,NA,115,70,75,80,85
S086,F,One non-LoF,Y,Y,2.7,2,Y,Y,2.9,NA,80,90,100,90,90,90,NA,NA,NA,NA,NA,NA,80,90,100,90,90,90,NA,NA,NA,NA,NA
S087,M,Two LoF,Y,Y,2.8,2.7,Y,Y,5.8,30,25,20,45,40,65,65,80,10,30,30,60,35,35,45,60,50,50,75,80,45,55,40,50
S087,M,Two LoF,Y,Y,2.8,2.7,Y,Y,6.1,35,25,20,40,40,70,75,85,10,30,35,65,45,50,50,55,45,65,80,95,40,45,40,55
S087,M,Two LoF,Y,Y,2.8,2.7,Y,Y,6.3,45,35,25,40,35,70,70,75,20,30,35,65,85,90,75,65,55,60,75,75,40,40,45,55
S087,M,Two LoF,Y,Y,2.8,2.7,Y,Y,6.3,45,35,25,40,50,55,50,70,25,30,30,55,70,65,55,50,55,50,75,75,40,40,45,55
S087,M,Two LoF,Y,Y,2.8,2.7,Y,Y,6.6,40,35,25,50,70,80,85,90,20,40,60,70,55,55,60,55,55,55,55,80,50,45,45,45
S087,M,Two LoF,Y,Y,2.8,2.7,Y,Y,6.7,45,40,35,45,60,70,70,75,30,40,50,55,65,70,60,55,60,55,75,70,20,35,45,65
S087,M,Two LoF,Y,Y,2.8,2.7,Y,Y,6.7,40,50,25,40,50,70,65,70,20,35,45,65,80,80,70,60,50,45,70,80,60,50,45,55
S087,M,Two LoF,Y,Y,2.8,2.7,Y,Y,6.8,35,30,25,40,50,50,60,80,50,45,40,40,55,60,60,45,50,50,60,80,50,45,40,60
S087,M,Two LoF,Y,Y,2.8,2.7,Y,Y,7.0,35,35,25,40,50,70,65,70,15,30,40,60,60,60,55,55,55,60,70,90,45,45,45,55
S087,M,Two LoF,Y,Y,2.8,2.7,Y,Y,7.4,45,40,20,40,50,70,65,70,20,30,50,60,50,75,70,50,55,60,75,85,50,45,50,50
S087,M,Two LoF,Y,Y,2.8,2.7,Y,Y,7.8,45,40,25,40,55,65,55,75,20,35,45,60,85,100,105,105,105,110,115,115,70,75,80,80
S087,M,Two LoF,Y,Y,2.8,2.7,Y,Y,7.8,35,30,25,40,50,60,60,65,15,30,50,55,85,95,95,110,110,115,110,110,70,75,80,80
S087,M,Two LoF,Y,Y,2.8,2.7,Y,Y,7.8,40,30,25,40,50,60,60,65,15,30,40,50,85,95,95,100,100,110,110,110,70,75,75,75
S087,M,Two LoF,Y,Y,2.8,2.7,Y,Y,9.2,60,60,80,105,110,120,NA,100,55,60,70,60,70,80,95,85,80,80,NA,95,55,60,70,60
S087,M,Two LoF,Y,Y,2.8,2.7,Y,Y,9.2,40,40,40,55,55,60,60,75,25,40,35,50,55,65,70,65,50,55,80,80,40,45,50,50
S087,M,Two LoF,Y,Y,2.8,2.7,Y,Y,9.3,75,90,90,100,105,125,120,115,60,65,75,85,70,90,95,85,80,80,100,110,50,65,65,65
S087,M,Two LoF,Y,Y,2.8,2.7,Y,Y,10.3,55,55,65,70,65,90,NA,95,35,55,65,85,80,80,95,80,80,90,NA,100,55,60,75,85
S088,M,Two LoF,Y,Y,2.6,1.7,N,N,1.9,NA,55,60,60,60,60,NA,NA,NA,NA,NA,NA,NA,55,60,60,60,60,NA,NA,NA,NA,NA,NA
S089,M,One non-LoF,Y,Y,2.3,2,Y,Y,24.4,75,85,90,95,105,105,NA,115,70,75,80,85,80,90,95,115,120,120,NA,110,70,75,80,85
S089,M,One non-LoF,Y,Y,2.3,2,Y,Y,24.9,80,85,90,95,105,105,NA,115,70,75,80,85,80,90,95,115,120,125,NA,115,70,75,80,85
S089,M,One non-LoF,Y,Y,2.3,2,Y,Y,26.1,65,80,95,105,105,115,NA,110,70,75,80,85,65,80,95,115,115,120,NA,110,70,75,80,85
S089,M,One non-LoF,Y,Y,2.3,2,Y,Y,38.4,80,95,110,110,115,120,115,100,65,80,85,85,75,95,100,110,115,120,115,100,65,80,85,85
S089,M,One non-LoF,Y,Y,2.3,2,Y,Y,38.8,85,105,115,110,125,120,NA,105,70,80,85,85,70,85,100,110,120,125,NA,110,70,80,85,85
S089,M,One non-LoF,Y,Y,2.3,2,Y,Y,38.8,90,110,115,110,125,125,NA,110,70,80,85,85,80,80,95,110,125,125,NA,110,70,80,85,85
S089,M,One non-LoF,Y,Y,2.3,2,Y,Y,39.0,90,100,115,110,120,120,NA,100,75,80,85,85,80,90,95,110,120,120,110,100,75,80,85,85
S090,F,Two LoF,NA,NA,NA,NA,NA,NA,31.2,65,80,90,100,105,105,110,110,70,75,80,85,85,105,110,110,110,125,115,110,70,75,80,85
S091,F,One non-LoF,Y,Y,1.2,1.5,Y,Y,4.2,NA,85,80,85,100,120,NA,NA,NA,NA,NA,NA,NA,40,35,50,60,90,NA,95,NA,NA,NA,NA
S091,F,One non-LoF,Y,Y,1.2,1.5,Y,Y,4.2,NA,75,70,80,110,115,NA,115,55,70,70,70,NA,50,40,50,70,90,NA,100,10,55,70,70
S091,F,One non-LoF,Y,Y,1.2,1.5,Y,Y,4.8,60,55,40,55,75,95,NA,120,35,50,70,85,60,55,40,55,75,95,NA,120,35,50,70,85
S091,F,One non-LoF,Y,Y,1.2,1.5,Y,Y,6.0,60,65,65,80,105,115,110,105,60,70,80,85,75,95,110,120,115,120,110,105,70,75,80,85
S091,F,One non-LoF,Y,Y,1.2,1.5,Y,Y,6.1,65,60,65,80,95,115,110,105,55,70,75,85,75,85,85,105,115,115,120,100,70,75,80,85
S091,F,One non-LoF,Y,Y,1.2,1.5,Y,Y,6.1,60,60,65,75,100,110,120,110,55,75,80,85,75,95,95,100,105,115,120,115,70,75,80,85
S091,F,One non-LoF,Y,Y,1.2,1.5,Y,Y,6.2,65,65,75,80,110,120,NA,115,65,70,80,85,65,65,75,95,95,115,NA,115,65,70,80,85
S091,F,One non-LoF,Y,Y,1.2,1.5,Y,Y,6.4,90,75,70,80,110,120,NA,115,60,70,80,85,75,65,70,85,90,105,NA,105,60,75,80,85
S091,F,One non-LoF,Y,Y,1.2,1.5,Y,Y,6.7,75,70,70,80,110,120,NA,115,60,75,80,80,70,65,70,90,110,115,NA,115,60,75,80,85
S091,F,One non-LoF,Y,Y,1.2,1.5,Y,Y,6.9,75,75,75,80,110,115,120,115,65,75,80,85,70,65,70,90,115,120,120,115,65,75,80,85
S092,M,Two LoF,Y,Y,1.8,1.6,Y,Y,5.1,NA,20 ,20 ,45 ,60 ,50 ,NA,60 ,10,40,55,45,NA,65 ,80 ,100 ,105 ,120 ,NA,110 ,45,70,85,85
S092,M,Two LoF,Y,Y,1.8,1.6,Y,Y,5.4,35 ,30 ,30 ,45 ,65 ,55 ,NA,75 ,25,40,60,50,60,75 ,85 ,100 ,110 ,115 ,NA,115 ,70,75,80,85
S092,M,Two LoF,Y,Y,1.8,1.6,Y,Y,5.5,20 ,30 ,25 ,45 ,65 ,50 ,NA,75 ,15,35,50,40,55,65 ,75 ,85 ,100 ,105 ,NA,110 ,65,75,80,85
S092,M,Two LoF,Y,Y,1.8,1.6,Y,Y,5.8,30 ,25 ,30 ,45 ,55 ,50 ,75 ,75 ,20,35,45,40,50,65 ,75 ,85 ,100 ,100 ,110 ,110 ,65,75,80,85
S092,M,Two LoF,Y,Y,1.8,1.6,Y,Y,6.0,30 ,20 ,25 ,45 ,50 ,55 ,NA,75 ,15,35,50,45,70,85 ,100 ,110 ,110 ,100 ,NA,110 ,70,75,80,85
S092,M,Two LoF,Y,Y,1.8,1.6,Y,Y,6.3,30 ,25 ,25 ,40 ,65 ,55 ,80 ,80 ,20,30,55,50,55,85 ,100 ,100 ,110 ,115 ,105 ,110 ,65,75,80,80
S092,M,Two LoF,Y,Y,1.8,1.6,Y,Y,6.8,30 ,25 ,25 ,40 ,65 ,60 ,80 ,80 ,20,35,55,55,60,85 ,100 ,100 ,110 ,115 ,105 ,105 ,70,75,80,80
S092,M,Two LoF,Y,Y,1.8,1.6,Y,Y,7.2,35 ,30 ,30 ,40 ,60 ,50 ,75 ,80 ,20,30,40,45,70,85 ,100 ,100 ,110 ,110 ,120 ,115 ,70,75,80,85
S092,M,Two LoF,Y,Y,1.8,1.6,Y,Y,7.6,35 ,30 ,30 ,40 ,60 ,55 ,75 ,80 ,25,35,50,50,70,85 ,100 ,100 ,110 ,110 ,120 ,115 ,70,75,75,80
S092,M,Two LoF,Y,Y,1.8,1.6,Y,Y,8.1,25 ,25 ,30 ,45 ,60 ,60 ,65 ,75 ,25,35,50,50,70,85 ,105 ,100 ,110 ,120 ,110 ,110 ,70,75,80,85
S092,M,Two LoF,Y,Y,1.8,1.6,Y,Y,8.6,30 ,25 ,25 ,50 ,55 ,45 ,80 ,90 ,20,40,50,40,65,95 ,105 ,110 ,105 ,105 ,110 ,115 ,70,75,80,85
S092,M,Two LoF,Y,Y,1.8,1.6,Y,Y,9.1,35 ,30 ,25 ,50 ,65 ,50 ,80 ,90 ,20,40,55,45,65,85 ,105 ,110 ,105 ,110 ,110 ,115 ,70,75,80,85
S092,M,Two LoF,Y,Y,1.8,1.6,Y,Y,9.6,40 ,30 ,30 ,50 ,70 ,65 ,NA,90 ,20,40,65,60,60,85 ,90 ,110 ,110 ,110 ,NA,105 ,70,75,85,85
S092,M,Two LoF,Y,Y,1.8,1.6,Y,Y,10.0,60 ,50 ,40 ,50 ,70 ,65 ,100 ,100 ,35,40,65,60,75,75 ,90 ,105 ,110 ,110 ,105 ,105 ,55,70,80,85
S092,M,Two LoF,Y,Y,1.8,1.6,Y,Y,10.1,30 ,30 ,25 ,35 ,60 ,55 ,75 ,85 ,15,30,50,50,75,75 ,90 ,100 ,100 ,110 ,105 ,105 ,55,75,80,85
S092,M,Two LoF,Y,Y,1.8,1.6,Y,Y,10.6,NA,30 ,30 ,40 ,55 ,45 ,85 ,90 ,25,35,45,45,70,90 ,95 ,100 ,115 ,115 ,95 ,100 ,80,80,85,85
S092,M,Two LoF,Y,Y,1.8,1.6,Y,Y,11.0,50 ,45 ,30 ,40 ,65 ,50 ,80 ,95 ,20,25,60,50,85,85 ,80 ,100 ,105 ,110 ,115 ,105 ,65,75,85,90
S092,M,Two LoF,Y,Y,1.8,1.6,Y,Y,11.5,35 ,30 ,25 ,40 ,60 ,55 ,85 ,100 ,15,35,60,55,65,70 ,80 ,100 ,105 ,110 ,115 ,105 ,65,70,85,90
S092,M,Two LoF,Y,Y,1.8,1.6,Y,Y,11.9,40 ,35 ,25 ,35 ,65 ,55 ,85 ,105 ,25,35,65,55,75,80 ,95 ,100 ,105 ,115 ,115 ,115 ,80,80,85,85
S092,M,Two LoF,Y,Y,1.8,1.6,Y,Y,12.4,30 ,30 ,25 ,35 ,60 ,60 ,90 ,105 ,15,30,60,60,75,75 ,90 ,100 ,100 ,105 ,110 ,105 ,80,80,85,85
S092,M,Two LoF,Y,Y,1.8,1.6,Y,Y,12.9,25 ,25 ,25 ,50 ,60 ,55 ,85 ,95 ,15,40,60,55,70,80 ,95 ,100 ,105 ,100 ,105 ,110 ,75,75,85,85
S092,M,Two LoF,Y,Y,1.8,1.6,Y,Y,13.4,25 ,30 ,30 ,50 ,60 ,60 ,100 ,95 ,20,45,60,60,55,70 ,90 ,105 ,110 ,110 ,115 ,105 ,80,70,85,90
S092,M,Two LoF,Y,Y,1.8,1.6,Y,Y,13.9,25 ,30 ,30 ,45 ,60 ,50 ,85 ,95 ,20,35,60,50,45,70 ,80 ,100 ,100 ,110 ,110 ,105 ,65,65,85,90
S092,M,Two LoF,Y,Y,1.8,1.6,Y,Y,14.3,25 ,30 ,30 ,45 ,60 ,55 ,90 ,95 ,20,40,60,55,50,75 ,85 ,100 ,100 ,110 ,110 ,105 ,70,70,85,90
S092,M,Two LoF,Y,Y,1.8,1.6,Y,Y,14.9,20 ,25 ,20 ,40 ,65 ,45 ,85 ,105 ,15,35,55,40,75,70 ,95 ,100 ,105 ,115 ,105 ,105 ,60,55,75,85
S092,M,Two LoF,Y,Y,1.8,1.6,Y,Y,15.4,25 ,30 ,25 ,40 ,65 ,50 ,85 ,95 ,20,35,65,50,80,80 ,90 ,100 ,105 ,105 ,100 ,110 ,55,55,95,90
S092,M,Two LoF,Y,Y,1.8,1.6,Y,Y,15.9,25 ,25 ,20 ,45 ,60 ,55 ,80 ,85 ,15,40,60,50,75,70 ,70 ,100 ,105 ,110 ,110 ,110 ,55,65,95,90
S092,M,Two LoF,Y,Y,1.8,1.6,Y,Y,16.3,20 ,20 ,20 ,45 ,65 ,50 ,90 ,85 ,10,35,60,50,70,80 ,90 ,100 ,105 ,105 ,110 ,105 ,60,70,80,85
S092,M,Two LoF,Y,Y,1.8,1.6,Y,Y,16.8,25 ,25 ,25 ,40 ,65 ,55 ,85 ,105 ,0,30,55,45,50,65 ,85 ,100 ,105 ,105 ,105 ,110 ,50,55,75,80
S092,M,Two LoF,Y,Y,1.8,1.6,Y,Y,17.3,20 ,25 ,25 ,50 ,65 ,55 ,80 ,105 ,5,40,60,55,65,75 ,85 ,100 ,110 ,105 ,105 ,100 ,50,60,85,75
S092,M,Two LoF,Y,Y,1.8,1.6,Y,Y,17.4,25 ,25 ,25 ,50 ,65 ,55 ,85 ,105 ,5,35,55,55,70,75 ,90 ,100 ,110 ,110 ,110 ,115 ,55,50,85,85
S092,M,Two LoF,Y,Y,1.8,1.6,Y,Y,17.8,30 ,25 ,20 ,50 ,65 ,50 ,85 ,100 ,0,40,60,50,70,80 ,75 ,95 ,110 ,105 ,105 ,100 ,50,45,85,75
S093,F,One non-LoF,Y,Y,1.8,1.6,N,N,32.1,95 ,110 ,110 ,110 ,120 ,110 ,115 ,110 ,70,75,80,85,70,70 ,70 ,105 ,110 ,115 ,120 ,110 ,55,75,80,85
S094,M,Two LoF,NA,NA,NA,NA,NA,NA,39.6,75 ,90 ,100 ,100 ,100 ,115 ,NA,110 ,80,80,85,85,80,100 ,105 ,100 ,100 ,115 ,NA,105 ,80,80,85,85
S095,M,One non-LoF,Y,Y,NA,NA,NA,NA,24.2,45 ,60 ,60 ,90 ,95 ,105 ,NA,105 ,35,55,80,85,30,40 ,45 ,65 ,100 ,105 ,NA,110 ,45,70,80,85
S095,M,One non-LoF,Y,Y,NA,NA,NA,NA,24.2,55 ,55 ,55 ,80 ,85 ,100 ,NA,105 ,45,70,80,85,35,40 ,45 ,65 ,100 ,100 ,NA,105 ,35,60,80,85
S095,M,One non-LoF,Y,Y,NA,NA,NA,NA,24.8,70 ,85 ,85 ,95 ,95 ,105 ,115 ,110 ,70,75,80,85,40,45 ,45 ,75 ,100 ,100 ,100 ,110 ,50,70,80,85
S095,M,One non-LoF,Y,Y,NA,NA,NA,NA,24.9,65 ,75 ,85 ,85 ,95 ,105 ,115 ,105 ,70,70,80,85,45,40 ,50 ,75 ,100 ,100 ,100 ,105 ,40,70,80,85
S095,M,One non-LoF,Y,Y,NA,NA,NA,NA,28.0,55 ,65 ,60 ,80 ,95 ,110 ,100 ,115 ,45,60,75,75,35,45 ,50 ,70 ,100 ,105 ,110 ,110 ,45,60,75,75
S095,M,One non-LoF,Y,Y,NA,NA,NA,NA,29.2,55 ,60 ,65 ,80 ,95 ,95 ,100 ,110 ,55,70,75,75,35,45 ,50 ,75 ,100 ,105 ,100 ,110 ,50,70,75,75
S096,M,Two LoF,NA,NA,NA,NA,NA,NA,29.0,60 ,65 ,105 ,115 ,125 ,125 ,NA,110 ,70,75,80,85,5,10 ,10 ,5 ,5 ,10 ,55 ,55 ,0,5,0,0
S097,M,One non-LoF,Y,Y,1.6,1.6,Y,Y,2.3,NA,60 ,80 ,80 ,105 ,110 ,100 ,NA,NA,NA,NA,NA,NA,60 ,80 ,80 ,105 ,110 ,100 ,NA,NA,NA,NA,NA
S097,M,One non-LoF,Y,Y,1.6,1.6,Y,Y,2.4,NA,75 ,80 ,100 ,110 ,115 ,NA,NA,NA,NA,NA,NA,NA,75 ,80 ,100 ,110 ,115 ,100 ,NA,NA,NA,NA,NA
S097,M,One non-LoF,Y,Y,1.6,1.6,Y,Y,2.7,NA,80 ,90 ,95 ,105 ,110 ,NA,NA,NA,NA,NA,NA,NA,85 ,90 ,95 ,110 ,110 ,NA,NA,NA,NA,NA,NA
S097,M,One non-LoF,Y,Y,1.6,1.6,Y,Y,2.9,NA,80 ,85 ,95 ,105 ,110 ,NA,NA,NA,NA,NA,NA,NA,80 ,85 ,95 ,105 ,110 ,100 ,NA,NA,NA,NA,NA
S097,M,One non-LoF,Y,Y,1.6,1.6,Y,Y,3.9,NA,85 ,85 ,95 ,95 ,100 ,NA,105 ,65,75,75,80,NA,75 ,75 ,80 ,85 ,90 ,NA,95 ,65,70,75,75
S097,M,One non-LoF,Y,Y,1.6,1.6,Y,Y,4.1,NA,85 ,85 ,90 ,95 ,95 ,NA,105 ,65,75,80,85,NA,75 ,75 ,80 ,80 ,85 ,NA,95 ,65,70,75,80
S097,M,One non-LoF,Y,Y,1.6,1.6,Y,Y,11.7,65 ,80 ,95 ,95 ,100 ,120 ,110 ,110 ,70,75,80,85,60,75 ,75 ,80 ,85 ,110 ,110 ,110 ,65,70,80,85
S098,F,One non-LoF,Y,Y,3,2.3,Y,Y,11.5,50 ,60 ,60 ,65 ,75 ,80 ,90 ,105 ,55,60,70,75,65,75 ,75 ,90 ,100 ,125 ,115 ,115 ,70,75,80,85
S098,F,One non-LoF,Y,Y,3,2.3,Y,Y,11.6,50 ,60 ,60 ,65 ,85 ,85 ,110 ,110 ,55,55,75,75,60,70 ,75 ,85 ,100 ,115 ,105 ,110 ,55,75,80,80
S098,F,One non-LoF,Y,Y,3,2.3,Y,Y,11.6,55 ,65 ,60 ,65 ,70 ,85 ,NA,100 ,55,60,75,80,85,105 ,125 ,125 ,115 ,125 ,NA,115 ,70,75,80,85
S098,F,One non-LoF,Y,Y,3,2.3,Y,Y,11.6,60 ,65 ,55 ,60 ,75 ,80 ,110 ,105 ,60,70,75,85,65,75 ,70 ,85 ,95 ,120 ,120 ,110 ,60,70,75,85
S098,F,One non-LoF,Y,Y,3,2.3,Y,Y,11.7,45 ,60 ,60 ,60 ,75 ,80 ,105 ,105 ,50,50,70,75,60,70 ,80 ,90 ,95 ,125 ,115 ,115 ,50,70,80,80
S098,F,One non-LoF,Y,Y,3,2.3,Y,Y,12.0,50 ,60 ,60 ,60 ,75 ,80 ,105 ,105 ,55,55,70,70,60,70 ,70 ,80 ,90 ,115 ,105 ,105 ,55,70,80,80
S098,F,One non-LoF,Y,Y,3,2.3,Y,Y,12.2,60 ,70 ,70 ,70 ,80 ,90 ,115 ,100 ,60,65,75,80,75,70 ,70 ,80 ,90 ,115 ,115 ,100 ,60,70,75,85
S098,F,One non-LoF,Y,Y,3,2.3,Y,Y,12.2,50 ,60 ,65 ,75 ,95 ,95 ,105 ,100 ,55,65,80,90,60,60 ,65 ,80 ,105 ,120 ,115 ,110 ,55,70,NA,NA
S098,F,One non-LoF,Y,Y,3,2.3,Y,Y,12.3,55 ,70 ,65 ,70 ,90 ,95 ,95 ,95 ,50,65,75,80,85,105 ,110 ,110 ,110 ,125 ,115 ,110 ,70,75,75,80
S098,F,One non-LoF,Y,Y,3,2.3,Y,Y,12.4,60 ,70 ,65 ,70 ,80 ,90 ,NA,95 ,60,65,75,80,75,80 ,85 ,90 ,105 ,125 ,NA,115 ,70,75,80,85
S098,F,One non-LoF,Y,Y,3,2.3,Y,Y,12.9,55 ,65 ,65 ,75 ,90 ,95 ,NA,105 ,55,70,75,85,55,65 ,65 ,80 ,100 ,120 ,NA,110 ,55,70,75,85
S098,F,One non-LoF,Y,Y,3,2.3,Y,Y,13.4,90 ,105 ,95 ,95 ,95 ,120 ,110 ,110 ,70,75,80,80,80,80 ,65 ,80 ,100 ,120 ,110 ,110 ,65,70,80,80
S098,F,One non-LoF,Y,Y,3,2.3,Y,Y,14.3,80 ,110 ,120 ,125 ,125 ,120 ,115 ,110 ,70,75,75,75,70,70 ,70 ,85 ,95 ,120 ,115 ,110 ,60,75,75,75
S098,F,One non-LoF,Y,Y,3,2.3,Y,Y,14.3,85 ,110 ,125 ,125 ,120 ,120 ,NA,110 ,70,75,80,85,65,70 ,70 ,85 ,100 ,120 ,NA,105 ,60,75,80,85
S098,F,One non-LoF,Y,Y,3,2.3,Y,Y,14.5,85 ,100 ,115 ,125 ,125 ,120 ,NA,110 ,70,75,80,85,60,65 ,65 ,80 ,95 ,120 ,NA,105 ,60,70,80,85
S098,F,One non-LoF,Y,Y,3,2.3,Y,Y,14.6,85 ,110 ,125 ,125 ,120 ,120 ,NA,115 ,75,75,80,85,60,60 ,65 ,80 ,95 ,120 ,NA,105 ,55,70,80,85
S098,F,One non-LoF,Y,Y,3,2.3,Y,Y,14.7,85 ,110 ,120 ,120 ,120 ,120 ,NA,115 ,70,75,80,80,55,60 ,65 ,85 ,95 ,120 ,NA,105 ,55,75,80,80
S098,F,One non-LoF,Y,Y,3,2.3,Y,Y,15.2,75 ,110 ,125 ,125 ,120 ,120 ,120 ,115 ,70,75,75,80,55,60 ,65 ,80 ,105 ,115 ,115 ,105 ,55,75,75,80
S098,F,One non-LoF,Y,Y,3,2.3,Y,Y,15.7,90 ,105 ,115 ,125 ,125 ,120 ,NA,115 ,70,75,75,75,60,60 ,65 ,80 ,105 ,120 ,NA,115 ,60,70,75,75
S098,F,One non-LoF,Y,Y,3,2.3,Y,Y,16.5,80 ,100 ,110 ,120 ,120 ,120 ,NA,105 ,70,75,85,90,55,60 ,65 ,80 ,105 ,125 ,NA,105 ,65,70,85,90
S098,F,One non-LoF,Y,Y,3,2.3,Y,Y,17.5,80 ,105 ,110 ,120 ,125 ,125 ,NA,110 ,70,75,85,85,55,55 ,65 ,75 ,100 ,125 ,NA,110 ,65,70,80,85
S099,F,Two LoF,Y,Y,NA,NA,Y,Y,0.5,NA,NA,65 ,70 ,85 ,90 ,NA,NA,NA,NA,NA,NA,NA,NA,65,75,90,90,NA,NA,NA,NA,NA,NA
S099,F,Two LoF,Y,Y,NA,NA,Y,Y,0.7,NA,NA,65 ,70 ,85 ,90 ,NA,NA,NA,NA,NA,NA,NA,NA,65,75,90,90,NA,NA,NA,NA,NA,NA
S099,F,Two LoF,Y,Y,NA,NA,Y,Y,1.0,NA,50 ,55 ,70 ,85 ,90 ,95 ,NA,NA,NA,NA,NA,NA,50 ,55 ,70 ,85 ,90 ,95 ,NA,NA,NA,NA,NA
S099,F,Two LoF,Y,Y,NA,NA,Y,Y,1.3,NA,60 ,65 ,70 ,70 ,80 ,95 ,NA,NA,NA,NA,NA,NA,60 ,65 ,70 ,70 ,80 ,95 ,NA,NA,NA,NA,NA
S100,M,One non-LoF,Y,Y,1.9,1.5,N,N,0.2,NA,NA,45 ,60 ,70 ,80 ,NA,NA,NA,NA,NA,NA,NA,NA,60 ,55 ,60 ,65 ,NA,NA,NA,NA,NA,NA
S100,M,One non-LoF,Y,Y,1.9,1.5,N,N,0.6,NA,NA,45 ,50 ,75 ,80 ,NA,NA,NA,NA,NA,NA,NA,NA,75 ,70 ,80 ,90 ,NA,NA,NA,NA,NA,NA
S100,M,One non-LoF,Y,Y,1.9,1.5,N,N,0.8,NA,NA,45 ,50 ,75 ,80 ,NA,NA,NA,NA,NA,NA,NA,NA,65 ,85 ,85 ,90 ,NA,NA,NA,NA,NA,NA
S100,M,One non-LoF,Y,Y,1.9,1.5,N,N,1.1,NA,NA,50 ,50 ,60 ,70 ,80 ,95 ,NA,NA,NA,NA,NA,NA,50 ,50 ,60 ,70 ,80 ,95 ,NA,NA,NA,NA
S100,M,One non-LoF,Y,Y,1.9,1.5,N,N,1.6,NA,NA,50 ,55 ,60 ,70 ,90 ,95 ,NA,NA,NA,NA,NA,NA,50 ,55 ,60 ,70 ,90 ,95 ,NA,NA,NA,NA
S100,M,One non-LoF,Y,Y,1.9,1.5,N,N,1.8,NA,NA,60 ,65 ,70 ,85 ,NA,NA,NA,NA,NA,NA,NA,NA,60 ,65 ,70 ,85 ,NA,NA,NA,NA,NA,NA
S100,M,One non-LoF,Y,Y,1.9,1.5,N,N,2.4,NA,65 ,70 ,70 ,80 ,90 ,NA,NA,NA,NA,NA,NA,NA,65 ,70 ,70 ,80 ,90 ,NA,NA,NA,NA,NA,NA
S100,M,One non-LoF,Y,Y,1.9,1.5,N,N,2.7,NA,60 ,70 ,70 ,80 ,90 ,NA,NA,NA,NA,NA,NA,NA,60 ,70 ,70 ,80 ,90 ,NA,NA,NA,NA,NA,NA
S100,M,One non-LoF,Y,Y,1.9,1.5,N,N,3.1,70 ,75 ,85 ,85 ,100 ,110 ,NA,95 ,70,75,80,85,75,80 ,80 ,80 ,100 ,110 ,NA,110 ,70,75,80,85
S100,M,One non-LoF,Y,Y,1.9,1.5,N,N,3.8,80 ,85 ,85 ,70 ,105 ,100 ,NA,110 ,70,65,80,80,65,75 ,75 ,100 ,90 ,115 ,NA,95 ,70,75,80,80
S100,M,One non-LoF,Y,Y,1.9,1.5,N,N,4.2,80 ,85 ,85 ,70 ,105 ,100 ,NA,110 ,70,65,75,75,70,75 ,75 ,100 ,90 ,110 ,NA,110 ,65,75,75,75
S100,M,One non-LoF,Y,Y,1.9,1.5,N,N,4.7,65 ,75 ,90 ,70 ,100 ,100 ,NA,100 ,70,60,75,80,65,80 ,85 ,100 ,95 ,110 ,NA,100 ,70,75,75,80
S100,M,One non-LoF,Y,Y,1.9,1.5,N,N,5.2,65 ,75 ,80 ,70 ,100 ,95 ,NA,105 ,70,65,75,80,65,75 ,85 ,95 ,95 ,110 ,NA,105 ,70,75,75,80
S100,M,One non-LoF,Y,Y,1.9,1.5,N,N,5.2,NA,65 ,80 ,70 ,105 ,105 ,110 ,105 ,55,55,80,85,NA,80 ,95 ,105 ,100 ,120 ,110 ,105 ,55,55,80,85
S100,M,One non-LoF,Y,Y,1.9,1.5,N,N,5.6,NA,70 ,80 ,75 ,105 ,100 ,NA,NA,NA,NA,NA,NA,NA,70 ,80 ,75 ,105 ,100 ,100 ,NA,NA,NA,NA,NA
S100,M,One non-LoF,Y,Y,1.9,1.5,N,N,7.5,60 ,60 ,70 ,65 ,105 ,100 ,NA,105 ,65,60,80,85,60,70 ,80 ,95 ,100 ,110 ,110 ,105 ,65,75,80,85
S100,M,One non-LoF,Y,Y,1.9,1.5,N,N,8.7,50 ,60 ,75 ,65 ,105 ,100 ,115 ,110 ,75,65,85,90,50,70 ,85 ,105 ,105 ,115 ,120 ,110 ,80,85,85,90
S100,M,One non-LoF,Y,Y,1.9,1.5,N,N,9.7,55 ,55 ,70 ,65 ,105 ,105 ,105 ,NA,55,50,85,85,75,85 ,90 ,100 ,115 ,120 ,115 ,NA,75,80,85,85
S100,M,One non-LoF,Y,Y,1.9,1.5,N,N,10.7,55 ,55 ,70 ,65 ,110 ,105 ,115 ,110 ,50,55,85,85,55,70 ,90 ,110 ,115 ,125 ,110 ,NA,70,80,85,85
S100,M,One non-LoF,Y,Y,1.9,1.5,N,N,11.7,65 ,65 ,75 ,70 ,110 ,110 ,115 ,100 ,55,65,85,85,70,85 ,90 ,95 ,105 ,115 ,115 ,100 ,65,70,85,85
S100,M,One non-LoF,Y,Y,1.9,1.5,N,N,12.7,60 ,60 ,75 ,70 ,110 ,110 ,115 ,110 ,55,60,90,85,60,75 ,90 ,100 ,115 ,120 ,115 ,110 ,55,70,90,85
S101,F,One non-LoF,Y,Y,3.9,4.9,N,N,0.9,NA,NA,40 ,40 ,35 ,40 ,NA,NA,NA,NA,NA,NA,NA,NA,100 ,90 ,NA,90 ,NA,NA,NA,NA,NA,NA
S101,F,One non-LoF,Y,Y,3.9,4.9,N,N,1.2,NA,40 ,40 ,40 ,35 ,40 ,45 ,NA,NA,NA,NA,NA,NA,40 ,40 ,40 ,35 ,40 ,45 ,NA,NA,NA,NA,NA
S101,F,One non-LoF,Y,Y,3.9,4.9,N,N,2.8,NA,NA,35 ,40 ,45 ,50 ,NA,NA,NA,NA,NA,NA,NA,NA,65 ,70 ,80 ,80 ,NA,NA,NA,NA,NA,NA
S101,F,One non-LoF,Y,Y,3.9,4.9,N,N,3.6,55 ,60 ,65 ,85 ,80 ,80 ,NA,80 ,55,60,75,80,70,85 ,100 ,100 ,95 ,95 ,NA,100 ,55,60,70,75
S101,F,One non-LoF,Y,Y,3.9,4.9,N,N,3.9,55 ,60 ,60 ,60 ,60 ,65 ,NA,70 ,30,50,55,65,75,80 ,85 ,105 ,85 ,85 ,90 ,105 ,30,50,55,65
S101,F,One non-LoF,Y,Y,3.9,4.9,N,N,4.3,NA,65 ,65 ,65 ,75 ,75 ,NA,80 ,35,55,65,65,NA,80 ,100 ,105 ,100 ,100 ,NA,100 ,35,55,65,65
S101,F,One non-LoF,Y,Y,3.9,4.9,N,N,4.8,NA,60 ,70 ,80 ,85 ,105 ,NA,80 ,35,55,55,60,NA,95 ,105 ,105 ,100 ,105 ,NA,105 ,35,55,55,60
S101,F,One non-LoF,Y,Y,3.9,4.9,N,N,5.1,45 ,60 ,65 ,90 ,90 ,95 ,NA,85 ,45,65,80,85,60,70 ,110 ,100 ,85 ,95 ,NA,95 ,65,75,80,85
S101,F,One non-LoF,Y,Y,3.9,4.9,N,N,5.7,40 ,55 ,70 ,95 ,85 ,90 ,NA,75 ,55,75,80,85,60,85 ,115 ,100 ,95 ,110 ,115 ,105 ,75,75,85,85
S101,F,One non-LoF,Y,Y,3.9,4.9,N,N,6.0,45 ,55 ,70 ,100 ,95 ,100 ,NA,90 ,65,80,80,85,65,90 ,100 ,105 ,110 ,110 ,NA,100 ,75,80,80,85
S101,F,One non-LoF,Y,Y,3.9,4.9,N,N,6.7,75 ,80 ,95 ,100 ,100 ,105 ,110 ,105 ,80,80,85,85,80,85 ,105 ,105 ,105 ,120 ,100 ,105 ,80,80,85,85
S101,F,One non-LoF,Y,Y,3.9,4.9,N,N,6.7,60 ,70 ,95 ,95 ,95 ,115 ,115 ,110 ,70,75,85,85,70,80 ,100 ,95 ,95 ,110 ,110 ,105 ,65,75,85,85
S101,F,One non-LoF,Y,Y,3.9,4.9,N,N,6.7,65 ,70 ,95 ,95 ,95 ,110 ,110 ,110 ,65,75,85,85,65,80 ,100 ,95 ,95 ,105 ,105 ,105 ,65,75,85,85
S101,F,One non-LoF,Y,Y,3.9,4.9,N,N,6.9,NA,90 ,100 ,100 ,85 ,90 ,85 ,NA,55,65,85,85,NA,90 ,105 ,100 ,100 ,110 ,105 ,NA,80,80,85,85
S101,F,One non-LoF,Y,Y,3.9,4.9,N,N,8.5,75 ,85 ,100 ,105 ,105 ,100 ,85 ,85 ,65,65,85,90,75,95 ,105 ,110 ,100 ,125 ,120 ,110 ,65,65,85,90
S101,F,One non-LoF,Y,Y,3.9,4.9,N,N,9.3,70 ,80 ,95 ,100 ,105 ,100 ,NA,85 ,75,80,85,85,65,75 ,100 ,100 ,105 ,120 ,110 ,110 ,75,80,85,85
S101,F,One non-LoF,Y,Y,3.9,4.9,N,N,9.5,70 ,75 ,95 ,100 ,105 ,105 ,NA,90 ,NA,NA,NA,NA,70,75 ,100 ,100 ,100 ,125 ,115 ,110 ,NA,NA,NA,NA
S101,F,One non-LoF,Y,Y,3.9,4.9,N,N,9.8,85 ,90 ,95 ,105 ,110 ,120 ,NA,105 ,NA,NA,NA,NA,80,80 ,100 ,100 ,105 ,120 ,110 ,105 ,NA,NA,NA,NA
S101,F,One non-LoF,Y,Y,3.9,4.9,N,N,10.5,65 ,75 ,85 ,95 ,100 ,120 ,110 ,105 ,70,80,85,85,75,80 ,100 ,100 ,105 ,120 ,115 ,110 ,70,80,85,85
S101,F,One non-LoF,Y,Y,3.9,4.9,N,N,11.0,75 ,80 ,90 ,95 ,100 ,120 ,110 ,105 ,70,80,85,85,70,80 ,95 ,100 ,105 ,125 ,115 ,110 ,70,80,85,85
S101,F,One non-LoF,Y,Y,3.9,4.9,N,N,11.6,85 ,85 ,95 ,100 ,110 ,120 ,115 ,100 ,70,80,85,85,80,80 ,100 ,95 ,105 ,120 ,115 ,100 ,70,80,85,85
S101,F,One non-LoF,Y,Y,3.9,4.9,N,N,12.6,75 ,80 ,90 ,100 ,105 ,120 ,110 ,105 ,65,70,80,75,75,85 ,100 ,100 ,105 ,115 ,110 ,105 ,65,70,80,75
S102,F,Two LoF,NA,NA,NA,NA,NA,NA,0.5,NA,65 ,75 ,80 ,95 ,95 ,NA,NA,NA,NA,NA,NA,NA,65 ,75 ,80 ,95 ,95 ,NA,NA,NA,NA,NA,NA
S102,F,Two LoF,NA,NA,NA,NA,NA,NA,0.6,NA,65 ,80 ,85 ,95 ,100 ,NA,NA,NA,NA,NA,NA,NA,65 ,80 ,85 ,95 ,100 ,NA,NA,NA,NA,NA,NA
S102,F,Two LoF,NA,NA,NA,NA,NA,NA,1.1,NA,55 ,60 ,65 ,70 ,85 ,NA,NA,NA,NA,NA,NA,NA,55 ,60 ,65 ,70 ,85 ,NA,NA,NA,NA,NA,NA
S102,F,Two LoF,NA,NA,NA,NA,NA,NA,1.3,NA,65 ,65 ,75 ,80 ,90 ,NA,NA,NA,NA,NA,NA,NA,65 ,65 ,75 ,80 ,90 ,NA,NA,NA,NA,NA,NA
S102,F,Two LoF,NA,NA,NA,NA,NA,NA,1.6,NA,75 ,75 ,80 ,85 ,95 ,NA,NA,NA,NA,NA,NA,NA,75 ,75 ,80 ,85 ,95 ,NA,NA,NA,NA,NA,NA
S102,F,Two LoF,NA,NA,NA,NA,NA,NA,1.8,NA,75 ,80 ,85 ,90 ,90 ,NA,NA,NA,NA,NA,NA,NA,75 ,80 ,85 ,90 ,90 ,NA,NA,NA,NA,NA,NA
S102,F,Two LoF,NA,NA,NA,NA,NA,NA,2.1,NA,65 ,65 ,80 ,85 ,90 ,NA,NA,NA,NA,NA,NA,NA,65 ,65 ,80 ,85 ,90 ,NA,NA,NA,NA,NA,NA
S103,F,Two LoF,Y,Y,3.5,3.1,Y,Y,6.8,80 ,85 ,85 ,90 ,85 ,105 ,105 ,110 ,75,80,80,85,80,90 ,95 ,95 ,90 ,100 ,100 ,105 ,75,80,80,85
S103,F,Two LoF,Y,Y,3.5,3.1,Y,Y,7.3,70 ,85 ,90 ,95 ,100 ,105 ,NA,100 ,50,65,80,85,80,100 ,105 ,110 ,110 ,105 ,NA,100 ,50,65,80,85
S103,F,Two LoF,Y,Y,3.5,3.1,Y,Y,9.0,80 ,85 ,85 ,100 ,100 ,105 ,110 ,110 ,60,65,85,90,85,95 ,105 ,105 ,105 ,105 ,110 ,105 ,60,65,85,90
S103,F,Two LoF,Y,Y,3.5,3.1,Y,Y,9.5,NA,75 ,75 ,95 ,100 ,105 ,NA,110 ,55,60,85,90,NA,100 ,105 ,105 ,95 ,105 ,NA,110 ,55,60,85,90
S103,F,Two LoF,Y,Y,3.5,3.1,Y,Y,11.1,75 ,80 ,70 ,90 ,100 ,100 ,110 ,110 ,50,60,85,85,90,90 ,115 ,105 ,100 ,110 ,110 ,110 ,60,60,85,85
S103,F,Two LoF,Y,Y,3.5,3.1,Y,Y,11.6,NA,65 ,80 ,90 ,85 ,105 ,100 ,110 ,45,60,80,85,NA,75 ,95 ,100 ,95 ,105 ,110 ,110 ,45,60,80,85
S103,F,Two LoF,Y,Y,3.5,3.1,Y,Y,12.0,75 ,80 ,80 ,95 ,100 ,110 ,105 ,110 ,40,60,80,85,80,85 ,95 ,110 ,105 ,110 ,105 ,105 ,45,60,80,85
S103,F,Two LoF,Y,Y,3.5,3.1,Y,Y,12.0,75 ,80 ,80 ,95 ,100 ,110 ,105 ,110 ,40,60,80,85,75,90 ,100 ,105 ,95 ,110 ,105 ,105 ,45,60,85,85
S104,M,One non-LoF,Y,Y,1.3,1.5,Y,Y,0.5,NA,NA,40,55,50,40,NA,NA,NA,NA,NA,NA,NA,NA,55,55,55,50,NA,NA,NA,NA,NA,NA
S104,M,One non-LoF,Y,Y,1.3,1.5,Y,Y,0.9,NA,60,55,70,80,90,NA,NA,NA,NA,NA,NA,NA,60,55,70,80,90,NA,NA,NA,NA,NA,NA
S104,M,One non-LoF,Y,Y,1.3,1.5,Y,Y,3.6,NA,NA,55,95,105,110,NA,NA,NA,NA,NA,NA,NA,NA,90,105,115,115,NA,NA,NA,NA,NA,NA
S104,M,One non-LoF,Y,Y,1.3,1.5,Y,Y,3.9,NA,NA,75,90,85,90,NA,NA,NA,NA,NA,NA,NA,NA,70,90,85,90,NA,NA,NA,NA,NA,NA
S104,M,One non-LoF,Y,Y,1.3,1.5,Y,Y,5.8,60,60,85,115,120,125,NA,110,80,80,85,90,75,70,85,105,110,120,NA,110,80,80,85,90
S105,F,Two LoF,Y,Y,3,2.3,N,N,24.1,45,55,40,55,75,100,115,105,30,45,65,85,60,70,100,110,105,105,110,110,65,70,75,85
S105,F,Two LoF,Y,Y,3,2.3,N,N,26.7,75,75,80,85,105,110,125,110,70,75,80,85,75,85,85,95,105,110,120,110,70,75,80,85
S105,F,Two LoF,Y,Y,3,2.3,N,N,26.7,55,50,45,45,75,110,110,105,40,40,65,80,75,85,90,100,95,110,115,105,70,75,80,80
S106,M,Two LoF,Y,Y,2.3,2.7,N,N,22.4,75,95,105,115,115,125,NA,115,70,75,80,85,65,90,100,110,120,125,NA,115,70,75,80,85
S106,M,Two LoF,Y,Y,2.3,2.7,N,N,22.4,75,85,95,100,105,125,110,110,70,75,80,85,70,75,105,105,115,125,120,110,70,75,80,85
S106,M,Two LoF,Y,Y,2.3,2.7,N,N,22.4,55,80,90,105,105,115,NA,115,70,75,80,85,70,80,105,105,120,125,NA,110,70,75,80,85
S107,M,One non-LoF,N,N,0.6,0.6,N,N,0.4,NA,NA,40,55,55,60,NA,NA,NA,NA,NA,NA,NA,NA,40,50,65,60,NA,NA,NA,NA,NA,NA
S107,M,One non-LoF,N,N,0.6,0.6,N,N,0.6,NA,25,25,40,40,40,35,NA,NA,NA,NA,NA,NA,25,25,40,40,40,35,NA,NA,NA,NA,NA
S107,M,One non-LoF,N,N,0.6,0.6,N,N,0.6,NA,20,25,35,40,45,35,NA,NA,NA,NA,NA,NA,20,25,35,40,45,35,NA,NA,NA,NA,NA
S107,M,One non-LoF,N,N,0.6,0.6,N,N,0.8,NA,NA,40,55,65,70,NA,NA,NA,NA,NA,NA,NA,NA,40,55,65,70,NA,NA,NA,NA,NA,NA
S107,M,One non-LoF,N,N,0.6,0.6,N,N,1.0,NA,40,40,50,60,65,NA,NA,NA,NA,NA,NA,NA,40,40,50,60,65,NA,NA,NA,NA,NA,NA
S107,M,One non-LoF,N,N,0.6,0.6,N,N,1.3,NA,35,35,50,60,65,NA,NA,NA,NA,NA,NA,NA,35,35,50,60,65,NA,NA,NA,NA,NA,NA
S107,M,One non-LoF,N,N,0.6,0.6,N,N,1.6,NA,45,40,50,65,70,75,NA,NA,NA,NA,NA,NA,45,40,50,65,70,75,NA,NA,NA,NA,NA
S107,M,One non-LoF,N,N,0.6,0.6,N,N,1.9,NA,45,40,55,55,65,70,NA,NA,NA,NA,NA,NA,45,40,55,55,65,70,NA,NA,NA,NA,NA
S107,M,One non-LoF,N,N,0.6,0.6,N,N,2.4,NA,45,45,55,65,70,NA,NA,NA,NA,NA,NA,NA,45,45,55,65,70,NA,NA,NA,NA,NA,NA
S108,M,One non-LoF,Y,Y,1.9,2.5,Y,Y,6.8,75,85,95,105,105,125,NA,115,70,75,80,85,75,75,100,110,110,125,NA,110,70,75,85,80
S108,M,One non-LoF,Y,Y,1.9,2.5,Y,Y,6.8,50,45,55,55,65,65,95,100,45,55,55,55,60,70,105,115,115,125,120,115,70,75,80,85
S108,M,One non-LoF,Y,Y,1.9,2.5,Y,Y,6.9,55,45,55,55,55,65,85,90,55,50,50,60,65,70,105,110,115,125,120,115,70,75,80,85
S108,M,One non-LoF,Y,Y,1.9,2.5,Y,Y,6.9,55,45,55,55,55,65,90,90,45,50,50,60,70,70,100,110,105,125,120,115,70,75,80,85
S108,M,One non-LoF,Y,Y,1.9,2.5,Y,Y,9.1,50,40,50,50,50,70,95,105,40,35,45,50,75,80,100,105,115,120,105,105,65,70,80,80
S108,M,One non-LoF,Y,Y,1.9,2.5,Y,Y,11.5,40,40,45,50,50,65,80,85,25,40,50,60,65,65,95,95,105,120,105,110,65,65,80,85
S108,M,One non-LoF,Y,Y,1.9,2.5,Y,Y,11.9,40,45,55,50,45,60,85,90,30,40,40,55,60,65,100,105,110,120,105,105,65,70,85,85
S108,M,One non-LoF,Y,Y,1.9,2.5,Y,Y,12.4,45,35,50,45,55,65,90,105,30,45,55,65,55,60,100,110,110,120,120,110,65,60,85,90
S108,M,One non-LoF,Y,Y,1.9,2.5,Y,Y,15.1,45,30,50,45,55,65,90,105,25,40,55,65,60,55,95,110,115,120,120,110,60,65,85,90
S108,M,One non-LoF,Y,Y,1.9,2.5,Y,Y,15.3,85,90,95,95,95,110,115,115,60,70,85,90,95,110,105,115,115,120,120,115,60,70,95,90
S108,M,One non-LoF,Y,Y,1.9,2.5,Y,Y,15.3,55,50,60,55,60,75,85,100,25,55,60,75,95,110,110,120,120,115,120,115,50,70,95,90
S108,M,One non-LoF,Y,Y,1.9,2.5,Y,Y,15.8,50,40,55,50,55,75,85,100,20,40,55,70,75,90,100,105,110,120,105,105,55,65,85,85
S108,M,One non-LoF,Y,Y,1.9,2.5,Y,Y,16.2,45,45,50,45,60,80,80,90,20,30,50,75,85,95,105,100,110,120,105,105,60,65,85,85
S108,M,One non-LoF,Y,Y,1.9,2.5,Y,Y,16.6,50,40,45,45,60,75,85,100,20,40,55,75,70,80,95,100,105,120,115,110,55,65,75,85
S108,M,One non-LoF,Y,Y,1.9,2.5,Y,Y,17.0,50,40,45,45,60,75,85,100,30,35,50,65,70,80,95,100,105,110,105,100,55,65,85,75
S109,F,Two LoF,Y,Y,2.7,2.4,Y,Y,11.4,NA,55,80,100,105,105,110,NA,40,55,70,70,NA,50,65,80,70,70,NA,80,40,55,70,70
S109,F,Two LoF,Y,Y,2.7,2.4,Y,Y,12.1,65,80,90,95,105,100,NA,115,55,75,75,75,80,100,110,110,110,110,NA,115,55,75,75,75
S109,F,Two LoF,Y,Y,2.7,2.4,Y,Y,12.2,60,75,80,100,110,105,NA,105,65,75,75,65,45,60,70,80,90,100,NA,105,65,70,75,65
S109,F,Two LoF,Y,Y,2.7,2.4,Y,Y,12.3,65,75,75,95,110,105,NA,95,50,65,75,65,45,50,65,80,85,100,NA,95,50,65,75,65
S109,F,Two LoF,Y,Y,2.7,2.4,Y,Y,14.9,75,95,100,100,100,105,NA,105,70,75,75,65,75,65,70,80,85,95,NA,105,65,70,75,65
S109,F,Two LoF,Y,Y,2.7,2.4,Y,Y,15.0,75,80,85,95,105,105,NA,105,70,75,75,65,75,70,70,75,85,90,NA,105,65,70,75,65
S109,F,Two LoF,Y,Y,2.7,2.4,Y,Y,15.2,75,75,80,100,110,110,NA,105,70,75,75,65,60,65,65,80,85,100,NA,100,60,70,75,65
S109,F,Two LoF,Y,Y,2.7,2.4,Y,Y,15.2,75,75,80,95,105,110,NA,105,70,75,75,65,60,55,55,80,85,95,NA,105,60,70,75,65
S109,F,Two LoF,Y,Y,2.7,2.4,Y,Y,16.4,75,75,80,100,105,105,NA,105,70,75,75,65,65,60,60,85,90,85,NA,105,60,75,75,65
S109,F,Two LoF,Y,Y,2.7,2.4,Y,Y,17.7,75,75,80,100,105,110,NA,105,70,75,75,65,75,95,100,100,105,105,NA,105,65,75,75,65
S109,F,Two LoF,Y,Y,2.7,2.4,Y,Y,17.8,65,70,85,100,105,105,NA,105,70,75,75,65,75,95,105,100,110,105,NA,105,65,75,75,65
S109,F,Two LoF,Y,Y,2.7,2.4,Y,Y,17.9,70,65,80,95,115,110,NA,105,65,75,75,65,75,85,95,105,105,105,NA,105,65,75,75,65
S109,F,Two LoF,Y,Y,2.7,2.4,Y,Y,18.0,65,65,75,100,105,105,NA,105,65,75,75,65,65,65,80,90,90,100,NA,105,65,75,75,65
S109,F,Two LoF,Y,Y,2.7,2.4,Y,Y,19.7,75,80,80,95,105,105,NA,115,65,75,75,75,55,65,70,90,90,100,NA,100,65,75,75,75
S109,F,Two LoF,Y,Y,2.7,2.4,Y,Y,20.1,75,75,90,105,110,110,NA,115,70,75,75,85,95,105,105,105,110,115,NA,115,65,75,80,85
S109,F,Two LoF,Y,Y,2.7,2.4,Y,Y,20.2,75,75,90,105,110,110,NA,115,70,75,80,85,70,70,75,95,95,110,NA,115,65,70,75,80
S109,F,Two LoF,Y,Y,2.7,2.4,Y,Y,30.1,90,110,120,120,120,120,105,105,70,75,80,85,90,110,110,110,115,115,105,105,70,75,80,85
S109,F,Two LoF,Y,Y,2.7,2.4,Y,Y,30.2,90,110,120,120,120,120,NA,110,70,75,75,75,90,110,115,110,115,120,NA,110,70,75,75,75
S110,F,One non-LoF,Y,Y,NA,NA,NA,NA,2.4,NA,45,45,65,75,80,NA,NA,NA,NA,NA,NA,NA,45,45,65,75,80,NA,NA,NA,NA,NA,NA
S110,F,One non-LoF,Y,Y,NA,NA,NA,NA,3.7,NA,55,70,65,95,85,105,105,50,60,80,80,NA,105,110,105,110,110,105,105,70,75,75,85
S111,F,One non-LoF,NA,NA,NA,NA,NA,NA,0.3,NA,NA,50,60,70,85,NA,NA,NA,NA,NA,NA,NA,NA,50,75,70,85,NA,NA,NA,NA,NA,NA
S112,F,One non-LoF,NA,NA,NA,NA,NA,NA,5.0,NA,80 ,95 ,100 ,100 ,100 ,NA,105 ,75,75,75,75,NA,70 ,75 ,90 ,100 ,105 ,NA,110 ,65,75,75,75
S112,F,One non-LoF,NA,NA,NA,NA,NA,NA,5.6,NA,75 ,85 ,85 ,85 ,80 ,NA,110 ,65,80,85,85,NA,100 ,110 ,110 ,115 ,110 ,NA,110 ,75,80,85,85
S112,F,One non-LoF,NA,NA,NA,NA,NA,NA,5.7,NA,80 ,85 ,85 ,85 ,90 ,NA,115 ,70,70,85,85,NA,75 ,75 ,90 ,105 ,110 ,NA,115 ,60,70,85,85
S112,F,One non-LoF,NA,NA,NA,NA,NA,NA,8.7,NA,70 ,80 ,95 ,95 ,105 ,NA,110 ,70,75,80,80,NA,65 ,70 ,80 ,80 ,100 ,NA,105 ,65,70,75,80
S112,F,One non-LoF,NA,NA,NA,NA,NA,NA,8.7,NA,70 ,80 ,95 ,100 ,110 ,NA,110 ,65,70,80,80,NA,65 ,65 ,90 ,105 ,105 ,NA,110 ,50,70,80,80
S113,F,Two LoF,Y,Y,1.5,1.8,N,N,7.4,85,85,95,100,90,120,110,110,70,75,75,80,55,65,80,80,60,85,90,95,65,75,50,75
S114,M,Two LoF,NA,NA,NA,NA,NA,NA,61.0,NA,110 ,120 ,120 ,110 ,120 ,NA,110 ,70,75,80,80,NA,95 ,90 ,100 ,100 ,115 ,NA,105 ,70,75,80,80
S115,F,Two LoF,Y,Y,2.7,2.4,Y,Y,24.3,70,75,80,90,100,105,110,110,70,80,85,85,75,80,85,90,100,95,110,105,70,80,85,85
S116,F,Two LoF,Y,Y,3.1,2.7,Y,Y,23.4,55,65,70,85,85,75,70,90,60,75,80,70,75,90,100,105,105,125,115,110,70,75,80,85
S117,F,Two LoF,Y,Y,2.2,2.5,N,N,3.2,NA,90,105,100,95,80,NA,NA,NA,NA,NA,NA,NA,90,110,105,105,115,NA,NA,NA,NA,NA,NA
S117,F,Two LoF,Y,Y,2.2,2.5,N,N,3.6,NA,85,75,95,95,90,NA,NA,NA,NA,NA,NA,NA,80,80,100,100,105,NA,NA,NA,NA,NA,NA
S117,F,Two LoF,Y,Y,2.2,2.5,N,N,4.2,65,85,100,95,95,95,NA,70,NA,NA,NA,NA,65,85,110,105,115,115,NA,95,NA,NA,NA,NA
S117,F,Two LoF,Y,Y,2.2,2.5,N,N,6.4,80,95,95,100,110,115,NA,115,65,85,85,85,70,90,90,100,110,115,NA,110,70,85,85,85
S117,F,Two LoF,Y,Y,2.2,2.5,N,N,9.6,70,80,85,95,110,115,NA,115,60,80,80,75,60,75,85,95,105,105,NA,105,60,70,75,65
S117,F,Two LoF,Y,Y,2.2,2.5,N,N,19.9,75,85,90,90,110,110,NA,105,70,75,75,65,75,80,85,90,110,110,NA,105,65,75,75,60
S117,F,Two LoF,Y,Y,2.2,2.5,N,N,23.8,90,100,95,110,110,115,NA,105,70,75,85,85,85,90,95,95,105,120,NA,110,65,80,85,85
S117,F,Two LoF,Y,Y,2.2,2.5,N,N,26.6,NA,100,105,100,110,115,NA,110,70,75,80,85,NA,100,100,95,105,120,NA,115,70,75,80,85
S117,F,Two LoF,Y,Y,2.2,2.5,N,N,32.6,80,90,105,110,120,120,NA,115,70,75,80,85,80,90,100,105,115,120,NA,115,70,75,80,85
S117,F,Two LoF,Y,Y,2.2,2.5,N,N,35.8,85,95,100,110,120,115,105,105,70,75,80,80,75,85,90,100,110,115,105,105,70,75,80,80
S118,F,One non-LoF,Y,Y,1,1.3,N,N,0.7,NA,NA,20,25,15,40,NA,NA,NA,NA,NA,NA,NA,NA,20,25,15,40,NA,NA,NA,NA,NA,NA
S118,F,One non-LoF,Y,Y,1,1.3,N,N,1.0,NA,35,30,35,40,45,40,NA,NA,NA,NA,NA,NA,35,30,35,40,45,40,NA,NA,NA,NA,NA
S118,F,One non-LoF,Y,Y,1,1.3,N,N,3.2,NA,NA,60,60,70,NA,NA,NA,NA,NA,NA,NA,NA,NA,60,60,70,NA,NA,NA,NA,NA,NA,NA
S118,F,One non-LoF,Y,Y,1,1.3,N,N,3.4,NA,60,65,60,75,85,NA,NA,NA,NA,NA,NA,NA,60,70,60,75,85,NA,NA,NA,NA,NA,NA
S118,F,One non-LoF,Y,Y,1,1.3,N,N,4.4,NA,NA,75,85,NA,NA,NA,NA,NA,NA,NA,NA,NA,NA,70,80,75,90,NA,NA,NA,NA,NA,NA
S118,F,One non-LoF,Y,Y,1,1.3,N,N,4.7,NA,75,85,100,110,120,NA,NA,70,75,80,85,NA,65,65,85,80,100,NA,NA,55,70,70,85
S118,F,One non-LoF,Y,Y,1,1.3,N,N,5.1,NA,70,85,100,105,115,NA,NA,80,80,85,85,NA,60,75,85,85,100,NA,NA,65,75,85,85
S118,F,One non-LoF,Y,Y,1,1.3,N,N,5.6,NA,65,80,95,115,120,NA,NA,80,80,85,90,NA,55,65,80,90,100,NA,100,60,NA,85,90
S118,F,One non-LoF,Y,Y,1,1.3,N,N,5.7,60,65,85,100,110,115,115,110,55,75,80,85,50,55,60,65,75,90,95,100,45,65,80,85
S118,F,One non-LoF,Y,Y,1,1.3,N,N,6.0,55,55,80,105,115,120,115,110,65,80,85,85,55,55,65,80,90,105,105,100,65,80,85,85
S118,F,One non-LoF,Y,Y,1,1.3,N,N,6.5,45,55,75,105,110,115,115,110,60,65,85,85,50,55,65,75,85,95,100,105,55,65,85,85
S118,F,One non-LoF,Y,Y,1,1.3,N,N,7.0,45,55,80,100,110,115,NA,110,70,75,80,85,50,60,60,70,85,100,NA,105,55,65,80,85
S118,F,One non-LoF,Y,Y,1,1.3,N,N,7.4,NA,60,80,100,110,115,NA,115,70,75,85,85,NA,60,65,80,85,100,NA,100,60,70,85,85
S118,F,One non-LoF,Y,Y,1,1.3,N,N,7.9,50,60,85,110,110,120,115,110,75,80,85,90,50,60,60,80,80,100,95,105,55,70,85,90
S118,F,One non-LoF,Y,Y,1,1.3,N,N,8.4,45,55,85,105,110,120,120,110,70,70,85,90,50,55,65,75,85,100,95,105,55,65,80,90
S118,F,One non-LoF,Y,Y,1,1.3,N,N,9.0,NA,55,75,120,115,120,115,110,40,65,75,85,60,65,80,90,85,105,105,105,40,55,75,85
S118,F,One non-LoF,Y,Y,1,1.3,N,N,9.4,65,65,80,110,110,125,115,110,60,70,75,85,45,65,65,80,95,100,105,105,55,70,75,85
S118,F,One non-LoF,Y,Y,1,1.3,N,N,10.0,55,55,80,105,115,120,115,110,70,75,75,85,55,55,70,85,95,105,110,110,65,75,75,85
S118,F,One non-LoF,Y,Y,1,1.3,N,N,10.7,55,55,80,110,110,125,115,105,65,80,80,80,55,60,70,80,90,100,105,100,65,70,75,75
S119,F,One non-LoF,Y,Y,2.5,1.9,N,N,25.0,60,65,60,80,90,110,NA,100,50,75,80,80,65,70,60,80,90,100,NA,100,50,75,80,80
S119,F,One non-LoF,Y,Y,2.5,1.9,N,N,26.6,60,60,60,90,105,125,115,115,50,75,80,85,60,60,60,95,105,125,115,115,50,65,80,85
S120,F,Two LoF,NA,NA,NA,NA,NA,NA,3.9,NA,105,125,125,125,115,NA,105,40,45,50,60,NA,60,55,55,60,60,NA,80,40,45,75,65
S120,F,Two LoF,NA,NA,NA,NA,NA,NA,3.9,NA,115,125,125,125,125,NA,115,35,35,40,40,NA,45,50,50,55,55,NA,75,35,35,40,40
S121,F,Two LoF,Y,Y,2,1.3,Y,Y,20.5,85,100,100,115,115,120,NA,115,70,75,75,75,60,50,75,80,75,75,NA,80,60,65,65,65
S122,F,Two LoF,Y,Y,3.6,4.1,Y,Y,15.6,90,100,115,125,125,125,125,110,70,75,80,85,85,80,70,70,65,75,90,100,40,45,50,55
S122,F,Two LoF,Y,Y,3.6,4.1,Y,Y,20.3,85,115,125,125,115,125,NA,115,70,75,80,85,85,95,100,105,85,100,NA,115,70,75,75,85
S122,F,Two LoF,Y,Y,3.6,4.1,Y,Y,20.3,85,115,115,125,115,125,NA,105,70,75,80,80,90,100,95,105,90,100,NA,100,70,75,80,80
S122,F,Two LoF,Y,Y,3.6,4.1,Y,Y,20.4,85,105,125,125,115,125,NA,105,70,75,80,85,85,90,100,105,90,100,NA,110,70,75,80,85
S122,F,Two LoF,Y,Y,3.6,4.1,Y,Y,20.4,85,110,120,125,105,120,NA,110,70,75,80,85,90,100,100,105,85,90,NA,110,70,75,80,85
S122,F,Two LoF,Y,Y,3.6,4.1,Y,Y,20.5,90,110,125,125,105,120,NA,110,70,75,80,85,90,95,95,95,80,90,NA,110,70,75,80,85
S122,F,Two LoF,Y,Y,3.6,4.1,Y,Y,20.5,85,110,120,125,100,115,NA,105,70,75,80,80,75,80,75,75,70,80,NA,95,45,50,55,75
S122,F,Two LoF,Y,Y,3.6,4.1,Y,Y,20.8,NA,55,45,45,45,70,70,NA,NA,NA,NA,NA,NA,55,45,35,35,70,70,NA,NA,NA,NA,NA
S123,M,Two LoF,Y,Y,1.4,1.1,Y,Y,0.3,NA,NA,65,100,75,95,NA,NA,NA,NA,NA,NA,NA,NA,70,90,75,95,NA,NA,NA,NA,NA,NA
S123,M,Two LoF,Y,Y,1.4,1.1,Y,Y,0.9,NA,65,65,65,70,75,75,NA,NA,NA,NA,NA,NA,65,65,70,75,75,75,NA,NA,NA,NA,NA
S123,M,Two LoF,Y,Y,1.4,1.1,Y,Y,1.6,NA,65,60,65,85,90,90,NA,NA,NA,NA,NA,NA,65,60,65,85,90,90,NA,NA,NA,NA,NA
S123,M,Two LoF,Y,Y,1.4,1.1,Y,Y,4.0,NA,NA,90,95,105,105,NA,NA,75,80,80,85,NA,NA,100,105,100,105,NA,NA,75,80,85,85
S123,M,Two LoF,Y,Y,1.4,1.1,Y,Y,4.1,NA,NA,65,70,90,85,NA,NA,60,70,85,85,NA,NA,110,110,110,105,NA,NA,75,80,85,85
S123,M,Two LoF,Y,Y,1.4,1.1,Y,Y,4.6,NA,65,70,70,80,85,NA,95,NA,NA,NA,NA,NA,100,110,125,110,105,NA,95,NA,NA,NA,NA
S123,M,Two LoF,Y,Y,1.4,1.1,Y,Y,4.6,NA,65,65,70,80,85,NA,95,50,65,75,80,NA,NA,50,70,80,80,NA,95,70,75,80,85
S123,M,Two LoF,Y,Y,1.4,1.1,Y,Y,4.6,NA,65,65,65,90,85,NA,110,55,55,80,75,NA,100,105,120,115,110,NA,105,75,80,85,85
S123,M,Two LoF,Y,Y,1.4,1.1,Y,Y,4.8,NA,65,75,85,95,95,NA,105,40,45,75,85,NA,95,105,120,120,120,NA,105,80,80,85,85
S123,M,Two LoF,Y,Y,1.4,1.1,Y,Y,5.1,60,60,65,65,90,85,NA,100,55,55,80,80,65,85,105,125,120,120,NA,105,80,80,85,85
S123,M,Two LoF,Y,Y,1.4,1.1,Y,Y,5.8,NA,75,70,80,105,100,NA,110,60,75,80,85,NA,95,105,125,120,120,NA,115,75,80,80,85
S123,M,Two LoF,Y,Y,1.4,1.1,Y,Y,6.4,75,75,80,80,100,100,NA,110,60,85,85,90,90,95,105,125,125,125,NA,110,80,85,85,90
S123,M,Two LoF,Y,Y,1.4,1.1,Y,Y,6.9,NA,60,60,75,95,90,NA,105,80,85,85,90,NA,85,115,120,120,115,NA,105,80,85,85,90
S123,M,Two LoF,Y,Y,1.4,1.1,Y,Y,7.3,70,70,70,75,100,100,NA,105,45,55,85,90,75,90,105,120,115,115,NA,105,80,85,85,90
S123,M,Two LoF,Y,Y,1.4,1.1,Y,Y,7.3,65,65,80,80,95,95,NA,110,50,55,85,90,70,90,110,120,115,110,NA,90,80,80,85,90
S123,M,Two LoF,Y,Y,1.4,1.1,Y,Y,7.4,70,65,75,80,105,100,NA,110,45,55,85,90,80,90,125,125,125,125,NA,110,NA,NA,85,90
S123,M,Two LoF,Y,Y,1.4,1.1,Y,Y,7.4,65,65,80,100,120,120,NA,110,60,70,75,85,90,90,110,125,125,125,NA,115,70,75,75,85
S123,M,Two LoF,Y,Y,1.4,1.1,Y,Y,7.5,65,60,80,95,125,125,NA,110,35,50,75,75,85,90,115,125,125,125,NA,105,70,75,75,75
S123,M,Two LoF,Y,Y,1.4,1.1,Y,Y,7.6,70,60,80,100,125,125,NA,110,35,50,75,85,85,85,100,125,125,125,NA,105,70,75,75,80
S123,M,Two LoF,Y,Y,1.4,1.1,Y,Y,7.6,70,70,75,75,100,100,NA,110,40,55,75,85,90,90,105,125,125,125,NA,105,70,75,75,85
S123,M,Two LoF,Y,Y,1.4,1.1,Y,Y,7.8,65,70,75,80,100,95,105,110,50,60,85,85,85,95,105,125,125,125,115,110,75,80,85,85
S123,M,Two LoF,Y,Y,1.4,1.1,Y,Y,9.3,60,55,65,80,100,90,NA,100,30,55,85,85,75,90,110,115,120,120,115,110,70,75,85,85
S123,M,Two LoF,Y,Y,1.4,1.1,Y,Y,10.0,60,55,65,75,95,90,100,100,45,65,90,95,95,100,110,110,120,120,105,100,75,75,95,90
S123,M,Two LoF,Y,Y,1.4,1.1,Y,Y,10.3,65,60,65,80,95,90,100,100,40,70,85,85,95,100,115,115,115,120,115,100,70,80,95,90
S124,M,One non-LoF,Y,Y,3.6,2.6,Y,Y,18.2,75,90,95,105,105,120,NA,115,70,75,80,85,80,85,100,110,110,120,NA,110,70,75,80,85
S124,M,One non-LoF,Y,Y,3.6,2.6,Y,Y,21.0,75,85,100,110,110,120,110,110,70,75,75,75,80,85,100,110,110,120,110,110,70,75,75,75
S125,F,Two LoF,Y,Y,2.8,2.2,Y,Y,0.4,NA,NA,35,NA,NA,NA,NA,NA,NA,NA,NA,NA,NA,NA,55,NA,NA,70,NA,NA,NA,NA,NA,NA
S125,F,Two LoF,Y,Y,2.8,2.2,Y,Y,0.6,NA,20,20,25,35,35,35,NA,NA,NA,NA,NA,NA,20,20,25,35,35,35,NA,NA,NA,NA,NA
S125,F,Two LoF,Y,Y,2.8,2.2,Y,Y,1.1,NA,15,20,35,40,45,45,NA,NA,NA,NA,NA,NA,15,20,35,40,45,45,NA,NA,NA,NA,NA
S125,F,Two LoF,Y,Y,2.8,2.2,Y,Y,7.2,60,65,70,75,70,75,80,85,60,55,65,70,45,55,55,65,55,60,85,95,45,55,55,70
S125,F,Two LoF,Y,Y,2.8,2.2,Y,Y,9.1,55,65,70,80,75,85,NA,90,50,60,70,80,45,45,50,65,60,70,80,100,40,55,60,70
S125,F,Two LoF,Y,Y,2.8,2.2,Y,Y,11.5,60,65,65,80,75,80,90,90,45,50,55,80,55,55,50,60,60,80,80,110,30,50,45,85
S126,M,Two LoF,Y,Y,1.9,3.3,Y,Y,23.5,45,55,65,65,75,105,NA,95,60,60,65,75,60,95,100,110,100,115,NA,105,70,75,80,85
S127,M,One non-LoF,Y,Y,2.5,3.4,Y,Y,1.1,NA,NA,65,NA,70,80,NA,NA,NA,NA,NA,NA,NA,NA,50,50,80,85,NA,NA,NA,NA,NA,NA
S127,M,One non-LoF,Y,Y,2.5,3.4,Y,Y,1.6,NA,NA,70,75,75,90,NA,NA,NA,NA,NA,NA,NA,NA,70,75,75,90,NA,NA,NA,NA,NA,NA
S127,M,One non-LoF,Y,Y,2.5,3.4,Y,Y,2.1,NA,NA,65,75,75,90,NA,NA,NA,NA,NA,NA,NA,NA,65,75,75,90,NA,NA,NA,NA,NA,NA
S127,M,One non-LoF,Y,Y,2.5,3.4,Y,Y,2.5,NA,NA,70,80,80,85,NA,NA,NA,NA,NA,NA,NA,NA,70,80,80,85,NA,NA,NA,NA,NA,NA
S127,M,One non-LoF,Y,Y,2.5,3.4,Y,Y,3.0,NA,NA,80,95,95,120,NA,NA,NA,NA,NA,NA,NA,NA,80,95,95,120,NA,NA,NA,NA,NA,NA
S127,M,One non-LoF,Y,Y,2.5,3.4,Y,Y,3.1,NA,80,85,110,110,120,NA,95,75,80,80,85,NA,50,45,55,100,95,95,NA,35,45,80,85
S127,M,One non-LoF,Y,Y,2.5,3.4,Y,Y,3.1,NA,70,85,95,95,105,110,95,75,80,80,85,NA,50,45,50,110,100,NA,95,40,45,80,85
S127,M,One non-LoF,Y,Y,2.5,3.4,Y,Y,3.2,NA,90,105,120,120,120,NA,90,45,50,75,85,NA,55,60,65,105,115,NA,95,45,50,75,85
S127,M,One non-LoF,Y,Y,2.5,3.4,Y,Y,3.3,NA,90,95,105,115,120,NA,95,40,40,80,85,NA,55,60,60,110,115,NA,95,40,40,80,85
S127,M,One non-LoF,Y,Y,2.5,3.4,Y,Y,3.5,NA,110,105,105,110,120,110,100,40,45,85,85,NA,55,60,60,105,120,NA,105,40,40,85,85
S127,M,One non-LoF,Y,Y,2.5,3.4,Y,Y,3.5,NA,55,60,60,100,110,NA,80,NA,NA,NA,NA,NA,55,60,60,100,110,NA,80,NA,NA,NA,NA
S127,M,One non-LoF,Y,Y,2.5,3.4,Y,Y,3.6,NA,NA,75,75,90,85,NA,NA,NA,NA,NA,NA,NA,NA,75,75,90,85,NA,NA,NA,NA,NA,NA
S127,M,One non-LoF,Y,Y,2.5,3.4,Y,Y,3.8,NA,105,105,115,125,115,120,NA,40,45,85,85,NA,50,55,60,85,90,110,NA,40,45,85,85
S127,M,One non-LoF,Y,Y,2.5,3.4,Y,Y,4.5,NA,110,125,125,105,115,110,NA,75,70,80,85,NA,50,55,55,75,90,NA,100,45,45,80,85
S127,M,One non-LoF,Y,Y,2.5,3.4,Y,Y,4.7,NA,100,105,105,115,120,115,NA,75,75,80,85,NA,60,60,70,100,115,105,NA,45,50,80,85
S127,M,One non-LoF,Y,Y,2.5,3.4,Y,Y,5.2,75,90,90,95,125,125,NA,110,NA,NA,NA,NA,55,60,65,75,110,120,NA,105,NA,NA,NA,NA
S127,M,One non-LoF,Y,Y,2.5,3.4,Y,Y,5.7,NA,110,115,125,120,125,115,110,NA,NA,NA,NA,NA,50,50,60,105,115,120,110,40,45,85,90
S127,M,One non-LoF,Y,Y,2.5,3.4,Y,Y,6.2,NA,105,110,120,115,125,NA,110,75,80,85,85,NA,45,50,60,110,115,110,110,40,45,85,85
S128,M,Two LoF,NA,NA,NA,NA,NA,NA,5.4,NA,30,55,60,55,50,85,90,NA,NA,NA,NA,NA,45,55,75,75,95,NA,105,NA,NA,NA,NA
S128,M,Two LoF,NA,NA,NA,NA,NA,NA,7.3,NA,70,100,95,90,90,NA,95,NA,NA,NA,NA,NA,35,75,80,100,95,NA,95,60,70,75,75
S128,M,Two LoF,NA,NA,NA,NA,NA,NA,7.3,NA,60,95,95,100,105,NA,105,60,65,75,80,NA,50,85,85,95,95,NA,105,50,65,70,75
S129,M,Two LoF,NA,NA,NA,NA,NA,NA,0.5,NA,NA,NA,NA,45,55,NA,NA,NA,NA,NA,NA,NA,NA,NA,55,45,NA,NA,NA,NA,NA,NA,NA
S129,M,Two LoF,NA,NA,NA,NA,NA,NA,0.6,NA,NA,40,35,35,70,NA,NA,NA,NA,NA,NA,NA,35,35,50,45,NA,NA,NA,NA,NA,NA,NA
S130,M,Two LoF,Y,Y,2.5,2.1,Y,Y,1.3,NA,NA,90,95,95,95,NA,NA,NA,NA,NA,NA,NA,NA,80,95,95,95,NA,NA,NA,NA,NA,NA
S130,M,Two LoF,Y,Y,2.5,2.1,Y,Y,1.6,NA,NA,85,90,90,90,NA,NA,NA,NA,NA,NA,NA,NA,85,90,90,90,NA,NA,NA,NA,NA,NA
S130,M,Two LoF,Y,Y,2.5,2.1,Y,Y,1.8,NA,NA,90,95,95,95,NA,NA,NA,NA,NA,NA,NA,NA,90,95,95,95,NA,NA,NA,NA,NA,NA
S130,M,Two LoF,Y,Y,2.5,2.1,Y,Y,2.1,NA,85,90,90,95,100,NA,NA,NA,NA,NA,NA,NA,85,90,90,95,100,NA,NA,NA,NA,NA,NA
S130,M,Two LoF,Y,Y,2.5,2.1,Y,Y,2.3,NA,95,100,95,95,105,NA,NA,NA,NA,NA,NA,NA,95,100,95,95,105,NA,NA,NA,NA,NA,NA
S130,M,Two LoF,Y,Y,2.5,2.1,Y,Y,2.6,NA,80,85,95,95,105,NA,NA,NA,NA,NA,NA,NA,80,85,95,95,105,NA,NA,NA,NA,NA,NA
S130,M,Two LoF,Y,Y,2.5,2.1,Y,Y,2.8,NA,75,80,90,90,90,NA,NA,NA,NA,NA,NA,NA,75,80,90,90,90,NA,NA,NA,NA,NA,NA
S130,M,Two LoF,Y,Y,2.5,2.1,Y,Y,3.0,NA,110,95,105,105,115,NA,NA,NA,NA,NA,NA,NA,100,105,100,95,115,NA,NA,NA,NA,NA,NA
S130,M,Two LoF,Y,Y,2.5,2.1,Y,Y,3.2,NA,75,100,95,100,105,NA,NA,NA,NA,NA,NA,NA,75,100,95,100,105,NA,NA,NA,NA,NA,NA
S130,M,Two LoF,Y,Y,2.5,2.1,Y,Y,3.6,NA,80,95,90,100,105,90,NA,NA,NA,NA,NA,NA,80,95,90,100,105,90,NA,NA,NA,NA,NA
S130,M,Two LoF,Y,Y,2.5,2.1,Y,Y,3.9,NA,110,115,110,120,120,NA,110,70,75,80,85,NA,110,105,105,100,115,120,110,70,75,80,85
S130,M,Two LoF,Y,Y,2.5,2.1,Y,Y,4.2,NA,110,110,105,110,120,110,105,70,75,80,85,NA,95,100,100,105,115,115,105,70,75,80,85
S130,M,Two LoF,Y,Y,2.5,2.1,Y,Y,4.5,NA,110,115,110,115,125,120,115,70,75,80,85,NA,100,95,100,105,110,120,115,70,75,80,85
S130,M,Two LoF,Y,Y,2.5,2.1,Y,Y,5.0,NA,110,115,110,115,125,NA,110,70,75,75,80,NA,100,95,100,100,110,NA,110,70,75,75,80
S130,M,Two LoF,Y,Y,2.5,2.1,Y,Y,5.3,90,110,120,105,110,120,115,110,70,75,80,85,90,100,105,100,100,105,110,110,70,75,80,85
S130,M,Two LoF,Y,Y,2.5,2.1,Y,Y,5.6,90,110,115,110,110,115,105,105,70,75,80,80,85,90,100,100,105,110,110,105,70,75,80,80
S130,M,Two LoF,Y,Y,2.5,2.1,Y,Y,6.1,90,110,105,110,115,125,110,110,70,75,80,85,80,90,105,105,105,110,110,110,70,75,80,85
S130,M,Two LoF,Y,Y,2.5,2.1,Y,Y,6.5,80,95,105,100,100,110,NA,110,70,75,75,75,70,75,80,95,90,110,NA,110,70,75,75,75
S130,M,Two LoF,Y,Y,2.5,2.1,Y,Y,7.0,90,110,100,100,105,105,NA,105,70,75,75,80,90,95,105,100,95,105,NA,100,70,75,80,80
S130,M,Two LoF,Y,Y,2.5,2.1,Y,Y,7.3,85,105,110,105,110,120,NA,110,70,75,75,75,85,100,110,105,105,120,NA,110,70,75,75,75
S130,M,Two LoF,Y,Y,2.5,2.1,Y,Y,10.3,80,110,120,115,120,125,120,110,80,80,85,85,80,105,120,115,115,120,105,105,80,80,85,85
S130,M,Two LoF,Y,Y,2.5,2.1,Y,Y,11.6,75,110,120,115,115,125,115,110,80,85,85,90,80,105,115,120,120,125,120,110,80,85,85,90
S130,M,Two LoF,Y,Y,2.5,2.1,Y,Y,12.4,90,115,115,110,115,120,NA,110,NA,NA,NA,NA,90,105,105,115,120,125,NA,110,NA,NA,NA,NA
S130,M,Two LoF,Y,Y,2.5,2.1,Y,Y,12.9,90,110,110,110,115,125,NA,110,60,65,75,85,90,100,115,110,120,125,NA,115,60,65,75,85
S130,M,Two LoF,Y,Y,2.5,2.1,Y,Y,14.8,90,110,120,120,120,120,NA,110,65,80,85,75,85,95,110,110,120,115,NA,95,65,80,85,75
S130,M,Two LoF,Y,Y,2.5,2.1,Y,Y,16.4,95,110,120,115,125,125,NA,115,70,75,80,85,95,110,115,120,125,125,NA,115,70,75,80,85
S131,M,One non-LoF,Y,Y,2.5,4,Y,Y,6.2,65,70,80,80,75,75,65,105,60,50,50,70,65,75,85,95,95,115,95,105,60,60,75,80
S131,M,One non-LoF,Y,Y,2.5,4,Y,Y,6.5,65,75,85,85,80,80,70,105,50,60,55,55,70,80,90,95,100,115,110,105,60,65,70,75
S131,M,One non-LoF,Y,Y,2.5,4,Y,Y,6.7,70,75,80,80,75,85,80,100,55,60,65,70,80,100,100,100,105,105,105,105,55,65,70,80
S131,M,One non-LoF,Y,Y,2.5,4,Y,Y,6.8,75,85,85,90,80,80,75,105,60,70,75,90,90,100,105,105,110,115,100,105,60,70,75,85
S131,M,One non-LoF,Y,Y,2.5,4,Y,Y,6.8,75,80,85,85,85,75,85,115,55,60,75,70,75,95,90,100,105,110,110,105,55,60,75,70
S131,M,One non-LoF,Y,Y,2.5,4,Y,Y,6.9,80,85,90,90,85,85,85,100,55,60,75,70,80,95,105,100,100,115,110,105,55,60,75,75
S131,M,One non-LoF,Y,Y,2.5,4,Y,Y,7.0,65,70,80,85,85,85,75,105,55,70,75,75,70,80,90,100,105,105,105,100,60,70,75,85
S131,M,One non-LoF,Y,Y,2.5,4,Y,Y,7.2,60,75,85,85,80,80,70,100,55,70,70,70,60,80,90,95,95,105,95,100,60,70,75,85
S131,M,One non-LoF,Y,Y,2.5,4,Y,Y,7.5,60,70,80,90,85,85,85,105,55,70,75,80,60,75,90,95,95,110,115,105,60,70,80,80
S131,M,One non-LoF,Y,Y,2.5,4,Y,Y,7.7,60,75,85,90,85,85,90,100,55,70,80,80,65,80,90,100,95,110,90,100,60,75,80,80
S131,M,One non-LoF,Y,Y,2.5,4,Y,Y,8.0,70,80,85,95,85,85,85,110,50,75,85,85,65,80,85,95,100,110,105,105,60,70,85,85
S131,M,One non-LoF,Y,Y,2.5,4,Y,Y,8.2,60,75,80,85,80,80,80,110,55,65,80,80,65,75,80,95,95,110,105,100,60,70,80,85
S131,M,One non-LoF,Y,Y,2.5,4,Y,Y,8.5,60,70,75,85,80,85,80,105,60,65,80,85,70,80,85,95,95,110,105,105,60,65,80,85
S131,M,One non-LoF,Y,Y,2.5,4,Y,Y,8.7,65,70,75,85,80,90,NA,105,65,65,85,90,65,75,85,100,100,110,NA,100,65,65,85,90
S131,M,One non-LoF,Y,Y,2.5,4,Y,Y,8.9,70,80,80,85,80,80,NA,90,55,60,70,75,65,75,85,95,90,100,NA,100,70,70,85,85
S131,M,One non-LoF,Y,Y,2.5,4,Y,Y,9.1,65,75,80,85,80,80,NA,90,55,65,65,75,60,75,85,100,100,105,115,105,55,65,65,75
S131,M,One non-LoF,Y,Y,2.5,4,Y,Y,9.4,65,75,70,80,75,80,75,100,60,65,70,70,65,75,90,95,100,110,115,100,60,65,70,85
S131,M,One non-LoF,Y,Y,2.5,4,Y,Y,9.6,60,70,80,80,80,85,95,110,55,60,70,70,60,80,90,100,100,105,105,110,60,65,80,75
S131,M,One non-LoF,Y,Y,2.5,4,Y,Y,9.8,50,65,75,75,75,80,85,105,50,55,75,75,60,80,80,95,95,105,105,105,60,65,75,80
S131,M,One non-LoF,Y,Y,2.5,4,Y,Y,10.1,55,70,75,80,75,90,90,110,50,55,75,80,65,80,85,95,95,105,115,105,55,60,85,85
S131,M,One non-LoF,Y,Y,2.5,4,Y,Y,10.3,60,70,75,80,75,85,75,110,55,55,75,75,60,75,85,95,100,110,115,105,65,65,85,90
S131,M,One non-LoF,Y,Y,2.5,4,Y,Y,10.6,60,70,75,80,85,85,80,115,50,60,75,85,65,80,85,95,100,110,105,110,60,65,75,85
S131,M,One non-LoF,Y,Y,2.5,4,Y,Y,10.7,55,70,80,85,75,80,70,110,45,60,70,80,60,80,80,95,100,110,105,110,45,60,75,85
S131,M,One non-LoF,Y,Y,2.5,4,Y,Y,11.0,55,70,75,80,75,80,75,115,50,55,75,75,60,80,85,95,100,110,105,110,50,60,80,90
S131,M,One non-LoF,Y,Y,2.5,4,Y,Y,11.2,50,70,75,75,70,75,70,115,50,55,60,65,60,80,85,95,95,110,105,110,50,55,80,90
S131,M,One non-LoF,Y,Y,2.5,4,Y,Y,11.4,60,65,75,80,75,80,NA,95,45,50,60,65,60,75,80,90,100,110,110,105,50,60,75,85
S131,M,One non-LoF,Y,Y,2.5,4,Y,Y,11.6,55,65,75,75,70,75,75,105,45,55,65,65,65,75,80,90,100,110,NA,100,50,60,75,85
S131,M,One non-LoF,Y,Y,2.5,4,Y,Y,11.9,55,70,75,80,70,75,70,95,45,55,65,70,65,75,80,90,105,115,110,110,55,60,75,85
S131,M,One non-LoF,Y,Y,2.5,4,Y,Y,12.1,55,70,75,80,75,75,70,95,55,60,70,75,65,75,80,90,100,110,105,105,55,60,75,85
S131,M,One non-LoF,Y,Y,2.5,4,Y,Y,12.6,60,60,75,80,75,80,NA,95,50,60,65,70,65,75,85,95,95,110,NA,110,55,60,80,85
S131,M,One non-LoF,Y,Y,2.5,4,Y,Y,13.0,60,65,80,80,75,80,75,95,45,60,70,65,65,75,85,90,95,105,NA,105,55,60,85,85
S131,M,One non-LoF,Y,Y,2.5,4,Y,Y,13.5,55,65,75,75,75,80,85,95,50,60,65,70,65,75,85,90,95,110,105,100,50,60,75,75
S131,M,One non-LoF,Y,Y,2.5,4,Y,Y,13.9,55,65,75,80,75,80,80,100,60,70,75,75,60,75,85,90,100,110,115,110,55,70,85,90
S131,M,One non-LoF,Y,Y,2.5,4,Y,Y,14.4,45,50,75,75,75,80,85,100,65,65,75,80,60,75,85,90,95,105,NA,105,60,70,85,90
S131,M,One non-LoF,Y,Y,2.5,4,Y,Y,15.0,50,60,75,75,75,80,80,95,55,65,75,80,65,75,85,90,95,105,NA,105,50,60,80,85
S132,F,Two LoF,Y,Y,2.5,2.3,Y,Y,2.8,NA,NA,45,75,80,85,NA,NA,NA,NA,NA,NA,NA,NA,90,90,90,90,NA,NA,NA,NA,NA,NA
S132,F,Two LoF,Y,Y,2.5,2.3,Y,Y,2.8,NA,NA,75,100,105,105,NA,NA,NA,NA,NA,NA,NA,NA,95,95,100,105,NA,NA,NA,NA,NA,NA
S133,M,Two LoF,Y,Y,1.5,1.3,Y,Y,16.2,45,50,50,80,85,105,NA,105,50,70,75,70,75,80,85,95,105,100,NA,105,55,75,80,70
S133,M,Two LoF,Y,Y,1.5,1.3,Y,Y,18.2,30,50,70,105,115,115,115,110,70,80,85,90,90,95,115,120,125,125,120,110,85,80,85,90
S133,M,Two LoF,Y,Y,1.5,1.3,Y,Y,19.8,45,60,75,100,115,115,115,110,60,65,85,90,75,100,115,125,125,125,120,110,80,85,85,90
S133,M,Two LoF,Y,Y,1.5,1.3,Y,Y,20.8,40,60,75,100,110,120,NA,110,60,85,85,90,90,100,125,125,125,125,NA,110,80,85,85,90
S133,M,Two LoF,Y,Y,1.5,1.3,Y,Y,21.7,50,55,70,75,110,105,100,110,60,70,85,85,60,90,120,125,125,120,110,105,75,80,85,85
S133,M,Two LoF,Y,Y,1.5,1.3,Y,Y,22.3,50,60,80,110,115,115,110,110,70,80,85,85,85,110,125,125,125,125,115,110,70,80,85,85
S133,M,Two LoF,Y,Y,1.5,1.3,Y,Y,22.9,90,100,100,100,110,120,110,110,70,75,75,85,90,110,125,125,125,125,115,110,70,75,75,85
S133,M,Two LoF,Y,Y,1.5,1.3,Y,Y,22.9,75,85,100,105,115,120,NA,115,70,75,75,85,85,105,120,125,125,120,NA,110,70,80,85,85
S133,M,Two LoF,Y,Y,1.5,1.3,Y,Y,22.9,75,85,105,115,115,120,115,110,70,80,80,80,85,105,120,125,125,125,115,110,70,85,85,85
S133,M,Two LoF,Y,Y,1.5,1.3,Y,Y,22.9,70,80,95,105,100,115,115,110,70,80,80,80,85,105,120,125,125,125,115,110,70,85,85,85
S133,M,Two LoF,Y,Y,1.5,1.3,Y,Y,23.0,75,85,95,110,115,115,110,105,70,80,85,85,85,105,125,125,125,125,115,115,70,80,85,85
S133,M,Two LoF,Y,Y,1.5,1.3,Y,Y,23.0,75,80,100,115,115,125,NA,110,70,80,85,85,85,110,125,125,125,125,NA,110,70,80,85,85
S133,M,Two LoF,Y,Y,1.5,1.3,Y,Y,23.3,90,110,125,125,125,125,115,110,70,80,85,85,90,110,125,125,125,125,115,110,70,80,85,85
S133,M,Two LoF,Y,Y,1.5,1.3,Y,Y,23.3,100,110,125,125,125,125,115,100,70,80,85,85,100,115,125,125,125,125,115,110,70,80,85,85
S133,M,Two LoF,Y,Y,1.5,1.3,Y,Y,23.9,NA,115,120,125,125,120,NA,105,70,80,85,85,NA,115,120,125,125,120,NA,105,70,80,85,85
S133,M,Two LoF,Y,Y,1.5,1.3,Y,Y,24.4,NA,NA,120,125,125,120,NA,NA,70,80,90,85,NA,NA,120,125,125,120,NA,NA,75,80,90,85
S134,M,Two LoF,Y,Y,1.3,1.1,Y,Y,3.7,NA,85,80,100,100,95,105,NA,70,80,85,85,NA,90,95,100,105,110,NA,105,70,75,80,80
S134,M,Two LoF,Y,Y,1.3,1.1,Y,Y,3.9,NA,85,90,105,105,100,105,NA,NA,NA,NA,NA,NA,85,90,105,105,95,105,NA,NA,NA,NA,NA
S134,M,Two LoF,Y,Y,1.3,1.1,Y,Y,4.0,65,90,100,95,105,110,100,95,70,75,75,85,60,75,90,90,95,115,95,105,70,75,80,85
S134,M,Two LoF,Y,Y,1.3,1.1,Y,Y,4.2,75,105,105,125,115,115,115,105,75,80,85,85,80,95,100,110,100,110,105,105,75,80,85,85
S134,M,Two LoF,Y,Y,1.3,1.1,Y,Y,4.2,80,100,100,100,110,115,120,110,75,80,85,85,75,95,100,100,105,110,105,105,75,80,85,85
S134,M,Two LoF,Y,Y,1.3,1.1,Y,Y,5.4,NA,80,90,100,105,110,NA,110,55,70,85,85,NA,70,75,85,90,110,NA,105,55,70,85,85
S134,M,Two LoF,Y,Y,1.3,1.1,Y,Y,7.3,NA,80,95,100,110,120,115,105,65,70,85,90,NA,75,95,105,105,115,110,105,60,70,85,90
S134,M,Two LoF,Y,Y,1.3,1.1,Y,Y,7.3,75,85,95,100,105,115,120,110,60,70,85,90,70,80,85,95,90,105,110,105,60,70,85,90
S134,M,Two LoF,Y,Y,1.3,1.1,Y,Y,7.4,65,75,90,100,105,115,115,110,55,70,85,90,55,70,80,85,85,110,120,110,55,70,85,90
S134,M,Two LoF,Y,Y,1.3,1.1,Y,Y,7.5,75,85,90,100,115,115,120,115,65,65,85,90,70,85,95,100,105,115,110,100,65,65,85,90
S134,M,Two LoF,Y,Y,1.3,1.1,Y,Y,7.6,65,75,85,100,105,105,NA,105,80,80,85,90,50,60,60,80,85,85,NA,100,60,70,85,90
S134,M,Two LoF,Y,Y,1.3,1.1,Y,Y,7.9,70,80,90,95,105,115,110,110,65,65,85,90,50,65,70,85,90,105,120,110,65,65,85,90
S134,M,Two LoF,Y,Y,1.3,1.1,Y,Y,8.4,80,80,90,105,110,115,115,110,NA,NA,NA,NA,45,65,75,90,90,110,115,110,NA,NA,NA,NA
S134,M,Two LoF,Y,Y,1.3,1.1,Y,Y,8.9,85,90,100,100,110,115,115,100,75,80,85,85,70,80,90,90,85,110,115,110,60,65,85,85
S134,M,Two LoF,Y,Y,1.3,1.1,Y,Y,9.0,70,75,85,100,105,110,NA,115,65,75,95,90,50,65,70,80,85,105,NA,110,50,70,70,90
S134,M,Two LoF,Y,Y,1.3,1.1,Y,Y,9.4,90,90,95,100,110,115,115,110,70,80,85,85,45,65,70,85,90,105,115,110,50,65,80,85
S134,M,Two LoF,Y,Y,1.3,1.1,Y,Y,9.9,NA,NA,NA,NA,NA,NA,NA,NA,NA,NA,NA,NA,45,65,75,80,90,105,115,110,50,65,85,85
S134,M,Two LoF,Y,Y,1.3,1.1,Y,Y,10.1,70,80,90,100,105,110,115,110,NA,NA,NA,NA,50,65,75,85,90,110,115,110,35,65,70,85
S134,M,Two LoF,Y,Y,1.3,1.1,Y,Y,10.9,NA,105,120,125,125,120,NA,105,35,65,70,85,50,70,70,85,90,105,115,110,35,65,70,85
S135,F,One non-LoF,Y,Y,2.7,3.3,Y,Y,1.7,NA,NA,85,95,90,95,NA,NA,NA,NA,NA,NA,NA,NA,45,85,70,80,NA,NA,NA,NA,NA,NA
S135,F,One non-LoF,Y,Y,2.7,3.3,Y,Y,2.1,NA,55,60,80,90,90,NA,NA,NA,NA,NA,NA,NA,55,60,80,90,90,NA,NA,NA,NA,NA,NA
S135,F,One non-LoF,Y,Y,2.7,3.3,Y,Y,4.1,85,90,105,105,115,120,125,115,70,75,80,85,75,80,110,110,115,115,NA,115,70,75,80,85
S135,F,One non-LoF,Y,Y,2.7,3.3,Y,Y,5.8,75,85,105,110,110,90,NA,115,70,75,80,85,95,90,100,105,105,85,NA,115,70,75,80,80
S135,F,One non-LoF,Y,Y,2.7,3.3,Y,Y,6.0,75,90,100,100,105,100,100,115,70,75,75,85,95,90,95,100,105,85,90,105,70,75,80,80
S135,F,One non-LoF,Y,Y,2.7,3.3,Y,Y,11.7,75,90,100,105,90,115,NA,105,70,75,80,80,75,90,105,105,90,110,NA,105,70,75,80,80
S135,F,One non-LoF,Y,Y,2.7,3.3,Y,Y,11.8,80,90,95,105,105,115,115,105,70,75,80,80,80,90,100,95,105,100,105,105,70,75,80,80
S135,F,One non-LoF,Y,Y,2.7,3.3,Y,Y,12.4,60,80,100,100,100,110,95,90,70,75,75,75,65,75,95,100,95,85,105,110,70,75,75,75
S136,F,One non-LoF,Y,Y,1.7,1.3,N,N,0.6,NA,NA,80,85,90,90,NA,NA,NA,NA,NA,NA,NA,NA,55,55,85,75,NA,NA,NA,NA,NA,NA
S136,F,One non-LoF,Y,Y,1.7,1.3,N,N,0.6,NA,NA,100,100,95,100,NA,NA,NA,NA,NA,NA,NA,NA,75,80,105,80,NA,NA,NA,NA,NA,NA
S137,F,One non-LoF,Y,Y,3,3,Y,Y,0.2,NA,NA,80,95,NA,90,NA,NA,NA,NA,NA,NA,NA,NA,55,75,80,90,NA,NA,NA,NA,NA,NA
S137,F,One non-LoF,Y,Y,3,3,Y,Y,0.4,NA,NA,75,90,90,90,NA,NA,NA,NA,NA,NA,NA,NA,60,70,80,90,NA,NA,NA,NA,NA,NA
S137,F,One non-LoF,Y,Y,3,3,Y,Y,1.0,NA,NA,80,105,100,100,NA,NA,NA,NA,NA,NA,NA,NA,80,105,100,100,NA,NA,NA,NA,NA,NA
S137,F,One non-LoF,Y,Y,3,3,Y,Y,1.5,NA,NA,80,90,100,110,NA,NA,NA,NA,NA,NA,NA,NA,80,90,100,110,NA,NA,NA,NA,NA,NA
S137,F,One non-LoF,Y,Y,3,3,Y,Y,2.0,NA,NA,80,80,90,115,NA,NA,NA,NA,NA,NA,NA,NA,80,80,90,115,NA,NA,NA,NA,NA,NA
S137,F,One non-LoF,Y,Y,3,3,Y,Y,2.2,NA,85,95,105,110,110,NA,NA,80,80,85,85,NA,65,80,95,100,110,NA,NA,80,80,85,85
S137,F,One non-LoF,Y,Y,3,3,Y,Y,2.4,NA,70,80,95,95,110,NA,NA,NA,NA,NA,NA,NA,70,80,95,95,110,NA,NA,NA,NA,NA,NA
S137,F,One non-LoF,Y,Y,3,3,Y,Y,3.2,NA,85,90,85,105,110,NA,NA,NA,NA,NA,NA,NA,85,90,85,105,110,NA,NA,NA,NA,NA,NA
S137,F,One non-LoF,Y,Y,3,3,Y,Y,5.3,NA,90,115,125,120,125,NA,110,NA,NA,NA,NA,NA,65,75,85,110,105,NA,110,NA,NA,NA,NA
S137,F,One non-LoF,Y,Y,3,3,Y,Y,6.3,NA,95,105,125,125,120,NA,110,70,80,85,85,NA,65,70,85,105,105,110,105,70,80,85,85
S137,F,One non-LoF,Y,Y,3,3,Y,Y,6.9,NA,95,115,120,115,120,NA,105,70,80,85,85,NA,60,65,85,105,110,NA,105,70,80,85,85
S137,F,One non-LoF,Y,Y,3,3,Y,Y,7.9,NA,110,120,120,115,120,NA,100,65,70,80,75,NA,60,65,75,105,110,NA,95,65,70,80,85
S137,F,One non-LoF,Y,Y,3,3,Y,Y,8.4,95,105,110,115,110,120,110,100,70,80,85,80,75,60,65,80,105,105,110,90,65,70,80,85
S138,F,One non-LoF,Y,Y,2,2.5,Y,N,0.6,NA,NA,30,45,70,70,NA,NA,NA,NA,NA,NA,NA,NA,60,70,70,75,NA,NA,NA,NA,NA,NA
S138,F,One non-LoF,Y,Y,2,2.5,Y,N,1.2,NA,55,55,65,70,85,NA,NA,NA,NA,NA,NA,NA,55,55,65,70,85,NA,NA,NA,NA,NA,NA
S138,F,One non-LoF,Y,Y,2,2.5,Y,N,1.4,NA,NA,60,65,70,75,NA,NA,NA,NA,NA,NA,NA,NA,60,65,70,75,NA,NA,NA,NA,NA,NA
S138,F,One non-LoF,Y,Y,2,2.5,Y,N,1.6,NA,NA,65,NA,90,NA,NA,NA,NA,NA,NA,NA,NA,NA,65,NA,90,NA,NA,NA,NA,NA,NA,NA
S138,F,One non-LoF,Y,Y,2,2.5,Y,N,1.7,NA,NA,70,70,75,85,NA,NA,NA,NA,NA,NA,NA,NA,70,70,75,85,NA,NA,NA,NA,NA,NA
S138,F,One non-LoF,Y,Y,2,2.5,Y,N,2.0,NA,NA,80,85,100,90,NA,NA,NA,NA,NA,NA,NA,NA,55,70,70,75,NA,NA,NA,NA,NA,NA
S138,F,One non-LoF,Y,Y,2,2.5,Y,N,2.1,NA,NA,50,65,75,90,NA,NA,NA,NA,NA,NA,NA,NA,50,65,75,90,NA,NA,NA,NA,NA,NA
S138,F,One non-LoF,Y,Y,2,2.5,Y,N,2.1,NA,NA,55,65,80,75,NA,NA,NA,NA,NA,NA,NA,NA,90,90,100,110,NA,NA,NA,NA,NA,NA
S138,F,One non-LoF,Y,Y,2,2.5,Y,N,2.3,NA,NA,65,75,80,90,NA,NA,NA,NA,NA,NA,NA,NA,75,95,100,110,NA,NA,NA,NA,NA,NA
S138,F,One non-LoF,Y,Y,2,2.5,Y,N,2.6,NA,NA,65,70,105,120,NA,NA,NA,NA,NA,NA,NA,NA,75,85,100,105,NA,NA,NA,NA,NA,NA
S138,F,One non-LoF,Y,Y,2,2.5,Y,N,2.8,NA,NA,50,65,75,110,115,NA,55,65,85,85,NA,65,65,85,95,95,NA,NA,55,75,85,85
S138,F,One non-LoF,Y,Y,2,2.5,Y,N,3.1,NA,80,95,105,110,120,NA,NA,45,65,85,85,NA,70,65,85,110,100,NA,NA,45,65,85,85
S139,M,Two LoF,Y,Y,3.1,2.6,Y,Y,0.4,NA,NA,70,80,75,75,NA,NA,NA,NA,NA,NA,NA,NA,65,60,70,60,NA,NA,NA,NA,NA,NA
S139,M,Two LoF,Y,Y,3.1,2.6,Y,Y,0.7,NA,NA,75,80,75,75,NA,NA,NA,NA,NA,NA,NA,NA,65,60,70,60,NA,NA,NA,NA,NA,NA
S139,M,Two LoF,Y,Y,3.1,2.6,Y,Y,1.2,NA,NA,70,75,75,85,NA,NA,NA,NA,NA,NA,NA,NA,70,75,75,85,NA,NA,NA,NA,NA,NA
S139,M,Two LoF,Y,Y,3.1,2.6,Y,Y,1.5,NA,75,80,80,75,85,85,80,NA,NA,NA,NA,NA,75,80,80,75,85,85,80,NA,NA,NA,NA
S139,M,Two LoF,Y,Y,3.1,2.6,Y,Y,2.1,NA,75,75,75,75,80,85,NA,NA,NA,NA,NA,NA,75,75,75,75,80,85,80,NA,NA,NA,NA
S139,M,Two LoF,Y,Y,3.1,2.6,Y,Y,2.5,NA,75,75,75,75,80,NA,NA,NA,NA,NA,NA,NA,75,75,75,75,80,NA,80,NA,NA,NA,NA
S139,M,Two LoF,Y,Y,3.1,2.6,Y,Y,3.1,NA,NA,90,85,100,100,NA,NA,70,75,75,75,NA,NA,95,95,95,115,NA,NA,70,75,75,75
S140,M,One non-LoF,Y,Y,1.5,1.2,Y,Y,0.3,NA,NA,55,55,60,70,NA,NA,NA,NA,NA,NA,NA,NA,40,50,60,75,NA,NA,NA,NA,NA,NA
S140,M,One non-LoF,Y,Y,1.5,1.2,Y,Y,0.7,NA,NA,60,55,65,70,NA,NA,NA,NA,NA,NA,NA,NA,45,45,60,70,NA,NA,NA,NA,NA,NA
S140,M,One non-LoF,Y,Y,1.5,1.2,Y,Y,1.2,NA,NA,60,70,70,75,NA,NA,NA,NA,NA,NA,NA,NA,60,70,70,75,NA,NA,NA,NA,NA,NA
S140,M,One non-LoF,Y,Y,1.5,1.2,Y,Y,1.6,NA,NA,50,55,70,70,NA,NA,NA,NA,NA,NA,NA,NA,50,55,70,70,NA,NA,NA,NA,NA,NA
S141,F,One non-LoF,Y,Y,2.6,2.2,Y,Y,4.8,NA,NA,55,NA,25,60,NA,NA,NA,NA,NA,NA,NA,NA,80,65,NA,NA,NA,NA,NA,NA,NA,NA
S141,F,One non-LoF,Y,Y,2.6,2.2,Y,Y,5.1,NA,NA,30,30,25,50,NA,NA,25,20,15,50,NA,NA,70,65,50,60,NA,NA,25,20,15,50
S141,F,One non-LoF,Y,Y,2.6,2.2,Y,Y,5.2,NA,NA,95,95,80,95,NA,NA,55,65,70,85,NA,NA,105,115,105,115,NA,NA,50,65,80,85
S141,F,One non-LoF,Y,Y,2.6,2.2,Y,Y,5.2,NA,85,85,90,75,85,NA,110,55,60,70,70,NA,95,105,115,105,115,NA,100,60,80,85,85
S142,F,Two LoF,Y,Y,1.8,1.8,Y,Y,32.6,70,90,75,95,105,110,120,110,65,80,85,85,60,75,75,95,105,110,100,100,65,80,85,85
S142,F,Two LoF,Y,Y,1.8,1.8,Y,Y,33.1,65,80,65,95,105,110,115,105,65,80,85,85,60,75,75,90,100,115,110,105,65,80,85,85
S143,F,Two LoF,Y,Y,NA,NA,NA,NA,12.2,NA,70,70,85,90,95,NA,NA,NA,NA,NA,NA,NA,85,90,90,85,110,NA,NA,NA,NA,NA,NA
S144,M,Two LoF,Y,Y,1.7,1.4,Y,Y,3.9,NA,NA,55,55,55,60,NA,NA,45,45,55,50,NA,NA,60,60,55,65,NA,NA,50,50,55,55
S144,M,Two LoF,Y,Y,1.7,1.4,Y,Y,4.1,NA,NA,55,55,55,60,NA,NA,45,45,45,50,NA,NA,55,65,60,85,NA,NA,50,55,50,70
S145,M,Two LoF,Y,Y,3.9,4.2,Y,Y,6.2,60,70,90,100,105,115,NA,100,70,75,85,85,65,75,85,105,105,115,NA,100,65,75,85,85
S145,M,Two LoF,Y,Y,3.9,4.2,Y,Y,6.7,40,60,95,95,105,110,NA,105,75,80,85,85,45,50,85,95,100,110,NA,105,75,80,85,85
S145,M,Two LoF,Y,Y,3.9,4.2,Y,Y,7.0,45,60,95,105,105,110,120,110,75,80,85,85,40,50,80,100,105,110,110,100,75,80,85,85
S145,M,Two LoF,Y,Y,3.9,4.2,Y,Y,7.5,55,65,90,95,100,115,110,95,75,80,80,85,60,55,70,95,100,120,110,95,75,80,80,85
S145,M,Two LoF,Y,Y,3.9,4.2,Y,Y,8.0,50,65,90,105,105,110,120,110,80,80,85,85,40,55,75,95,100,105,95,95,80,80,85,85
S145,M,Two LoF,Y,Y,3.9,4.2,Y,Y,8.3,75,90,100,110,120,125,NA,110,75,80,85,90,70,75,95,100,105,120,NA,110,75,80,85,90
S145,M,Two LoF,Y,Y,3.9,4.2,Y,Y,8.5,60,70,95,105,105,110,120,115,65,70,85,85,50,55,75,100,105,115,105,110,60,70,85,85
S145,M,Two LoF,Y,Y,3.9,4.2,Y,Y,9.2,65,85,100,100,115,115,110,115,65,75,85,85,35,55,75,95,100,105,120,105,50,70,85,85
S145,M,Two LoF,Y,Y,3.9,4.2,Y,Y,10.0,55,80,100,100,100,115,115,110,60,70,85,90,45,55,75,95,100,110,120,110,50,70,85,90
S145,M,Two LoF,Y,Y,3.9,4.2,Y,Y,10.5,55,65,90,90,100,110,110,110,NA,NA,NA,NA,45,50,70,95,105,110,115,110,NA,NA,NA,NA
S145,M,Two LoF,Y,Y,3.9,4.2,Y,Y,11.0,80,90,90,95,100,115,115,NA,65,65,85,85,55,50,75,95,105,115,115,NA,50,65,85,85
S145,M,Two LoF,Y,Y,3.9,4.2,Y,Y,11.4,65,80,95,95,105,120,115,110,45,65,85,85,50,55,65,95,105,115,110,110,30,60,75,80
S145,M,Two LoF,Y,Y,3.9,4.2,Y,Y,11.8,65,70,100,95,100,110,115,110,45,50,85,85,55,50,75,90,105,110,105,105,35,50,85,85
S145,M,Two LoF,Y,Y,3.9,4.2,Y,Y,12.3,75,80,95,100,105,110,110,105,45,60,85,85,50,50,75,100,105,115,110,110,40,50,85,85
S145,M,Two LoF,Y,Y,3.9,4.2,Y,Y,12.8,70,80,95,105,110,110,115,110,55,60,85,85,50,50,80,105,105,110,110,110,55,60,85,85
S145,M,Two LoF,Y,Y,3.9,4.2,Y,Y,13.8,75,85,95,100,100,120,115,100,60,65,80,75,60,55,75,90,100,115,110,100,55,60,80,75
S146,F,Two LoF,Y,Y,1.8,1.9,Y,Y,0.4,NA,NA,45,60,65,75,NA,NA,NA,NA,NA,NA,NA,NA,30,55,70,75,NA,NA,NA,NA,NA,NA
S146,F,Two LoF,Y,Y,1.8,1.9,Y,Y,0.7,NA,NA,45,55,65,80,NA,NA,NA,NA,NA,NA,NA,NA,30,45,70,75,NA,NA,NA,NA,NA,NA
S146,F,Two LoF,Y,Y,1.8,1.9,Y,Y,1.3,NA,NA,50,65,80,85,NA,NA,NA,NA,NA,NA,NA,NA,50,65,80,85,NA,NA,NA,NA,NA,NA
S146,F,Two LoF,Y,Y,1.8,1.9,Y,Y,1.7,NA,NA,50,70,85,95,NA,NA,NA,NA,NA,NA,NA,NA,50,70,85,95,NA,NA,NA,NA,NA,NA
S146,F,Two LoF,Y,Y,1.8,1.9,Y,Y,2.2,NA,NA,55,70,105,105,NA,NA,NA,NA,NA,NA,NA,NA,55,70,105,105,NA,NA,NA,NA,NA,NA
S146,F,Two LoF,Y,Y,1.8,1.9,Y,Y,2.7,NA,60,50,75,75,85,NA,NA,NA,NA,NA,NA,NA,60,50,75,75,85,NA,NA,NA,NA,NA,NA
S146,F,Two LoF,Y,Y,1.8,1.9,Y,Y,2.8,NA,50,45,75,75,95,NA,115,35,65,70,85,NA,50,50,75,95,90,NA,95,40,65,80,80
S146,F,Two LoF,Y,Y,1.8,1.9,Y,Y,3.2,NA,50,40,75,80,95,110,110,30,50,80,90,NA,50,45,75,90,105,120,105,40,50,80,90
S146,F,Two LoF,Y,Y,1.8,1.9,Y,Y,3.6,50,55,60,75,70,80,90,105,50,60,65,80,55,55,50,80,90,80,95,105,40,60,80,80
S146,F,Two LoF,Y,Y,1.8,1.9,Y,Y,4.1,NA,50,45,75,75,85,NA,100,30,50,65,80,NA,45,45,75,90,80,NA,95,35,55,75,80
S146,F,Two LoF,Y,Y,1.8,1.9,Y,Y,4.2,NA,85,105,120,125,125,NA,110,65,75,75,85,NA,45,45,80,90,85,NA,95,40,75,75,85
S146,F,Two LoF,Y,Y,1.8,1.9,Y,Y,4.3,90,110,110,120,125,125,NA,110,75,80,85,90,40,40,40,80,85,90,NA,95,35,70,85,85
S146,F,Two LoF,Y,Y,1.8,1.9,Y,Y,4.3,65,70,75,85,85,105,115,110,45,60,75,85,40,40,40,75,85,90,NA,90,25,60,75,85
S146,F,Two LoF,Y,Y,1.8,1.9,Y,Y,4.6,65,65,65,85,85,100,105,110,35,60,75,85,45,40,40,75,90,85,NA,90,20,60,75,85
S146,F,Two LoF,Y,Y,1.8,1.9,Y,Y,5.0,65,65,75,100,105,100,NA,105,40,80,85,85,55,50,50,75,90,85,NA,90,25,70,80,80
S146,F,Two LoF,Y,Y,1.8,1.9,Y,Y,5.5,60,70,75,85,80,95,NA,100,35,60,70,85,40,40,40,75,80,90,NA,95,20,60,70,85
S146,F,Two LoF,Y,Y,1.8,1.9,Y,Y,6.0,55,65,75,75,75,85,NA,95,70,65,70,80,45,45,40,70,75,85,NA,90,40,65,70,80
S146,F,Two LoF,Y,Y,1.8,1.9,Y,Y,6.5,55,60,70,80,80,90,NA,100,55,70,70,85,45,45,40,75,80,85,NA,95,35,70,70,85
S146,F,Two LoF,Y,Y,1.8,1.9,Y,Y,7.1,60,60,70,80,80,90,NA,100,65,70,75,85,45,45,45,75,85,105,105,105,45,70,75,90
S146,F,Two LoF,Y,Y,1.8,1.9,Y,Y,7.5,70,60,70,80,80,90,100,90,45,70,75,90,70,70,60,95,110,110,115,110,50,80,95,90
S146,F,Two LoF,Y,Y,1.8,1.9,Y,Y,7.5,70,65,70,80,80,90,90,90,60,70,80,85,60,60,60,85,90,95,105,100,55,75,80,90
S146,F,Two LoF,Y,Y,1.8,1.9,Y,Y,7.5,65,55,65,80,85,90,105,95,55,70,80,85,55,50,45,75,95,95,110,100,45,70,90,85
S147,M,Two LoF,Y,Y,3,1.2,Y,Y,2.9,NA,NA,100,95,90,95,NA,NA,NA,NA,NA,NA,NA,NA,100,95,90,95,NA,NA,NA,NA,NA,NA
S147,M,Two LoF,Y,Y,3,1.2,Y,Y,3.3,NA,NA,80,105,105,105,NA,NA,NA,NA,NA,NA,NA,NA,80,105,105,105,NA,NA,NA,NA,NA,NA
S147,M,Two LoF,Y,Y,3,1.2,Y,Y,3.6,NA,NA,30,50,75,65,NA,NA,25,40,65,55,NA,NA,35,55,80,80,NA,NA,25,45,70,70
S147,M,Two LoF,Y,Y,3,1.2,Y,Y,3.7,NA,95,95,95,95,105,110,95,80,80,85,85,95,95,95,95,95,105,110,95,75,75,85,85
S147,M,Two LoF,Y,Y,3,1.2,Y,Y,3.8,NA,75,90,95,95,95,95,NA,NA,NA,NA,NA,NA,75,90,95,95,95,95,NA,NA,NA,NA,NA
S147,M,Two LoF,Y,Y,3,1.2,Y,Y,4.5,90,115,125,120,120,125,115,105,80,80,85,85,75,95,100,100,95,110,115,100,80,80,85,85
S147,M,Two LoF,Y,Y,3,1.2,Y,Y,5.3,70,95,120,125,120,115,NA,105,65,65,85,90,65,85,90,100,95,105,NA,115,65,65,85,90
S147,M,Two LoF,Y,Y,3,1.2,Y,Y,6.4,NA,70,125,125,125,125,NA,110,NA,NA,NA,NA,NA,85,85,100,100,100,115,110,55,65,85,85
S147,M,Two LoF,Y,Y,3,1.2,Y,Y,6.9,85,110,125,125,125,125,NA,110,NA,NA,NA,NA,NA,85,85,100,100,100,115,110,55,65,85,85
S147,M,Two LoF,Y,Y,3,1.2,Y,Y,7.4,85,105,120,120,120,120,NA,105,70,75,85,85,75,85,95,105,100,110,115,110,55,65,85,85
S147,M,Two LoF,Y,Y,3,1.2,Y,Y,7.9,85,105,115,120,115,120,NA,105,70,75,85,85,65,85,95,100,100,105,NA,110,55,65,85,85
S147,M,Two LoF,Y,Y,3,1.2,Y,Y,8.5,85,105,115,110,105,125,115,110,70,80,85,85,65,75,90,100,100,100,105,110,50,70,85,85
S147,M,Two LoF,Y,Y,3,1.2,Y,Y,9.4,85,90,125,125,125,125,NA,110,60,75,90,85,65,85,90,100,95,100,115,110,60,70,90,85
S147,M,Two LoF,Y,Y,3,1.2,Y,Y,10.0,80,95,115,115,115,120,115,110,60,70,90,85,70,85,95,100,100,110,115,110,60,70,90,85
S148,M,Two LoF,Y,Y,1.8,1.3,Y,Y,0.9,NA,55,55,60,60,60,NA,NA,NA,NA,NA,NA,NA,55,55,60,60,60,NA,NA,NA,NA,NA,NA
S148,M,Two LoF,Y,Y,1.8,1.3,Y,Y,1.3,NA,NA,70,75,80,105,NA,NA,NA,NA,NA,NA,NA,NA,70,75,80,105,NA,NA,NA,NA,NA,NA
S148,M,Two LoF,Y,Y,1.8,1.3,Y,Y,1.8,NA,NA,55,50,85,75,NA,NA,NA,NA,NA,NA,NA,NA,55,50,85,75,NA,NA,NA,NA,NA,NA
S148,M,Two LoF,Y,Y,1.8,1.3,Y,Y,3.3,NA,NA,50,55,65,55,NA,NA,NA,NA,NA,NA,NA,NA,50,55,65,55,NA,NA,NA,NA,NA,NA
S148,M,Two LoF,Y,Y,1.8,1.3,Y,Y,3.8,NA,NA,70,95,100,120,NA,NA,NA,NA,NA,NA,NA,NA,75,85,105,120,NA,NA,NA,NA,NA,NA
S148,M,Two LoF,Y,Y,1.8,1.3,Y,Y,4.4,NA,65,70,90,100,110,105,NA,NA,NA,NA,NA,NA,70,70,80,100,115,105,NA,NA,NA,NA,NA
S148,M,Two LoF,Y,Y,1.8,1.3,Y,Y,5.0,NA,70,70,95,95,105,95,NA,40,55,75,85,NA,80,80,100,105,110,100,NA,40,55,75,85
S148,M,Two LoF,Y,Y,1.8,1.3,Y,Y,5.1,55,60,75,80,100,110,110,95,50,65,85,85,55,60,75,80,100,110,110,95,50,65,85,85
S148,M,Two LoF,Y,Y,1.8,1.3,Y,Y,5.3,50,60,70,95,100,105,110,110,50,65,75,85,50,60,65,80,100,105,105,110,50,65,75,85
S148,M,Two LoF,Y,Y,1.8,1.3,Y,Y,5.3,60,55,125,125,125,115,NA,105,50,65,85,85,45,60,70,90,105,110,NA,110,50,65,85,85
S148,M,Two LoF,Y,Y,1.8,1.3,Y,Y,5.6,85,105,120,125,125,120,NA,105,70,75,85,85,55,65,75,100,105,105,NA,105,50,65,85,85
S148,M,Two LoF,Y,Y,1.8,1.3,Y,Y,5.8,NA,NA,NA,NA,NA,NA,NA,NA,NA,NA,NA,NA,NA,50,50,90,90,115,NA,100,NA,NA,NA,NA
S148,M,Two LoF,Y,Y,1.8,1.3,Y,Y,6.2,85,105,115,125,120,120,110,105,70,80,80,80,65,60,75,90,90,105,105,115,70,80,80,80
S148,M,Two LoF,Y,Y,1.8,1.3,Y,Y,6.5,NA,105,110,120,120,120,NA,95,70,80,85,85,NA,110,120,120,120,120,NA,100,70,80,85,85
S148,M,Two LoF,Y,Y,1.8,1.3,Y,Y,7.3,NA,105,110,120,120,120,NA,95,70,80,90,85,NA,80,95,105,105,125,NA,100,75,80,90,85
S148,M,Two LoF,Y,Y,1.8,1.3,Y,Y,7.8,NA,110,125,125,125,125,NA,NA,75,80,90,85,NA,105,115,115,125,125,NA,NA,75,80,90,85
S149,M,One non-LoF,Y,Y,1.9,1.6,Y,Y,1.0,NA,NA,25,NA,40,70,NA,NA,NA,NA,NA,NA,NA,NA,60,NA,50,75,NA,NA,NA,NA,NA,NA
S149,M,One non-LoF,Y,Y,1.9,1.6,Y,Y,1.5,NA,NA,55,60,65,80,NA,NA,NA,NA,NA,NA,NA,NA,55,60,65,80,NA,NA,NA,NA,NA,NA
S149,M,One non-LoF,Y,Y,1.9,1.6,Y,Y,1.7,NA,NA,55,NA,65,55,NA,NA,NA,NA,NA,NA,NA,NA,95,90,NA,NA,NA,NA,NA,NA,NA,NA
S149,M,One non-LoF,Y,Y,1.9,1.6,Y,Y,2.4,NA,NA,65,50,60,75,NA,NA,NA,NA,NA,NA,NA,NA,85,85,80,115,NA,NA,NA,NA,NA,NA
S149,M,One non-LoF,Y,Y,1.9,1.6,Y,Y,3.8,50,50,55,55,60,90,95,NA,NA,NA,NA,NA,80,105,115,120,120,125,115,105,NA,NA,NA,NA
S149,M,One non-LoF,Y,Y,1.9,1.6,Y,Y,4.5,NA,50,50,50,55,75,85,95,40,35,55,70,NA,105,125,125,125,125,115,110,75,80,85,85
S149,M,One non-LoF,Y,Y,1.9,1.6,Y,Y,6.0,NA,45,45,45,55,75,80,90,35,35,50,75,NA,110,125,125,125,125,NA,110,70,80,85,85
S149,M,One non-LoF,Y,Y,1.9,1.6,Y,Y,6.2,NA,45,45,50,60,85,NA,90,30,45,55,70,NA,110,125,125,125,125,NA,110,70,80,85,85
S149,M,One non-LoF,Y,Y,1.9,1.6,Y,Y,6.4,60,60,55,50,60,90,NA,95,35,45,60,75,100,115,120,120,120,120,115,100,70,80,85,85
S149,M,One non-LoF,Y,Y,1.9,1.6,Y,Y,7.7,60,50,45,50,55,80,NA,85,20,30,50,60,90,100,100,105,110,120,NA,95,70,80,85,80
S150,M,Two LoF,NA,NA,NA,NA,NA,NA,9.3,NA,80 ,95 ,100 ,100 ,110 ,NA,105 ,70,75,75,75,NA,75 ,65 ,70 ,65 ,60 ,NA,60 ,65,75,75,75
S150,M,Two LoF,NA,NA,NA,NA,NA,NA,10.5,NA,85 ,95 ,95 ,95 ,110 ,NA,105 ,75,75,75,75,NA,65 ,70 ,70 ,70 ,65 ,NA,60 ,70,65,65,65
S150,M,Two LoF,NA,NA,NA,NA,NA,NA,11.9,NA,100 ,100 ,100 ,100 ,110 ,NA,105 ,75,75,75,75,NA,70 ,70 ,70 ,70 ,65 ,NA,75 ,70,70,65,60
S150,M,Two LoF,NA,NA,NA,NA,NA,NA,12.2,NA,70 ,85 ,95 ,100 ,110 ,NA,105 ,75,75,75,75,NA,60 ,70 ,70 ,70 ,65 ,NA,65 ,60,65,60,65
S150,M,Two LoF,NA,NA,NA,NA,NA,NA,12.2,NA,70 ,85 ,100 ,100 ,110 ,NA,105 ,75,75,75,75,NA,60 ,70 ,75 ,70 ,65 ,NA,70 ,65,70,70,65
S150,M,Two LoF,NA,NA,NA,NA,NA,NA,21.8,NA,75 ,80 ,100 ,100 ,105 ,NA,105 ,80,85,85,90,NA,70 ,90 ,80 ,80 ,95 ,NA,110 ,75,75,85,90
S150,M,Two LoF,NA,NA,NA,NA,NA,NA,21.9,NA,70 ,80 ,100 ,100 ,105 ,NA,105 ,80,85,85,90,NA,70 ,75 ,75 ,65 ,70 ,NA,110 ,75,70,65,70
S151,M,One non-LoF,NA,NA,NA,NA,NA,NA,0.1,NA,NA,90,90,90,NA,NA,NA,NA,NA,NA,NA,NA,NA,70,80,90,90,NA,NA,NA,NA,NA,NA
S151,M,One non-LoF,NA,NA,NA,NA,NA,NA,0.2,NA,NA,90,90,90,NA,NA,NA,NA,NA,NA,NA,NA,NA,70,80,90,90,NA,NA,NA,NA,NA,NA
S151,M,One non-LoF,NA,NA,NA,NA,NA,NA,0.7,NA,NA,90,100,105,105,NA,NA,NA,NA,NA,NA,NA,NA,90,100,105,105,NA,NA,NA,NA,NA,NA
S152,M,Two LoF,Y,Y,2.4,2.2,N,N,0.6,NA,NA,50,NA,70,80,NA,NA,NA,NA,NA,NA,NA,NA,65,75,80,85,NA,NA,NA,NA,NA,NA
S152,M,Two LoF,Y,Y,2.4,2.2,N,N,0.9,NA,NA,80,NA,95,NA,NA,NA,NA,NA,NA,NA,NA,NA,80,NA,95,NA,NA,NA,NA,NA,NA,NA
S152,M,Two LoF,Y,Y,2.4,2.2,N,N,1.2,NA,NA,85,95,95,105,NA,NA,NA,NA,NA,NA,NA,NA,85,95,95,105,NA,NA,NA,NA,NA,NA
S152,M,Two LoF,Y,Y,2.4,2.2,N,N,1.3,NA,60,60,75,85,100,NA,NA,NA,NA,NA,NA,NA,80,70,85,95,110,NA,NA,NA,NA,NA,NA
S152,M,Two LoF,Y,Y,2.4,2.2,N,N,1.3,NA,NA,90,85,75,NA,NA,NA,NA,NA,NA,NA,NA,NA,90,85,75,NA,NA,NA,NA,NA,NA,NA
S152,M,Two LoF,Y,Y,2.4,2.2,N,N,1.5,NA,NA,80,95,115,NA,NA,NA,NA,NA,NA,NA,NA,NA,80,95,115,NA,NA,NA,NA,NA,NA,NA
S152,M,Two LoF,Y,Y,2.4,2.2,N,N,5.3,85,105,115,120,125,125,NA,110,70,75,75,85,85,110,110,125,125,125,115,110,70,75,75,85
S152,M,Two LoF,Y,Y,2.4,2.2,N,N,5.3,75,90,100,105,125,125,NA,110,60,75,75,85,85,95,85,105,125,125,NA,110,60,75,75,85
S152,M,Two LoF,Y,Y,2.4,2.2,N,N,5.4,NA,100,115,115,125,125,NA,NA,60,80,85,85,NA,75,85,100,125,120,NA,NA,60,80,85,85
S152,M,Two LoF,Y,Y,2.4,2.2,N,N,5.6,NA,90,105,115,120,125,115 ,NA,70,80,85,85,NA,105,120,125,125,120,110,NA,70,80,85,85
S152,M,Two LoF,Y,Y,2.4,2.2,N,N,5.7,85,95,105,100,95,90,NA,90,70,80,85,85,100,115,115,105,115,105,NA,95,65,75,85,85
S152,M,Two LoF,Y,Y,2.4,2.2,N,N,5.9,85,90,100,105,110,115,115 ,100,70,80,85,85,100,110,105,105,105,105,95 ,100,70,80,85,85
S152,M,Two LoF,Y,Y,2.4,2.2,N,N,6.0,NA,NA,105,110,120,120,NA,NA,70,80,85,85,NA,NA,120,125,125,120,NA,NA,70,80,85,85
S152,M,Two LoF,Y,Y,2.4,2.2,N,N,6.5,75,85,95,110,125,125,115,110,65,75,90,85,90,100,115,125,125,125,115,110,70,75,90,85
S153,M,Two LoF,Y,Y,2.4,2.7,Y,Y,4.6,NA,75 ,70 ,95 ,100 ,115 ,105 ,100,NA,NA,NA,NA,NA,60 ,60 ,80 ,100 ,100 ,90 ,90 ,NA,NA,NA,NA
S153,M,Two LoF,Y,Y,2.4,2.7,Y,Y,5.1,NA,75 ,85 ,100 ,105 ,115 ,105 ,95,NA,NA,NA,NA,NA,80 ,70 ,105 ,105 ,115 ,105 ,95 ,NA,NA,NA,NA
S153,M,Two LoF,Y,Y,2.4,2.7,Y,Y,5.1,45,55 ,85 ,100 ,105 ,105 ,105 ,110,80,80,85,85,60,75 ,80 ,105 ,110 ,115 ,105 ,105 ,80,80,85,85
S153,M,Two LoF,Y,Y,2.4,2.7,Y,Y,5.1,50,55 ,80 ,100 ,100 ,105 ,NA,105,80,80,85,85,50,75 ,90 ,95 ,100 ,100 ,NA,100 ,80,80,85,85
S153,M,Two LoF,Y,Y,2.4,2.7,Y,Y,5.2,55,55 ,80 ,105 ,105 ,110 ,110 ,105,65,70,85,90,50,75 ,90 ,95 ,100 ,100 ,NA,100 ,80,80,85,85
S153,M,Two LoF,Y,Y,2.4,2.7,Y,Y,5.5,45,55 ,85 ,100 ,105 ,110 ,NA,110,80,80,85,85,50,75 ,80 ,105 ,105 ,100 ,NA,100 ,80,80,85,85
S153,M,Two LoF,Y,Y,2.4,2.7,Y,Y,5.7,40,60 ,90 ,100 ,105 ,110 ,NA,110,75,75,80,85,45,75 ,90 ,105 ,105 ,100 ,NA,100 ,75,75,80,85
S153,M,Two LoF,Y,Y,2.4,2.7,Y,Y,6.0,40,55 ,85 ,95 ,100 ,105 ,120 ,110,75,75,80,85,45,75 ,80 ,105 ,100 ,105 ,110 ,105 ,75,75,80,85
S153,M,Two LoF,Y,Y,2.4,2.7,Y,Y,6.4,40,60 ,85 ,100 ,105 ,115 ,120 ,115,75,75,85,85,45,75 ,85 ,105 ,105 ,110 ,105 ,110 ,75,75,85,85
S153,M,Two LoF,Y,Y,2.4,2.7,Y,Y,6.5,50,55 ,85 ,100 ,100 ,115 ,NA,110,60,65,85,90,50,70 ,85 ,105 ,105 ,105 ,NA,110 ,60,65,85,90
S153,M,Two LoF,Y,Y,2.4,2.7,Y,Y,7.0,65,60 ,80 ,100 ,100 ,110 ,110 ,110,NA,NA,NA,NA,60,70 ,90 ,110 ,115 ,120 ,120 ,110 ,NA,NA,NA,NA
S153,M,Two LoF,Y,Y,2.4,2.7,Y,Y,7.2,70,70 ,75 ,95 ,100 ,115 ,115 ,110,65,75,85,90,65,75 ,90 ,105 ,115 ,120 ,120 ,110 ,65,75,85,90
S153,M,Two LoF,Y,Y,2.4,2.7,Y,Y,7.5,55,65 ,80 ,95 ,105 ,110 ,NA,110,60,65,85,85,75,85 ,95 ,115 ,120 ,125 ,NA,110 ,60,65,85,85
S153,M,Two LoF,Y,Y,2.4,2.7,Y,Y,7.8,55,60 ,80 ,100 ,105 ,110 ,NA,110,NA,NA,NA,NA,75,85 ,90 ,105 ,110 ,120 ,NA,110 ,NA,NA,NA,NA
S153,M,Two LoF,Y,Y,2.4,2.7,Y,Y,8.3,55,55 ,85 ,100 ,105 ,115 ,115 ,110,60,65,85,85,70,75 ,90 ,110 ,110 ,120 ,105 ,105 ,75,80,85,85
S153,M,Two LoF,Y,Y,2.4,2.7,Y,Y,9.0,60,60 ,75 ,95 ,100 ,110 ,115 ,100,60,65,85,85,70,75 ,85 ,105 ,110 ,110 ,115 ,100 ,75,80,85,85
S153,M,Two LoF,Y,Y,2.4,2.7,Y,Y,10.0,55,55 ,75 ,95 ,100 ,105 ,115 ,105,55,65,85,85,65,75 ,90 ,105 ,110 ,115 ,115 ,105 ,70,65,85,85
S153,M,Two LoF,Y,Y,2.4,2.7,Y,Y,11.0,60,60 ,75 ,95 ,100 ,115 ,115 ,100,60,65,80,75,65,75 ,85 ,100 ,105 ,115 ,110 ,100 ,55,65,80,75
S154,F,One non-LoF,Y,Y,1.8,1.5,N,N,1.3,NA,NA,65,75,75,80,NA,NA,NA,NA,NA,NA,NA,NA,65,75,75,80,NA,NA,NA,NA,NA,NA
S154,F,One non-LoF,Y,Y,1.8,1.5,N,N,1.5,NA,NA,60,80,95,90,NA,NA,NA,NA,NA,NA,NA,NA,60,80,95,90,NA,NA,NA,NA,NA,NA
S154,F,One non-LoF,Y,Y,1.8,1.5,N,N,2.0,NA,NA,60,80,90,90,NA,NA,NA,NA,NA,NA,NA,NA,60,80,90,90,NA,NA,NA,NA,NA,NA
S154,F,One non-LoF,Y,Y,1.8,1.5,N,N,2.0,NA,50,55,80,85,95,NA,NA,NA,NA,NA,NA,NA,60,70,90,95,110,NA,NA,NA,NA,NA,NA
S154,F,One non-LoF,Y,Y,1.8,1.5,N,N,3.2,NA,NA,50,75,70,90,NA,NA,NA,NA,NA,NA,NA,NA,NA,NA,NA,NA,NA,NA,NA,NA,NA,NA
S154,F,One non-LoF,Y,Y,1.8,1.5,N,N,4.0,NA,45,55,70,110,125,NA,105,NA,NA,NA,NA,NA,60,85,95,105,125,110,115,NA,NA,NA,NA
S154,F,One non-LoF,Y,Y,1.8,1.5,N,N,4.5,NA,NA,50,70,110,120,NA,NA,20,50,85,90,NA,NA,90,95,105,105,NA,NA,20,50,85,90
S154,F,One non-LoF,Y,Y,1.8,1.5,N,N,4.6,NA,55,60,75,105,120,NA,110,50,60,85,85,NA,80,90,85,110,120,110,110,50,70,85,85
S155,M,One non-LoF,Y,Y,1.5,1.4,Y,Y,0.9,NA,NA,80,80,85,85,NA,NA,NA,NA,NA,NA,NA,NA,80,80,85,85,NA,NA,NA,NA,NA,NA
S155,M,One non-LoF,Y,Y,1.5,1.4,Y,Y,3.1,NA,80,75,75,70,95,95,95,NA,NA,NA,NA,NA,75,80,80,80,100,NA,90,NA,NA,NA,NA
S156,M,One non-LoF,Y,Y,1.6,1.4,Y,Y,0.5,NA,55,60,65,70,75,65,NA,NA,NA,NA,NA,NA,55,60,65,70,75,65,NA,NA,NA,NA,NA
S156,M,One non-LoF,Y,Y,1.6,1.4,Y,Y,1.0,NA,NA,55,60,70,75,NA,NA,NA,NA,NA,NA,NA,NA,55,60,70,75,NA,NA,NA,NA,NA,NA
S156,M,One non-LoF,Y,Y,1.6,1.4,Y,Y,1.2,NA,NA,55,70,105,115,NA,NA,NA,NA,NA,NA,NA,NA,55,85,95,95,NA,NA,NA,NA,NA,NA
S156,M,One non-LoF,Y,Y,1.6,1.4,Y,Y,1.3,NA,NA,50,55,60,70,NA,NA,NA,NA,NA,NA,NA,NA,80,70,70,80,NA,NA,NA,NA,NA,NA
S156,M,One non-LoF,Y,Y,1.6,1.4,Y,Y,1.4,NA,NA,60,60,70,70,NA,NA,NA,NA,NA,NA,NA,NA,60,60,70,70,NA,NA,NA,NA,NA,NA
S156,M,One non-LoF,Y,Y,1.6,1.4,Y,Y,1.9,NA,70,80,85,90,95,NA,NA,NA,NA,NA,NA,NA,70,80,85,90,95,NA,NA,NA,NA,NA,NA
S156,M,One non-LoF,Y,Y,1.6,1.4,Y,Y,2.1,NA,NA,90,95,90,80,NA,NA,NA,NA,NA,NA,NA,NA,90,95,90,80,NA,NA,NA,NA,NA,NA
S156,M,One non-LoF,Y,Y,1.6,1.4,Y,Y,2.5,NA,NA,90,100,105,115,NA,NA,NA,NA,NA,NA,NA,NA,90,100,105,115,NA,NA,NA,NA,NA,NA
S156,M,One non-LoF,Y,Y,1.6,1.4,Y,Y,2.8,NA,NA,80,100,100,110,NA,NA,NA,NA,NA,NA,NA,NA,80,100,100,110,NA,NA,NA,NA,NA,NA
S156,M,One non-LoF,Y,Y,1.6,1.4,Y,Y,2.9,NA,NA,80,105,95,115,NA,90,NA,NA,NA,NA,NA,NA,80,105,95,115,NA,90,NA,NA,NA,NA
S156,M,One non-LoF,Y,Y,1.6,1.4,Y,Y,3.0,NA,80,95,95,100,100,NA,NA,NA,NA,NA,NA,NA,80,95,95,100,100,NA,NA,NA,NA,NA,NA
S156,M,One non-LoF,Y,Y,1.6,1.4,Y,Y,4.9,NA,60,70,90,95,125,NA,110,NA,NA,NA,NA,NA,110,125,125,125,125,NA,110,NA,NA,NA,NA
S156,M,One non-LoF,Y,Y,1.6,1.4,Y,Y,5.4,NA,55,80,100,100,125,NA,110,50,60,85,90,NA,110,125,125,125,125,NA,110,NA,NA,NA,NA
S156,M,One non-LoF,Y,Y,1.6,1.4,Y,Y,6.3,65,65,70,95,100,120,NA,100,50,75,85,85,95,105,110,115,110,120,NA,100,70,80,85,85
S156,M,One non-LoF,Y,Y,1.6,1.4,Y,Y,6.9,70,70,70,100,105,120,115,100,50,75,85,85,95,105,110,115,115,120,115,100,70,80,85,85
S156,M,One non-LoF,Y,Y,1.6,1.4,Y,Y,7.3,65,65,70,95,100,120,110,95,70,80,85,85,95,100,110,115,110,120,110,95,70,80,85,85
S156,M,One non-LoF,Y,Y,1.6,1.4,Y,Y,8.3,65,65,90,110,110,125,NA,110,65,70,90,85,75,85,110,120,115,125,NA,110,65,70,90,85
S156,M,One non-LoF,Y,Y,1.6,1.4,Y,Y,8.8,70,110,115,120,120,120,105,100,45,75,85,85,85,110,125,125,125,120,105,100,45,75,85,85
S157,F,Two LoF,Y,Y,2.3,2.4,N,N,0.9,NA,NA,40,45,40,50,NA,NA,NA,NA,NA,NA,NA,NA,40,45,40,50,NA,NA,NA,NA,NA,NA
S157,F,Two LoF,Y,Y,2.3,2.4,N,N,1.0,NA,NA,45,50,40,50,NA,NA,NA,NA,NA,NA,NA,NA,45,50,40,50,NA,NA,NA,NA,NA,NA
S157,F,Two LoF,Y,Y,2.3,2.4,N,N,2.5,NA,75,90,80,75,90,95,95,80,70,70,80,NA,85,100,100,105,115,110,105,80,80,85,90
S158,F,Two LoF,Y,Y,2,2.2,N,N,0.6,NA,NA,70,65,65,80,NA,NA,NA,NA,NA,NA,NA,NA,70,65,75,85,NA,NA,NA,NA,NA,NA
S158,F,Two LoF,Y,Y,2,2.2,N,N,0.9,NA,NA,100,110,110,110,NA,NA,NA,NA,NA,NA,NA,NA,100,110,110,110,NA,NA,NA,NA,NA,NA
S159,F,Two LoF,Y,Y,1.4,1.4,N,N,0.5,NA,NA,40,NA,75,85,NA,NA,NA,NA,NA,NA,NA,NA,55,NA,85,90,NA,NA,NA,NA,NA,NA
S159,F,Two LoF,Y,Y,1.4,1.4,N,N,0.7,NA,NA,70,85,95,100,NA,NA,NA,NA,NA,NA,NA,NA,70,85,95,100,NA,NA,NA,NA,NA,NA
S159,F,Two LoF,Y,Y,1.4,1.4,N,N,1.0,NA,90,100,100,110,115,NA,NA,NA,NA,NA,NA,NA,90,100,100,110,115,NA,NA,NA,NA,NA,NA
S159,F,Two LoF,Y,Y,1.4,1.4,N,N,1.3,NA,NA,70,85,95,100,NA,NA,NA,NA,NA,NA,NA,NA,70,85,95,100,NA,NA,NA,NA,NA,NA
S159,F,Two LoF,Y,Y,1.4,1.4,N,N,1.7,NA,55,50,60,75,80,NA,90,NA,NA,NA,NA,NA,60,65,90,110,110,NA,105,NA,NA,NA,NA
S159,F,Two LoF,Y,Y,1.4,1.4,N,N,2.0,NA,60,60,80,90,100,NA,NA,NA,NA,NA,NA,NA,60,60,80,90,95,NA,NA,NA,NA,NA,NA
S159,F,Two LoF,Y,Y,1.4,1.4,N,N,3.2,NA,NA,70,65,105,110,NA,NA,50,45,75,85,NA,NA,100,100,105,115,NA,NA,50,45,75,85
S159,F,Two LoF,Y,Y,1.4,1.4,N,N,3.2,NA,80,70,70,115,120,115,100,60,50,85,85,90,100,100,105,115,120,105,100,50,45,75,85
S159,F,Two LoF,Y,Y,1.4,1.4,N,N,3.5,NA,75,70,70,110,120,NA,95,60,55,85,85,95,105,110,115,120,120,NA,100,60,55,85,85
S159,F,Two LoF,Y,Y,1.4,1.4,N,N,5.3,NA,65,70,80,105,120,NA,NA,50,55,85,85,NA,100,100,110,120,120,NA,NA,50,55,85,85
S159,F,Two LoF,Y,Y,1.4,1.4,N,N,5.8,75,65,75,85,110,125,NA,110,30,60,90,85,80,110,125,125,125,125,NA,110,75,80,90,85
S160,F,One non-LoF,Y,Y,1.4,1.7,Y,Y,0.3,NA,NA,90,90,90,90,NA,NA,NA,NA,NA,NA,NA,NA,90,90,90,90,NA,NA,NA,NA,NA,NA
S160,F,One non-LoF,Y,Y,1.4,1.7,Y,Y,0.3,NA,NA,105,90,85,100,NA,NA,NA,NA,NA,NA,NA,NA,110,90,95,100,NA,NA,NA,NA,NA,NA
S160,F,One non-LoF,Y,Y,1.4,1.7,Y,Y,0.7,NA,NA,80,80,90,95,NA,NA,NA,NA,NA,NA,NA,NA,80,80,90,95,NA,NA,NA,NA,NA,NA
S160,F,One non-LoF,Y,Y,1.4,1.7,Y,Y,4.0,NA,100,100,100,95,95,95,85,NA,NA,NA,NA,NA,70,80,80,80,95,NA,NA,NA,NA,NA,NA
S161,F,Two LoF,Y,Y,2.4,2.1,Y,Y,3.5,NA,45,35,55,55,65,70,75,5,25,55,55,NA,50,40,60,65,65,75,100,0,35,55,55
S161,F,Two LoF,Y,Y,2.4,2.1,Y,Y,4.2,NA,40,30,45,50,55,60,70,5,25,40,55,NA,40,30,60,60,60,70,105,10,40,60,55
S161,F,Two LoF,Y,Y,2.4,2.1,Y,Y,4.7,NA,50,40,50,50,60,60,70,10,25,50,55,NA,50,45,65,55,65,70,105,15,35,50,55
S161,F,Two LoF,Y,Y,2.4,2.1,Y,Y,5.2,NA,50,40,50,55,55,70,75,15,25,45,55,NA,50,35,55,65,70,75,105,15,35,55,65
S161,F,Two LoF,Y,Y,2.4,2.1,Y,Y,5.4,NA,45,35,45,55,70,70,80,15,25,50,60,NA,45,35,60,70,75,80,105,15,30,60,65
S161,F,Two LoF,Y,Y,2.4,2.1,Y,Y,5.5,40,40,50,50,55,60,70,70,-5,20,40,50,45,40,35,55,70,70,80,105,0,35,45,60
S161,F,Two LoF,Y,Y,2.4,2.1,Y,Y,5.6,75,70,70,95,125,125,115,110,35,65,75,85,50,45,35,55,65,65,70,100,0,30,50,55
S161,F,Two LoF,Y,Y,2.4,2.1,Y,Y,5.7,40,40,35,50,65,65,65,75,0,25,55,60,40,40,35,60,70,65,70,100,0,35,65,60
S161,F,Two LoF,Y,Y,2.4,2.1,Y,Y,6.1,NA,100,90,95,110,125,115,110,65,75,85,80,NA,30,25,55,60,70,80,100,5,45,60,65
S161,F,Two LoF,Y,Y,2.4,2.1,Y,Y,6.2,35,35,25,50,65,70,70,80,10,40,55,50,35,30,25,45,65,70,75,100,5,40,55,50
S161,F,Two LoF,Y,Y,2.4,2.1,Y,Y,8.2,90,95,110,110,115,125,120,115,40,75,95,90,45,35,30,55,60,65,75,95,10,45,60,65
S162,F,Two LoF,Y,Y,2.4,2.4,Y,Y,0.7,NA,NA,65,65,65,85,NA,NA,NA,NA,NA,NA,NA,NA,65,60,70,85,NA,NA,NA,NA,NA,NA
S162,F,Two LoF,Y,Y,2.4,2.4,Y,Y,0.7,NA,NA,75,80,80,100,NA,NA,NA,NA,NA,NA,NA,NA,75,80,80,100,NA,NA,NA,NA,NA,NA
S162,F,Two LoF,Y,Y,2.4,2.4,Y,Y,1.0,NA,NA,75,70,80,100,NA,NA,NA,NA,NA,NA,NA,NA,75,70,80,100,NA,NA,NA,NA,NA,NA
S162,F,Two LoF,Y,Y,2.4,2.4,Y,Y,1.1,NA,60,70,70,75,90,NA,NA,NA,NA,NA,NA,NA,60,70,70,75,90,NA,NA,NA,NA,NA,NA
S162,F,Two LoF,Y,Y,2.4,2.4,Y,Y,1.2,NA,NA,80,100,100,105,NA,NA,NA,NA,NA,NA,NA,NA,75,90,85,100,NA,NA,NA,NA,NA,NA
S162,F,Two LoF,Y,Y,2.4,2.4,Y,Y,1.3,NA,NA,85,95,95,100,NA,NA,NA,NA,NA,NA,NA,NA,85,95,95,105,NA,NA,NA,NA,NA,NA
S162,F,Two LoF,Y,Y,2.4,2.4,Y,Y,1.5,NA,NA,70,80,85,105,NA,NA,NA,NA,NA,NA,NA,NA,70,80,85,105,NA,NA,NA,NA,NA,NA
S162,F,Two LoF,Y,Y,2.4,2.4,Y,Y,1.6,NA,NA,70,90,85,100,NA,NA,NA,NA,NA,NA,NA,NA,70,90,85,100,NA,NA,NA,NA,NA,NA
S162,F,Two LoF,Y,Y,2.4,2.4,Y,Y,1.7,NA,NA,75,80,80,90,NA,NA,NA,NA,NA,NA,NA,NA,75,80,80,90,NA,NA,NA,NA,NA,NA
S162,F,Two LoF,Y,Y,2.4,2.4,Y,Y,1.7,NA,NA,75,85,90,95,NA,NA,NA,NA,NA,NA,NA,NA,75,85,90,95,NA,NA,NA,NA,NA,NA
S162,F,Two LoF,Y,Y,2.4,2.4,Y,Y,1.8,NA,NA,85,90,90,90,NA,NA,NA,NA,NA,NA,NA,NA,65,55,75,90,NA,NA,NA,NA,NA,NA
S162,F,Two LoF,Y,Y,2.4,2.4,Y,Y,1.8,NA,NA,85,90,95,100,NA,NA,NA,NA,NA,NA,NA,NA,85,90,95,100,NA,NA,NA,NA,NA,NA
S162,F,Two LoF,Y,Y,2.4,2.4,Y,Y,2.5,NA,NA,NA,NA,NA,NA,NA,NA,NA,NA,NA,NA,NA,105,95,95,110,115,110,100,NA,NA,NA,NA
S162,F,Two LoF,Y,Y,2.4,2.4,Y,Y,3.1,NA,NA,NA,NA,NA,NA,NA,NA,NA,NA,NA,NA,75,90,85,75,85,105,100,80,NA,NA,NA,NA
S162,F,Two LoF,Y,Y,2.4,2.4,Y,Y,3.8,80,90,100,105,105,105,110,100,55,60,85,85,80,85,95,90,100,110,115,100,55,60,85,85
S162,F,Two LoF,Y,Y,2.4,2.4,Y,Y,5.1,85,100,100,95,105,110,110,105,NA,NA,NA,NA,90,110,105,110,120,115,115,110,NA,NA,NA,NA
S162,F,Two LoF,Y,Y,2.4,2.4,Y,Y,5.9,90,90,100,95,105,110,110,110,50,70,80,85,80,95,90,90,90,105,115,110,50,70,80,85
S163,F,Two LoF,Y,Y,1.6,2.2,Y,Y,42.1,65,85,90,105,110,120,115,110,75,80,85,90,65,80,90,105,105,110,120,110,75,80,85,90
S163,F,Two LoF,Y,Y,1.6,2.2,Y,Y,43.3,80,100,100,110,105,125,115,110,75,85,85,90,65,80,90,105,105,115,120,110,75,85,85,90
S163,F,Two LoF,Y,Y,1.6,2.2,Y,Y,43.8,75,95,100,115,105,120,115,110,75,85,85,90,65,75,90,105,100,115,120,110,75,85,85,90
S163,F,Two LoF,Y,Y,1.6,2.2,Y,Y,44.2,80,100,95,110,105,120,115,110,80,85,85,90,65,75,90,105,100,120,120,110,80,85,85,90
S163,F,Two LoF,Y,Y,1.6,2.2,Y,Y,45.1,80,95,100,110,125,120,110,105,75,80,85,85,65,80,110,110,125,125,115,110,75,80,85,85
S163,F,Two LoF,Y,Y,1.6,2.2,Y,Y,46.3,NA,105,100,110,110,125,115,110,70,80,85,85,NA,80,90,105,105,115,110,105,70,80,85,85
S164,M ,Two LoF,Y,Y,1.3,1.4,N,N,2.3,NA,NA,60,65,80,85,NA,NA,NA,NA,NA,NA,NA,NA,45,45,50,80,NA,NA,NA,NA,NA,NA
S164,M ,Two LoF,Y,Y,1.3,1.4,N,N,2.4,NA,NA,35,40,55,70,NA,NA,NA,NA,NA,NA,NA,NA,35,40,55,70,NA,NA,NA,NA,NA,NA
S164,M ,Two LoF,Y,Y,1.3,1.4,N,N,2.8,NA,35,50,55,60,90,NA,NA,NA,NA,NA,NA,NA,35,50,55,60,90,NA,NA,NA,NA,NA,NA
S164,M ,Two LoF,Y,Y,1.3,1.4,N,N,3.3,NA,NA,60,70,100,110,NA,NA,NA,NA,NA,NA,NA,NA,60,75,105,110,NA,NA,NA,NA,NA,NA
S164,M ,Two LoF,Y,Y,1.3,1.4,N,N,3.3,NA,NA,65,65,80,90,NA,NA,NA,NA,NA,NA,NA,NA,45,45,50,80,NA,NA,NA,NA,NA,NA
S164,M ,Two LoF,Y,Y,1.3,1.4,N,N,3.8,NA,70,65,65,90,95,95,95,20,30,65,80,NA,55,50,55,65,80,NA,90,20,30,65,80
S164,M ,Two LoF,Y,Y,1.3,1.4,N,N,4.3,NA,70,65,65,90,95,NA,110,20,30,65,75,NA,45,45,50,55,85,NA,100,20,30,55,75
S164,M ,Two LoF,Y,Y,1.3,1.4,N,N,4.7,NA,65,65,65,90,95,NA,100,25,30,65,75,NA,45,45,50,60,90,NA,95,25,30,55,75
S164,M ,Two LoF,Y,Y,1.3,1.4,N,N,5.2,NA,60,60,65,90,95,NA,100,30,45,80,80,NA,40,45,55,60,70,NA,85,15,30,45,70
S164,M ,Two LoF,Y,Y,1.3,1.4,N,N,5.5,NA,65,65,80,90,105,NA,110,45,60,80,85,NA,50,45,55,60,95,NA,110,15,35,55,85
S164,M ,Two LoF,Y,Y,1.3,1.4,N,N,5.5,NA,65,70,75,90,100,NA,110,35,60,70,85,NA,35,40,40,60,90,NA,90,20,35,55,80
S164,M ,Two LoF,Y,Y,1.3,1.4,N,N,5.7,NA,60,65,75,85,105,NA,105,35,55,75,85,NA,40,45,50,60,80,NA,95,20,35,50,70
S164,M ,Two LoF,Y,Y,1.3,1.4,N,N,6.2,90,95,95,105,110,115,NA,115,35,70,80,80,50,45,50,55,60,70,NA,75,15,35,60,60
S164,M ,Two LoF,Y,Y,1.3,1.4,N,N,6.3,75,80,85,100,105,120,105,100,30,60,85,85,50,45,45,55,60,75,NA,80,30,35,55,70
S164,M ,Two LoF,Y,Y,1.3,1.4,N,N,6.3,60,65,65,95,90,100,NA,110,40,55,75,80,50,45,45,55,60,90,NA,95,30,35,50,75
S164,M ,Two LoF,Y,Y,1.3,1.4,N,N,6.5,95,110,115,125,125,120,NA,100,60,75,80,90,60,55,50,55,60,90,NA,95,35,40,50,85
S164,M ,Two LoF,Y,Y,1.3,1.4,N,N,6.5,90,110,125,125,125,125,NA,110,60,70,80,80,50,50,45,55,55,90,NA,90,25,30,50,75
S164,M ,Two LoF,Y,Y,1.3,1.4,N,N,6.6,90,110,115,125,125,125,115,115,50,70,85,85,65,50,45,55,65,90,NA,100,15,45,65,85
S164,M ,Two LoF,Y,Y,1.3,1.4,N,N,6.7,100,105,100,120,120,120,115,100,70,80,85,85,70,55,55,60,70,90,NA,90,20,35,70,80
S164,M ,Two LoF,Y,Y,1.3,1.4,N,N,6.8,95,110,115,125,125,120,105,100,50,80,90,90,65,55,50,65,80,105,100,100,20,45,80,90
S164,M ,Two LoF,Y,Y,1.3,1.4,N,N,6.9,NA,75,85,115,125,120,110,105,50,60,85,85,NA,45,45,55,65,90,100,110,35,40,60,85
S164,M ,Two LoF,Y,Y,1.3,1.4,N,N,7.0,NA,110,120,120,120,120,110,95,70,80,85,85,NA,55,50,60,65,90,NA,90,20,35,65,85
S164,M ,Two LoF,Y,Y,1.3,1.4,N,N,7.4,95,105,95,110,115,120,115,100,70,80,85,85,65,60,55,65,70,90,NA,90,20,35,70,70
S164,M ,Two LoF,Y,Y,1.3,1.4,N,N,8.2,100,95,100,115,120,120,NA,100,35,75,85,85,65,60,50,55,65,90,NA,95,15,30,50,70
S165,M,Two LoF,Y,Y,1.8,2.1,Y,Y,4.0,NA,60,85,80,105,115,NA,110,50,55,80,85,NA,45,40,35,95,95,NA,100,15,10,75,85
S165,M,Two LoF,Y,Y,1.8,2.1,Y,Y,4.4,NA,55,70,80,100,110,NA,110,45,55,80,85,NA,45,35,35,95,90,NA,95,20,15,80,85
S165,M,Two LoF,Y,Y,1.8,2.1,Y,Y,5.0,60,70,75,85,100,105,105,110,40,50,85,90,45,45,50,40,100,95,90,100,20,5,85,90
S165,M,Two LoF,Y,Y,1.8,2.1,Y,Y,5.2,60,85,85,100,100,110,115,110,50,55,85,90,45,45,50,40,100,95,90,100,20,5,85,90
S165,M,Two LoF,Y,Y,1.8,2.1,Y,Y,5.3,60,85,85,100,100,110,115,110,50,55,85,90,45,45,50,40,100,95,90,100,20,5,85,90
S165,M,Two LoF,Y,Y,1.8,2.1,Y,Y,6.6,65,105,115,115,110,125,115,110,60,65,85,85,55,50,55,45,105,100,NA,95,20,10,85,85
S165,M,Two LoF,Y,Y,1.8,2.1,Y,Y,7.6,80,95,95,100,105,115,115,110,60,65,85,85,40,40,35,30,100,100,NA,100,0,0,85,85
S165,M,Two LoF,Y,Y,1.8,2.1,Y,Y,8.2,70,85,95,95,105,110,115,110,60,65,85,85,45,35,35,30,100,95,105,100,0,0,85,85
S165,M,Two LoF,Y,Y,1.8,2.1,Y,Y,8.7,NA,85,95,100,100,105,110,110,55,60,85,85,NA,30,35,30,105,95,NA,100,10,5,85,85
S165,M,Two LoF,Y,Y,1.8,2.1,Y,Y,9.2,80,90,90,95,100,105,110,100,50,60,90,85,55,40,35,25,100,100,NA,95,15,15,90,85
S165,M,Two LoF,Y,Y,1.8,2.1,Y,Y,9.7,80,95,95,100,105,105,NA,100,50,60,75,70,65,55,40,30,105,100,NA,90,15,15,75,70
S165,M,Two LoF,Y,Y,1.8,2.1,Y,Y,9.7,80,85,85,90,100,110,NA,105,50,60,75,70,40,35,30,25,105,95,NA,100,15,15,75,70
S166,M,Two LoF,Y,Y,2,2,Y,Y,30.0,60,85,95,100,100,115,110,100,80,80,85,90,55,85,95,100,105,115,110,105,80,80,85,90
S167,M,Two LoF,Y,Y,1.9,2.5,Y,Y,1.2,NA,NA,45,55,60,85,NA,NA,NA,NA,NA,NA,NA,NA,45,55,60,95,NA,NA,NA,NA,NA,NA
S167,M,Two LoF,Y,Y,1.9,2.5,Y,Y,1.5,NA,NA,60,NA,70,NA,NA,NA,NA,NA,NA,NA,NA,NA,65,NA,100,NA,NA,NA,NA,NA,NA,NA
S167,M,Two LoF,Y,Y,1.9,2.5,Y,Y,1.8,NA,NA,95,110,110,110,NA,NA,NA,NA,NA,NA,NA,NA,95,110,110,110,NA,NA,NA,NA,NA,NA
S167,M,Two LoF,Y,Y,1.9,2.5,Y,Y,1.9,NA,65,65,60,80,95,NA,NA,NA,NA,NA,NA,NA,65,65,60,80,95,NA,NA,NA,NA,NA,NA
S167,M,Two LoF,Y,Y,1.9,2.5,Y,Y,2.0,NA,NA,105,100,100,105,NA,NA,NA,NA,NA,NA,NA,NA,105,100,100,105,NA,NA,NA,NA,NA,NA
S167,M,Two LoF,Y,Y,1.9,2.5,Y,Y,2.0,NA,90,85,105,110,110,NA,NA,NA,NA,NA,NA,NA,90,85,105,110,110,NA,NA,NA,NA,NA,NA
S167,M,Two LoF,Y,Y,1.9,2.5,Y,Y,2.2,NA,NA,85,85,105,105,NA,NA,NA,NA,NA,NA,NA,NA,85,85,105,105,NA,NA,NA,NA,NA,NA
S167,M,Two LoF,Y,Y,1.9,2.5,Y,Y,3.5,NA,90,95,95,110,120,NA,NA,NA,NA,NA,NA,NA,NA,80,90,100,120,NA,NA,NA,NA,NA,NA
S167,M,Two LoF,Y,Y,1.9,2.5,Y,Y,3.6,NA,80,80,75,95,120,100,85,NA,NA,NA,NA,NA,80,80,90,105,120,100,80,NA,NA,NA,NA
S167,M,Two LoF,Y,Y,1.9,2.5,Y,Y,5.2,75,75,75,75,90,105,105,95,45,55,80,85,80,80,85,100,105,115,115,100,45,55,80,85
S167,M,Two LoF,Y,Y,1.9,2.5,Y,Y,5.7,70,65,70,70,85,115,NA,100,40,55,80,85,65,70,85,95,100,115,115,110,40,55,80,85
S167,M,Two LoF,Y,Y,1.9,2.5,Y,Y,6.2,75,70,80,85,100,115,115,100,40,55,80,85,70,75,85,90,100,115,115,100,40,55,80,85
S167,M,Two LoF,Y,Y,1.9,2.5,Y,Y,6.2,60,65,70,70,85,115,NA,100,45,55,75,80,60,75,85,90,95,115,110,110,45,55,75,80
S167,M,Two LoF,Y,Y,1.9,2.5,Y,Y,6.9,NA,70,75,75,85,115,110,100,NA,NA,NA,NA,NA,90,95,100,105,120,115,110,NA,NA,NA,NA
S168,M,One non-LoF,Y,Y,NA,NA,NA,NA,26.2,25,30,55,70,85,110,120,110,35,60,80,85,40,55,60,70,100,115,110,105,45,60,80,85
S169,M,Two LoF,N,N,0.8,0.8,N,N,0.4,NA,NA,30,40,40,40,NA,NA,NA,NA,NA,NA,NA,NA,85,85,85,90,NA,NA,NA,NA,NA,NA
S169,M,Two LoF,N,N,0.8,0.8,N,N,0.7,NA,NA,70,75,80,85,NA,NA,NA,NA,NA,NA,NA,NA,70,75,80,85,NA,NA,NA,NA,NA,NA
S169,M,Two LoF,N,N,0.8,0.8,N,N,0.8,NA,NA,50,50,55,55,NA,NA,NA,NA,NA,NA,NA,NA,50,50,55,55,NA,NA,NA,NA,NA,NA
S169,M,Two LoF,N,N,0.8,0.8,N,N,1.3,NA,NA,35,40,45,45,NA,NA,NA,NA,NA,NA,NA,NA,35,40,45,45,NA,NA,NA,NA,NA,NA
S169,M,Two LoF,N,N,0.8,0.8,N,N,4.8,NA,65,65,70,75,65,NA,NA,35,60,70,65,NA,75,80,95,95,90,NA,NA,35,60,70,65
S169,M,Two LoF,N,N,0.8,0.8,N,N,5.0,NA,70,70,75,75,70,NA,75,35,60,65,50,NA,85,80,90,90,95,NA,95,35,60,65,50
S169,M,Two LoF,N,N,0.8,0.8,N,N,5.3,NA,70,70,75,65,65,NA,80,40,60,65,50,NA,85,85,95,90,90,NA,95,40,60,65,50
S169,M,Two LoF,N,N,0.8,0.8,N,N,5.6,NA,60,65,70,70,65,65,85,40,60,70,50,NA,80,85,95,95,90,110,105,40,60,70,50
S170,F,Two LoF,NA,NA,NA,NA,NA,NA,66.8,80,105,90,115,120,115,NA,110,75,75,80,85,80,100,80,90,120,120,NA,105,65,75,80,85
S170,F,Two LoF,NA,NA,NA,NA,NA,NA,68.2,NA,90,75,100,125,125,115,105,65,80,85,85,NA,95,95,115,125,125,120,110,80,80,85,85
S170,F,Two LoF,NA,NA,NA,NA,NA,NA,68.2,NA,90,80,100,125,125,115,105,70,80,85,85,NA,95,95,115,125,125,120,110,80,80,85,85
S171,F,Two LoF,NA,NA,NA,NA,NA,NA,52.8,65,85,110,115,120,115,115,105,75,75,80,85,75,80,65,85,100,120,115,105,55,65,80,85
S172,F,Two LoF,NA,NA,NA,NA,NA,NA,3.7,45,55,45,50,40,60,55,75,25,35,35,40,40,50,50,45,45,50,NA,75,25,35,35,40
S173,M,Two LoF,NA,NA,NA,NA,NA,NA,0.3,NA,NA,30,NA,55,60,NA,NA,NA,NA,NA,NA,NA,NA,30,NA,50,50,NA,NA,NA,NA,NA,NA
S173,M,Two LoF,NA,NA,NA,NA,NA,NA,0.6,NA,20,20,45,45,45,NA,NA,NA,NA,NA,NA,NA,20,20,45,45,45,NA,NA,NA,NA,NA,NA
S173,M,Two LoF,NA,NA,NA,NA,NA,NA,2.1,NA,30,30,30,50,60,NA,NA,NA,NA,NA,NA,NA,30,30,30,50,60,NA,NA,NA,NA,NA,NA
S173,M,Two LoF,NA,NA,NA,NA,NA,NA,2.3,NA,NA,35,45,55,50,NA,NA,NA,NA,NA,NA,NA,NA,35,45,55,50,NA,NA,NA,NA,NA,NA
S173,M,Two LoF,NA,NA,NA,NA,NA,NA,2.6,NA,45,45,45,45,65,NA,NA,NA,NA,NA,NA,NA,45,45,45,45,65,NA,NA,NA,NA,NA,NA
S174,M,Two LoF,Y,Y,1.6,1.4,N,N,19.9,35,60,65,105,105,115,NA,110,65,75,85,85,35,45,75,100,105,115,NA,105,65,75,85,85
S174,M,Two LoF,Y,Y,1.6,1.4,N,N,20.4,50,65,75,95,105,120,120,110,70,80,85,90,55,65,90,105,110,115,110,105,80,80,85,90
S174,M,Two LoF,Y,Y,1.6,1.4,N,N,20.7,50,60,70,95,105,120,115,110,60,80,85,90,50,65,100,110,110,120,115,105,80,80,85,90
S174,M,Two LoF,Y,Y,1.6,1.4,N,N,21.2,45,60,75,90,95,105,115,115,65,75,80,90,50,65,95,100,105,115,105,110,70,75,80,90
S174,M,Two LoF,Y,Y,1.6,1.4,N,N,21.7,50,60,75,95,105,115,115,110,70,75,75,85,60,80,100,105,110,110,115,115,70,75,75,85
S174,M,Two LoF,Y,Y,1.6,1.4,N,N,22.2,50,60,75,100,110,115,115,105,65,75,75,85,70,90,95,105,110,115,105,105,70,75,75,85
S174,M,Two LoF,Y,Y,1.6,1.4,N,N,22.9,45,55,75,100,110,115,115,110,65,80,85,85,60,70,95,105,110,110,105,105,70,80,85,85
S174,M,Two LoF,Y,Y,1.6,1.4,N,N,23.4,50,55,75,100,110,110,115,115,70,80,80,85,70,75,95,105,110,120,115,110,70,80,80,85
S174,M,Two LoF,Y,Y,1.6,1.4,N,N,23.8,45,55,75,100,115,115,115,110,60,75,80,85,60,75,95,110,115,120,115,110,70,75,80,80
S174,M,Two LoF,Y,Y,1.6,1.4,N,N,24.3,55,55,65,100,110,115,115,115,55,80,80,85,75,85,100,105,110,120,120,115,75,80,80,80
S174,M,Two LoF,Y,Y,1.6,1.4,N,N,24.8,55,65,80,105,115,115,115,105,55,70,75,75,75,90,100,110,110,115,115,105,70,70,75,75
S175,M,Two LoF,Y,Y,2.6,2.4,Y,Y,4.0,NA,NA,30,30,35,40,NA,NA,10,25,25,35,NA,NA,50,60,55,75,NA,NA,10,25,25,35
S175,M,Two LoF,Y,Y,2.6,2.4,Y,Y,4.1,NA,30,30,40,30,30,25,65,20,30,30,30,NA,35,50,60,50,75,75,NA,30,30,40,40
S175,M,Two LoF,Y,Y,2.6,2.4,Y,Y,4.6,NA,25,20,35,25,35,NA,40,15,25,25,35,NA,40,45,65,60,70,NA,75,25,40,50,65
S175,M,Two LoF,Y,Y,2.6,2.4,Y,Y,4.7,NA,30,30,35,30,40,NA,50,15,20,30,40,NA,45,75,80,75,85,NA,85,35,45,60,70
S175,M,Two LoF,Y,Y,2.6,2.4,Y,Y,4.7,30,25,25,35,30,40,NA,45,20,25,30,30,40,45,60,65,60,65,NA,75,30,35,55,60
S175,M,Two LoF,Y,Y,2.6,2.4,Y,Y,4.8,35,30,20,35,30,40,NA,45,15,25,30,40,45,45,55,65,60,70,NA,75,25,40,55,65
S175,M,Two LoF,Y,Y,2.6,2.4,Y,Y,5.0,NA,40,35,40,25,35,NA,50,25,20,25,35,NA,40,55,65,65,80,NA,75,30,40,65,75
S175,M,Two LoF,Y,Y,2.6,2.4,Y,Y,5.1,50,40,35,40,35,40,NA,55,20,25,35,35,55,55,55,70,60,80,NA,75,35,35,60,70
S175,M,Two LoF,Y,Y,2.6,2.4,Y,Y,5.3,35,30,30,35,25,30,NA,40,15,20,20,25,35,40,50,65,55,75,NA,85,30,40,55,70
S175,M,Two LoF,Y,Y,2.6,2.4,Y,Y,5.3,25,25,30,35,25,35,NA,45,15,25,20,25,90,110,125,125,125,125,NA,105,75,75,85,90
S175,M,Two LoF,Y,Y,2.6,2.4,Y,Y,5.4,25,25,25,35,25,30,NA,40,15,20,25,30,90,110,125,125,125,125,NA,105,75,70,85,90
S175,M,Two LoF,Y,Y,2.6,2.4,Y,Y,5.4,30,25,30,40,25,30,NA,35,25,25,25,30,75,70,85,80,80,90,NA,95,50,55,70,85
S175,M,Two LoF,Y,Y,2.6,2.4,Y,Y,5.4,30,25,25,35,30,35,NA,40,20,20,25,30,45,45,60,75,65,85,NA,85,40,45,65,80
S175,M,Two LoF,Y,Y,2.6,2.4,Y,Y,5.7,35,30,30,35,30,35,NA,45,15,20,30,35,50,45,70,80,75,80,NA,95,35,50,60,70
S175,M,Two LoF,Y,Y,2.6,2.4,Y,Y,5.7,45,30,35,35,25,35,NA,45,15,20,25,35,55,40,70,80,80,85,NA,85,35,50,65,75
S175,M,Two LoF,Y,Y,2.6,2.4,Y,Y,5.8,45,30,35,35,30,35,NA,45,15,20,25,35,65,60,105,115,110,110,115,105,55,60,75,85
S175,M,Two LoF,Y,Y,2.6,2.4,Y,Y,5.8,35,35,35,35,25,35,30,45,20,25,20,30,60,60,100,110,110,110,115,110,65,70,85,90
S175,M,Two LoF,Y,Y,2.6,2.4,Y,Y,5.9,35,30,35,35,25,35,25,45,20,25,20,30,55,50,80,90,85,105,105,110,55,60,80,90
S175,M,Two LoF,Y,Y,2.6,2.4,Y,Y,6.4,50,50,80,95,105,110,100,NA,55,70,95,90,65,60,70,70,70,90,75,NA,50,60,70,75
S175,M,Two LoF,Y,Y,2.6,2.4,Y,Y,6.4,40,25,35,50,50,65,NA,60,25,35,50,65,50,40,65,75,70,85,NA,75,45,55,70,70
S175,M,Two LoF,Y,Y,2.6,2.4,Y,Y,6.9,35,35,35,45,35,60,NA,55,20,30,35,55,50,50,70,75,70,85,NA,75,40,55,65,80
S175,M,Two LoF,Y,Y,2.6,2.4,Y,Y,7.0,35,30,25,25,30,55,NA,55,20,25,30,55,35,45,60,70,65,85,NA,70,35,55,65,70
S175,M,Two LoF,Y,Y,2.6,2.4,Y,Y,7.3,40,30,30,30,30,55,NA,55,20,25,25,55,65,55,65,75,65,90,NA,90,35,55,60,80
S175,M,Two LoF,Y,Y,2.6,2.4,Y,Y,8.3,30,25,35,30,30,55,NA,65,10,25,30,50,50,45,60,65,65,80,NA,90,35,50,40,65
S175,M,Two LoF,Y,Y,2.6,2.4,Y,Y,8.8,30,25,35,30,30,55,NA,55,20,25,30,50,40,40,65,65,65,80,NA,80,35,55,60,70
S175,M,Two LoF,Y,Y,2.6,2.4,Y,Y,9.3,45,30,35,25,25,60,NA,50,25,25,25,60,60,50,70,75,70,90,NA,85,45,65,65,75
S176,M,Two LoF,Y,Y,1.2,1.2,Y,Y,27.1,80,95,110,105,105,125,110,110,70,75,80,85,70,85,100,105,105,115,115,100,70,75,80,85
S177,F,One non-LoF,Y,Y,1.3,1.5,N,N,3.2,NA,NA,60,NA,45,45,NA,NA,NA,NA,NA,NA,NA,NA,55,NA,55,75,NA,NA,NA,NA,NA,NA
S177,F,One non-LoF,Y,Y,1.3,1.5,N,N,3.7,NA,90,85,80,70,70,70,90,30,45,65,70,NA,70,65,75,70,75,NA,80,30,45,65,70
S177,F,One non-LoF,Y,Y,1.3,1.5,N,N,3.8,NA,80,85,80,70,60,65,95,30,45,65,55,NA,70,60,75,70,70,65,75,30,45,65,65
S177,F,One non-LoF,Y,Y,1.3,1.5,N,N,3.8,NA,85,85,80,70,65,70,90,50,45,70,65,NA,70,65,75,70,75,75,90,50,35,70,65
S177,F,One non-LoF,Y,Y,1.3,1.5,N,N,4.3,NA,85,90,80,70,60,65,80,25,35,45,35,NA,65,60,70,70,70,NA,85,25,35,45,35
S177,F,One non-LoF,Y,Y,1.3,1.5,N,N,4.4,NA,85,90,80,70,55,60,75,20,35,45,35,NA,65,60,70,70,75,70,85,20,35,45,35
S177,F,One non-LoF,Y,Y,1.3,1.5,N,N,4.7,85,85,85,80,70,60,65,85,40,40,70,55,75,70,70,70,70,75,NA,80,40,40,70,55
S177,F,One non-LoF,Y,Y,1.3,1.5,N,N,5.0,NA,85,90,80,70,60,60,85,35,40,60,60,NA,65,60,70,70,70,NA,75,45,45,60,60
S177,F,One non-LoF,Y,Y,1.3,1.5,N,N,5.3,NA,90,90,80,70,60,60,80,35,50,60,60,NA,65,65,75,75,75,70,80,45,50,65,65
S177,F,One non-LoF,Y,Y,1.3,1.5,N,N,5.7,65,70,70,80,75,65,65,80,35,50,60,60,75,75,75,75,75,75,70,75,45,50,60,65
S177,F,One non-LoF,Y,Y,1.3,1.5,N,N,6.0,85,85,85,80,70,60,55,80,40,35,60,40,70,75,65,70,70,70,65,80,35,50,70,60
S177,F,One non-LoF,Y,Y,1.3,1.5,N,N,6.5,90,90,85,80,70,60,60,80,25,35,70,60,75,70,65,75,75,75,75,95,30,50,70,65
S177,F,One non-LoF,Y,Y,1.3,1.5,N,N,7.1,75,80,85,80,65,55,70,90,35,35,65,45,75,70,75,80,70,75,70,90,45,50,65,70
S177,F,One non-LoF,Y,Y,1.3,1.5,N,N,7.6,85,80,80,75,65,55,NA,70,35,35,60,45,85,75,60,70,70,75,NA,75,30,50,65,70
S178,F,One non-LoF,Y,Y,2,1.8,N,N,2.0,NA,NA,70,70,70,95,NA,NA,NA,NA,NA,NA,NA,NA,70,70,70,95,NA,NA,NA,NA,NA,NA
S178,F,One non-LoF,Y,Y,2,1.8,N,N,2.6,NA,NA,70,75,75,90,NA,NA,NA,NA,NA,NA,NA,NA,70,75,75,90,NA,NA,NA,NA,NA,NA
S178,F,One non-LoF,Y,Y,2,1.8,N,N,2.8,NA,NA,55,65,60,70,NA,NA,55,55,50,65,NA,NA,65,65,60,75,NA,NA,55,55,50,65
S178,F,One non-LoF,Y,Y,2,1.8,N,N,3.1,85,95,95,80,75,85,NA,100,50,50,65,70,85,90,90,80,65,75,NA,105,50,50,65,70
S178,F,One non-LoF,Y,Y,2,1.8,N,N,3.2,NA,85,95,80,80,65,85,100,35,45,50,65,NA,60,90,75,65,65,85,100,35,45,50,65
S178,F,One non-LoF,Y,Y,2,1.8,N,N,3.3,75,85,95,85,75,80,90,100,45,45,65,75,75,65,80,70,65,75,90,100,45,45,65,75
S178,F,One non-LoF,Y,Y,2,1.8,N,N,3.6,75,85,95,85,85,75,80,100,45,65,70,75,75,70,90,80,70,80,90,105,45,65,70,75
S178,F,One non-LoF,Y,Y,2,1.8,N,N,3.9,80,90,90,80,80,80,80,95,55,60,70,70,70,75,85,80,75,80,85,105,55,60,70,70
S178,F,One non-LoF,Y,Y,2,1.8,N,N,4.2,80,90,95,85,80,80,85,90,60,65,80,70,75,80,85,90,80,75,90,100,60,65,80,70
S178,F,One non-LoF,Y,Y,2,1.8,N,N,4.5,70,80,90,85,80,75,85,90,60,65,70,70,65,75,85,80,75,80,85,90,60,65,70,70
S178,F,One non-LoF,Y,Y,2,1.8,N,N,4.9,80,85,90,80,75,80,80,95,60,65,70,70,75,80,85,75,75,75,75,75,60,65,70,70
S178,F,One non-LoF,Y,Y,2,1.8,N,N,5.4,80,80,90,80,75,75,80,100,50,60,65,70,70,80,85,75,70,75,85,100,50,60,65,70
S178,F,One non-LoF,Y,Y,2,1.8,N,N,6.0,75,80,90,80,75,80,75,90,50,60,65,70,65,80,85,75,70,75,85,95,50,60,65,70
S178,F,One non-LoF,Y,Y,2,1.8,N,N,6.5,75,85,90,80,80,80,NA,90,65,75,75,70,75,70,85,75,75,75,80,95,60,65,70,65
S179,F,Two LoF,Y,Y,2.5,2.3,N,N,0.4,NA,NA,25,35,35,30,NA,NA,NA,NA,NA,NA,NA,NA,90,90,90,90,NA,NA,NA,NA,NA,NA
S179,F,Two LoF,Y,Y,2.5,2.3,N,N,0.8,NA,NA,30,30,35,35,NA,NA,NA,NA,NA,NA,NA,NA,85,90,90,90,NA,NA,NA,NA,NA,NA
S179,F,Two LoF,Y,Y,2.5,2.3,N,N,1.1,NA,NA,95,90,90,105,NA,NA,NA,NA,NA,NA,NA,NA,95,90,90,105,NA,NA,NA,NA,NA,NA
S179,F,Two LoF,Y,Y,2.5,2.3,N,N,1.4,NA,70,55,50,50,65,85,NA,NA,NA,NA,NA,NA,70,55,50,50,65,85,NA,NA,NA,NA,NA
S179,F,Two LoF,Y,Y,2.5,2.3,N,N,1.7,NA,NA,80,60,85,90,NA,NA,NA,NA,NA,NA,NA,NA,80,60,85,90,NA,NA,NA,NA,NA,NA
S179,F,Two LoF,Y,Y,2.5,2.3,N,N,1.8,NA,NA,55,65,65,95,NA,NA,NA,NA,NA,NA,NA,NA,55,65,65,95,NA,NA,NA,NA,NA,NA
S179,F,Two LoF,Y,Y,2.5,2.3,N,N,1.8,NA,NA,75,80,100,110,NA,NA,NA,NA,NA,NA,NA,NA,75,80,100,110,NA,NA,NA,NA,NA,NA
S179,F,Two LoF,Y,Y,2.5,2.3,N,N,1.8,NA,75,60,80,110,110,NA,NA,NA,NA,NA,NA,NA,75,60,80,110,110,NA,NA,NA,NA,NA,NA
S179,F,Two LoF,Y,Y,2.5,2.3,N,N,2.0,NA,NA,60,55,65,75,NA,NA,NA,NA,NA,NA,NA,NA,60,55,65,75,NA,NA,NA,NA,NA,NA
S179,F,Two LoF,Y,Y,2.5,2.3,N,N,2.5,NA,NA,85,70,85,100,NA,NA,NA,NA,NA,NA,NA,NA,85,70,85,100,NA,NA,NA,NA,NA,NA
S179,F,Two LoF,Y,Y,2.5,2.3,N,N,2.5,NA,NA,70,60,65,75,NA,NA,NA,NA,NA,NA,NA,NA,70,60,65,75,NA,NA,NA,NA,NA,NA
S179,F,Two LoF,Y,Y,2.5,2.3,N,N,3.3,NA,50,55,65,75,80,105,NA,45,60,65,70,NA,110,125,125,125,125,110,NA,70,75,75,85
S179,F,Two LoF,Y,Y,2.5,2.3,N,N,3.6,NA,45,50,55,70,75,100,NA,45,50,65,65,NA,110,125,125,125,125,110,NA,70,75,75,80
S179,F,Two LoF,Y,Y,2.5,2.3,N,N,4.1,50,45,50,55,70,85,NA,100,50,50,60,80,95,115,125,125,125,125,NA,115,75,90,95,90
S179,F,Two LoF,Y,Y,2.5,2.3,N,N,4.6,60,55,60,65,75,85,NA,100,55,50,75,75,95,110,115,125,125,120,NA,100,75,90,95,90
S179,F,Two LoF,Y,Y,2.5,2.3,N,N,4.8,75,95,100,105,110,115,105,100,70,70,90,90,85,100,115,115,110,120,105,100,70,70,90,90
S179,F,Two LoF,Y,Y,2.5,2.3,N,N,4.8,70,65,75,75,85,95,100,110,65,65,80,85,90,90,100,105,105,125,120,115,75,90,95,90
S179,F,Two LoF,Y,Y,2.5,2.3,N,N,5.0,80,90,95,105,105,115,120,115,75,90,95,90,90,100,105,110,110,120,120,115,75,90,95,90
S179,F,Two LoF,Y,Y,2.5,2.3,N,N,5.5,70,80,95,105,105,115,105,100,75,90,95,90,95,110,115,125,125,120,105,100,75,90,95,90
S180,M,Two LoF,Y,Y,1.6,1.3,Y,Y,0.5,NA,NA,65,NA,75,NA,NA,NA,NA,NA,NA,NA,NA,NA,65,NA,75,NA,NA,NA,NA,NA,NA,NA
S180,M,Two LoF,Y,Y,1.6,1.3,Y,Y,0.5,65,75,70,70,90,85,NA,NA,NA,NA,NA,NA,65,75,70,70,90,85,NA,NA,NA,NA,NA,NA
S180,M,Two LoF,Y,Y,1.6,1.3,Y,Y,0.8,NA,NA,75,55,55,95,NA,NA,NA,NA,NA,NA,NA,NA,75,85,85,95,NA,NA,NA,NA,NA,NA
S180,M,Two LoF,Y,Y,1.6,1.3,Y,Y,1.0,NA,60,70,70,80,90,90,NA,NA,NA,NA,NA,NA,60,70,70,80,90,90,NA,NA,NA,NA,NA
S180,M,Two LoF,Y,Y,1.6,1.3,Y,Y,1.3,NA,90,95,105,110,105,NA,NA,NA,NA,NA,NA,NA,90,95,105,110,105,NA,NA,NA,NA,NA,NA
S180,M,Two LoF,Y,Y,1.6,1.3,Y,Y,1.5,NA,90,95,100,110,105,100,NA,NA,NA,NA,NA,NA,90,95,100,110,105,100,NA,NA,NA,NA,NA
S180,M,Two LoF,Y,Y,1.6,1.3,Y,Y,1.6,NA,80,85,105,110,105,NA,NA,NA,NA,NA,NA,NA,80,85,105,110,105,NA,NA,NA,NA,NA,NA
S180,M,Two LoF,Y,Y,1.6,1.3,Y,Y,2.0,NA,35,35,35,35,40,NA,NA,NA,NA,NA,NA,NA,35,35,35,35,40,NA,NA,NA,NA,NA,NA
S180,M,Two LoF,Y,Y,1.6,1.3,Y,Y,2.2,NA,35,40,45,40,45,40,NA,NA,NA,NA,NA,NA,35,40,45,40,45,40,NA,NA,NA,NA,NA
S180,M,Two LoF,Y,Y,1.6,1.3,Y,Y,2.5,NA,NA,35,45,35,40,NA,NA,NA,NA,NA,NA,NA,NA,35,45,35,40,NA,NA,NA,NA,NA,NA
S181,F,Two LoF,Y,Y,2.9,3.3,Y,Y,30.2,75,85,105,105,110,110,110,110,75,90,95,NA,80,85,95,115,115,120,115,110,75,85,95,90
S181,F,Two LoF,Y,Y,2.9,3.3,Y,Y,30.3,55,75,85,105,105,105,105,115,55,70,85,85,70,75,85,110,110,115,NA,110,60,70,85,90
S181,F,Two LoF,Y,Y,2.9,3.3,Y,Y,30.4,70,80,80,85,105,110,110,105,60,70,85,85,75,80,90,105,110,120,110,105,65,70,85,85
S181,F,Two LoF,Y,Y,2.9,3.3,Y,Y,30.57357974,80,95,95,110,110,120,NA,100,65,70,85,85,70,75,90,110,115,120,NA,105,65,70,85,85
S181,F,Two LoF,Y,Y,2.9,3.3,Y,Y,30.82546201,70,85,95,105,105,115,115,110,55,70,85,85,75,80,90,105,100,120,115,110,55,70,85,85
S181,F,Two LoF,Y,Y,2.9,3.3,Y,Y,31.38124572,60,80,95,105,105,110,110,110,55,70,85,85,70,75,90,105,110,120,115,110,55,70,85,85
S181,F,Two LoF,Y,Y,2.9,3.3,Y,Y,32.71457906,70,85,90,105,105,110,110,110,55,70,85,85,75,75,95,105,110,115,110,105,55,70,85,85
S182,M,Single,NA,NA,NA,NA,NA,NA,29.6,NA,5,5,5,15,30,10,5,5,5,15,25,NA,5,5,10,15,30,20,15,5,5,15,25
S183,M,Single,Y,Y,1.8,2.4,Y,Y,1.3,NA,80,80,80,100,100,100,NA,NA,NA,NA,NA,NA,80,80,80,100,100,100,NA,NA,NA,NA,NA
S183,M,Single,Y,Y,1.8,2.4,Y,Y,1.7,NA,NA,90,95,95,95,NA,NA,NA,NA,NA,NA,NA,NA,90,95,95,95,NA,NA,NA,NA,NA,NA
S183,M,Single,Y,Y,1.8,2.4,Y,Y,1.8,NA,80,85,85,85,100,NA,NA,NA,NA,NA,NA,NA,80,85,85,85,100,NA,NA,NA,NA,NA,NA
S183,M,Single,Y,Y,1.8,2.4,Y,Y,1.8,NA,NA,90,NA,85,NA,NA,NA,NA,NA,NA,NA,NA,NA,90,NA,85,NA,NA,NA,NA,NA,NA,NA
S183,M,Single,Y,Y,1.8,2.4,Y,Y,2.6,NA,NA,80,85,105,110,NA,NA,NA,NA,NA,NA,NA,NA,80,85,105,110,NA,NA,NA,NA,NA,NA
S183,M,Single,Y,Y,1.8,2.4,Y,Y,3.7,NA,NA,100,120,125,115,NA,NA,NA,NA,NA,NA,NA,NA,85,85,90,105,NA,NA,NA,NA,NA,NA
S183,M,Single,Y,Y,1.8,2.4,Y,Y,3.9,NA,95,110,125,125,125,115,110,55,70,90,85,NA,85,105,115,115,120,115,110,55,70,90,85
S184,F,Single,NA,NA,NA,NA,NA,NA,38.6,10,15,15,30,35,45,NA,35,5,20,30,45,10,15,15,30,50,55,NA,60,5,25,40,50
S184,F,Single,NA,NA,NA,NA,NA,NA,44.7,15,20,20,50,50,55,NA,50,15,40,45,50,30,35,30,45,55,60,NA,50,30,40,45,50
S184,F,Single,NA,NA,NA,NA,NA,NA,46.5,15,15,25,55,55,65,NA,55,20,45,60,65,15,20,20,45,60,65,NA,65,10,35,60,65
S185,F,Single,NA,NA,NA,NA,NA,NA,0.1,NA,NA,10,5,5,5,NA,NA,NA,NA,NA,NA,NA,NA,20,0,5,5,NA,NA,NA,NA,NA,NA
S186,F,Single,NA,NA,NA,NA,NA,NA,2.5,NA,65,75,80,90,85,NA,100,NA,NA,NA,NA,NA,45,45,70,85,75,NA,105,NA,NA,NA,NA
S186,F,Single,NA,NA,NA,NA,NA,NA,4.4,NA,70,80,85,85,90,NA,105,45,75,80,80,NA,50,55,75,80,90,NA,105,45,75,80,80
S186,F,Single,NA,NA,NA,NA,NA,NA,6.1,70,70,70,70,85,95,NA,105,45,55,70,65,30,40,55,65,80,80,NA,100,45,55,70,65
S186,F,Single,NA,NA,NA,NA,NA,NA,9.4,70,80,85,80,90,115,NA,105,65,70,75,65,40,45,50,70,75,80,NA,105,40,60,75,65
S186,F,Single,NA,NA,NA,NA,NA,NA,11.3,60,65,65,80,95,115,NA,105,55,70,75,65,45,50,50,75,80,80,NA,105,45,70,70,65
S186,F,Single,NA,NA,NA,NA,NA,NA,12.8,75,75,85,85,115,115,NA,105,70,75,75,65,35,45,50,70,85,80,NA,105,45,65,75,65
S186,F,Single,NA,NA,NA,NA,NA,NA,15.2,65,65,90,95,120,125,125,115,70,75,85,85,40,45,50,80,85,85,85,100,45,70,75,75
S186,F,Single,NA,NA,NA,NA,NA,NA,15.3,65,70,90,95,125,125,125,115,70,80,85,85,45,50,50,80,85,80,95,110,45,70,85,75
S186,F,Single,NA,NA,NA,NA,NA,NA,16.2,75,85,90,100,115,115,NA,105,70,75,75,65,55,60,60,80,90,90,NA,105,55,75,75,65
S186,F,Single,NA,NA,NA,NA,NA,NA,19.5,85,95,100,105,125,125,NA,115,70,75,80,85,55,60,60,90,90,90,NA,110,50,75,75,85
S187,F,Single,Y,Y,3.8,2.9,Y,Y,29.2,50,40,60,70,70,110,120,110,50,60,70,85,40,45,55,60,70,110,110,105,45,50,70,85
S187,F,Single,Y,Y,3.8,2.9,Y,Y,29.5,45,35,60,70,70,115,115,110,50,60,65,85,35,35,55,60,70,110,105,110,50,50,65,85
S187,F,Single,Y,Y,3.8,2.9,Y,Y,29.9,55,50,60,65,75,110,120,110,40,50,70,90,45,45,55,70,70,115,120,105,40,55,70,85
S187,F,Single,Y,Y,3.8,2.9,Y,Y,33.5,55,45,60,60,80,110,110,110,35,60,75,80,45,45,60,75,95,115,110,110,45,65,75,80
S187,F,Single,Y,Y,3.8,2.9,Y,Y,33.5,55,45,60,65,80,110,115,110,30,50,70,80,45,45,65,75,80,115,105,110,30,60,70,75
S187,F,Single,Y,Y,3.8,2.9,Y,Y,33.6,50,40,60,65,80,110,115,110,25,50,70,75,40,45,65,75,80,105,105,100,30,60,70,75
S187,F,Single,Y,Y,3.8,2.9,Y,Y,33.8,45,35,60,65,80,110,110,100,25,55,75,75,35,45,65,70,120,115,105,100,30,60,85,75
S188,F,No identified,Y,N,1.5,0.9,Y,Y,35.3,60,85,110,115,110,115,120,110,75,75,80,85,50,55,55,70,75,90,105,105,40,50,75,85
S189,M,No identified,Y,Y,NA,NA,NA,NA,3.2,NA,NA,80,85,80,90,NA,NA,55,50,65,55,NA,NA,90,120,120,125,NA,NA,55,50,65,55
S189,M,No identified,Y,Y,NA,NA,NA,NA,3.7,NA,60,70,65,60,80,NA,85,45,50,55,65,NA,110,105,110,110,120,NA,100,55,55,70,80
S190,F,No identified,NA,NA,NA,NA,Y,Y,2.0,NA,75,95,110,125,125,NA,NA,NA,NA,NA,NA,NA,75,95,110,125,125,NA,NA,NA,NA,NA,NA
S191,M,No identified,NA,NA,NA,NA,NA,NA,22.5,85,95,110,115,115,115,NA,110,70,75,80,80,85,105,110,115,115,115,NA,110,70,75,80,80
S192,M,No identified,Y,Y,1.6,1.7,Y,Y,17.3,75,80,90,105,115,120,NA,110,50,55,85,85,70,60,75,100,115,120,NA,105,50,65,85,85
S192,M,No identified,Y,Y,1.6,1.7,Y,Y,17.4,75,80,95,105,110,120,115,110,50,55,85,85,90,110,125,125,125,125,NA,110,55,65,80,85
S192,M,No identified,Y,Y,1.6,1.7,Y,Y,18.2,75,80,95,105,110,120,NA,110,70,80,85,85,70,85,115,125,125,125,NA,110,70,80,85,85
S192,M,No identified,Y,Y,1.6,1.7,Y,Y,18.9,70,80,95,105,110,120,115,110,70,80,85,85,80,95,115,125,120,120,NA,110,70,80,85,85
S193,F,No identified,Y,Y,1.3,1.1,Y,Y,18.0,75,100,110,110,110,110,NA,95,80,80,85,85,55,60,50,45,40,15,NA,5,40,45,40,15
S193,F,No identified,Y,Y,1.3,1.1,Y,Y,20.6,90,110,125,125,125,125,NA,110,70,75,75,75,45,45,45,50,50,15,NA,15,40,45,45,15
S194,M,No identified,Y,Y,NA,NA,NA,NA,2.0,NA,45,60,70,80,85,NA,NA,NA,NA,NA,NA,NA,45,60,70,80,85,NA,NA,NA,NA,NA,NA
S194,M,No identified,Y,Y,NA,NA,NA,NA,6.5,95,105,90,100,95,70,80,110,70,75,80,75,95,105,90,100,95,70,80,110,70,75,80,75
S195,M,No identified,Y,Y,1.2,1,Y,Y,3.4,NA,40,40,50,55,55,NA,50,NA,NA,NA,NA,NA,40,40,50,55,55,NA,50,NA,NA,NA,NA
S195,M,No identified,Y,Y,1.2,1,Y,Y,3.9,NA,40,35,45,55,55,60,NA,NA,NA,NA,NA,NA,40,35,45,55,55,60,NA,NA,NA,NA,NA
S195,M,No identified,Y,Y,1.2,1,Y,Y,4.3,NA,50,45,75,75,75,NA,95,35,65,70,70,NA,55,70,90,85,85,NA,100,60,65,70,70
S195,M,No identified,Y,Y,1.2,1,Y,Y,4.8,NA,50,50,75,75,75,NA,NA,NA,NA,NA,NA,NA,55,70,90,85,85,NA,NA,NA,NA,NA,NA
S195,M,No identified,Y,Y,1.2,1,Y,Y,8.3,NA,40,40,75,75,75,80,NA,45,75,75,75,NA,60,70,90,85,90,95,NA,60,75,75,80
S195,M,No identified,Y,Y,1.2,1,Y,Y,8.5,40,45,50,75,80,80,95,95,45,70,75,75,45,50,75,90,95,100,105,115,65,75,80,80
S196,F,No identified,Y,Y,2.4,2.7,Y,Y,3.7,75,80,65,60,30,60,NA,80,25,30,20,45,70,75,75,85,85,75,NA,85,45,55,35,65
S196,F,No identified,Y,Y,2.4,2.7,Y,Y,4.2,NA,65,60,65,30,65,NA,NA,15,30,20,60,NA,60,75,90,80,65,NA,NA,40,50,20,60
S196,F,No identified,Y,Y,2.4,2.7,Y,Y,4.3,NA,50,70,70,35,60,NA,NA,NA,NA,NA,NA,NA,60,80,85,85,75,NA,95,5,25,25,60
S196,F,No identified,Y,Y,2.4,2.7,Y,Y,6.0,NA,90,75,65,30,60,80,85,0,20,5,60,NA,70,75,85,40,75,90,110,35,35,40,45
S196,F,No identified,Y,Y,2.4,2.7,Y,Y,6.9,NA,70,65,65,20,70,NA,70,NA,NA,NA,NA,NA,75,80,80,45,65,85,95,NA,NA,NA,NA
S196,F,No identified,Y,Y,2.4,2.7,Y,Y,7.7,60,65,65,60,45,65,NA,85,30,25,20,45,60,75,75,75,80,75,NA,100,35,45,65,65
S196,F,No identified,Y,Y,2.4,2.7,Y,Y,9.6,50,65,70,65,35,60,NA,100,20,20,20,60,55,75,80,80,80,75,NA,105,35,35,65,65
S196,F,No identified,Y,Y,2.4,2.7,Y,Y,17.4,75,85,80,70,45,65,NA,65,30,30,25,60,75,85,80,80,75,80,NA,70,40,50,65,70
S196,F,No identified,Y,Y,2.4,2.7,Y,Y,19.9,55,70,85,95,85,95,NA,70,70,75,75,85,80,85,90,100,80,90,NA,95,70,75,75,85
S197,F,No identified,Y,Y,NA,NA,NA,NA,25.0,NA,60,65,70,70,80,NA,NA,NA,NA,NA,NA,NA,30,40,55,60,80,NA,NA,NA,NA,NA,NA
S198,M,Two LoF,N,N,0.6,0.6,N,N,1.1,NA,NA,55,40,45,45,NA,NA,NA,NA,NA,NA,NA,NA,60,65,65,65,NA,NA,NA,NA,NA,NA
S199,F,Two LoF,Y,Y,1.6,1.8,N,N,0.9,NA,NA,65,80,85,85,NA,NA,NA,NA,NA,NA,NA,NA,65,80,85,85,NA,NA,NA,NA,NA,NA
S199,F,Two LoF,Y,Y,1.6,1.8,N,N,1.2,NA,75,70,70,80,95,NA,NA,NA,NA,NA,NA,NA,75,70,70,80,95,NA,NA,NA,NA,NA,NA
S200,F,Two LoF,Y,Y,1.9,1.6,Y,Y,0.3,NA,NA,65,65,85,85,NA,NA,NA,NA,NA,NA,NA,NA,65,65,65,65,NA,NA,NA,NA,NA,NA
S200,F,Two LoF,Y,Y,1.9,1.6,Y,Y,0.7,NA,NA,35,30,45,50,NA,NA,NA,NA,NA,NA,NA,NA,35,30,45,50,NA,NA,NA,NA,NA,NA
S200,F,Two LoF,Y,Y,1.9,1.6,Y,Y,1.0,NA,NA,55,55,55,70,NA,NA,NA,NA,NA,NA,NA,NA,55,55,55,70,NA,NA,NA,NA,NA,NA
S200,F,Two LoF,Y,Y,1.9,1.6,Y,Y,1.1,NA,NA,45,NA,60,NA,NA,NA,NA,NA,NA,NA,NA,NA,35,NA,40,40,NA,NA,NA,NA,NA,NA
S200,F,Two LoF,Y,Y,1.9,1.6,Y,Y,1.4,NA,50,45,45,40,50,NA,NA,NA,NA,NA,NA,NA,50,45,45,40,50,NA,NA,NA,NA,NA,NA
S200,F,Two LoF,Y,Y,1.9,1.6,Y,Y,1.9,NA,30,40,35,40,35,NA,NA,NA,NA,NA,NA,NA,30,40,35,40,35,NA,NA,NA,NA,NA,NA
S200,F,Two LoF,Y,Y,1.9,1.6,Y,Y,2.2,NA,NA,50,55,70,75,65,NA,NA,NA,NA,NA,NA,NA,45,50,55,70,65,NA,NA,NA,NA,NA
S200,F,Two LoF,Y,Y,1.9,1.6,Y,Y,2.2,NA,35,40,40,55,65,65,NA,NA,NA,NA,NA,NA,45,45,50,65,75,75,NA,NA,NA,NA,NA
S200,F,Two LoF,Y,Y,1.9,1.6,Y,Y,2.2,NA,NA,45,45,75,85,NA,NA,NA,NA,NA,NA,NA,NA,45,45,75,85,NA,NA,NA,NA,NA,NA
S200,F,Two LoF,Y,Y,1.9,1.6,Y,Y,2.4,NA,NA,50,55,60,60,NA,NA,NA,NA,NA,NA,NA,NA,50,55,60,60,NA,NA,NA,NA,NA,NA
S200,F,Two LoF,Y,Y,1.9,1.6,Y,Y,2.9,NA,NA,50,55,85,80,NA,NA,NA,NA,NA,NA,NA,NA,40,45,45,50,NA,NA,NA,NA,NA,NA
S201,M,Two LoF,Y,Y,NA,NA,NA,NA,3.7,NA,85,85,85,95,110,NA,110,50,65,75,85,NA,85,85,85,90,115,NA,110,50,65,75,85
S201,M,Two LoF,Y,Y,NA,NA,NA,NA,3.8,NA,80,80,85,100,120,NA,100,55,60,80,85,NA,65,75,75,90,115,110,100,55,60,80,85
S202,M,Two LoF,Y,Y,NA,NA,NA,NA,7.6,45,35,50,65,80,85,NA,85,45,55,70,75,45,40,55,60,55,55,NA,55,45,55,45,45
S202,M,Two LoF,Y,Y,NA,NA,NA,NA,7.9,30,20,50,70,85,90,85,90,45,60,75,80,40,40,55,60,55,55,NA,65,45,50,45,45
S203,F,Two LoF,Y,Y,1.8,1.5,N,N,0.2,NA,NA,70,NA,70,NA,NA,NA,NA,NA,NA,NA,NA,NA,70,NA,90,NA,NA,NA,NA,NA,NA,NA
S203,F,Two LoF,Y,Y,1.8,1.5,N,N,0.5,NA,NA,90,95,95,95,NA,NA,NA,NA,NA,NA,NA,NA,90,95,95,95,NA,NA,NA,NA,NA,NA
S203,F,Two LoF,Y,Y,1.8,1.5,N,N,0.5,NA,NA,55,60,75,80,NA,NA,NA,NA,NA,NA,NA,NA,50,65,70,80,NA,NA,NA,NA,NA,NA
S203,F,Two LoF,Y,Y,1.8,1.5,N,N,1.0,NA,NA,70,80,95,115,NA,NA,NA,NA,NA,NA,NA,NA,70,80,95,115,NA,NA,NA,NA,NA,NA
S204,M,Two LoF,Y,Y,1.4,1.2,N,N,12.0,60,85,110,115,125,125,115,110,70,75,75,85,5,10,10,10,60,80,NA,80,0,0,50,70
S205,F,Two LoF,Y,Y,2.7,1.8,N,N,0.3,NA,NA,65,NA,NA,NA,NA,NA,NA,NA,NA,NA,NA,NA,65,NA,NA,75,NA,NA,NA,NA,NA,NA
S205,F,Two LoF,Y,Y,2.7,1.8,N,N,1.2,NA,NA,50,NA,45,NA,NA,NA,NA,NA,NA,NA,NA,NA,50,NA,45,NA,NA,NA,NA,NA,NA,NA
S205,F,Two LoF,Y,Y,2.7,1.8,N,N,1.3,NA,NA,30,35,40,55,NA,NA,NA,NA,NA,NA,NA,NA,30,35,40,55,NA,NA,NA,NA,NA,NA
S205,F,Two LoF,Y,Y,2.7,1.8,N,N,1.6,NA,NA,25,35,50,55,NA,NA,NA,NA,NA,NA,NA,NA,25,35,50,55,NA,NA,NA,NA,NA,NA
S205,F,Two LoF,Y,Y,2.7,1.8,N,N,1.7,NA,NA,25,35,50,55,NA,NA,NA,NA,NA,NA,NA,NA,25,35,50,55,NA,NA,NA,NA,NA,NA
S205,F,Two LoF,Y,Y,2.7,1.8,N,N,2.0,NA,NA,40,40,45,45,NA,NA,NA,NA,NA,NA,NA,NA,40,40,45,45,NA,NA,NA,NA,NA,NA
S205,F,Two LoF,Y,Y,2.7,1.8,N,N,2.2,NA,NA,35,40,50,50,NA,NA,NA,NA,NA,NA,NA,NA,35,40,50,50,NA,NA,NA,NA,NA,NA
S206,F,Two LoF,Y,Y,3.9,3,Y,Y,22.2,75,85,95,110,105,120,NA,110,70,75,75,75,85,100,110,105,100,120,NA,110,70,75,75,75
S207,M,Two LoF,Y,Y,2.3,2.3,Y,Y,0.6,NA,NA,70,85,85,80,NA,NA,NA,NA,NA,NA,NA,NA,65,65,70,60,NA,NA,NA,NA,NA,NA
S207,M,Two LoF,Y,Y,2.3,2.3,Y,Y,0.6,NA,NA,60,NA,65,NA,NA,NA,NA,NA,NA,NA,NA,NA,60,NA,65,NA,NA,NA,NA,NA,NA,NA
S207,M,Two LoF,Y,Y,2.3,2.3,Y,Y,1.0,NA,NA,70,60,65,70,NA,NA,NA,NA,NA,NA,NA,NA,70,60,65,70,NA,NA,NA,NA,NA,NA
S207,M,Two LoF,Y,Y,2.3,2.3,Y,Y,1.1,NA,NA,110,115,120,110,NA,NA,NA,NA,NA,NA,NA,NA,110,115,120,110,NA,NA,NA,NA,NA,NA
S207,M,Two LoF,Y,Y,2.3,2.3,Y,Y,1.1,NA,80,95,100,110,110,NA,NA,NA,NA,NA,NA,NA,NA,80,95,100,110,110,NA,NA,NA,NA,NA
S207,M,Two LoF,Y,Y,2.3,2.3,Y,Y,1.1,NA,80,90,90,105,105,100,NA,NA,NA,NA,NA,NA,NA,80,90,90,105,105,100,NA,NA,NA,NA
S207,M,Two LoF,Y,Y,2.3,2.3,Y,Y,1.6,NA,NA,100,120,120,115,NA,NA,NA,NA,NA,NA,NA,NA,100,120,120,115,NA,NA,NA,NA,NA,NA
S207,M,Two LoF,Y,Y,2.3,2.3,Y,Y,1.8,NA,NA,105,100,100,110,NA,NA,NA,NA,NA,NA,NA,NA,105,100,100,110,NA,NA,NA,NA,NA,NA
S208,M,Two LoF,Y,Y,3.3,3.7,Y,Y,0.6,NA,NA,80,90,90,95,NA,NA,NA,NA,NA,NA,NA,NA,80,90,90,95,NA,NA,NA,NA,NA,NA
S208,M,Two LoF,Y,Y,3.3,3.7,Y,Y,0.9,NA,70,80,85,80,85,NA,NA,NA,NA,NA,NA,NA,70,80,85,80,85,NA,NA,NA,NA,NA,NA
S208,M,Two LoF,Y,Y,3.3,3.7,Y,Y,1.6,NA,NA,110,115,115,115,NA,NA,NA,NA,NA,NA,NA,NA,110,115,115,115,NA,NA,NA,NA,NA,NA
S208,M,Two LoF,Y,Y,3.3,3.7,Y,Y,1.8,NA,NA,100,105,100,110,NA,NA,NA,NA,NA,NA,NA,NA,100,105,100,110,NA,NA,NA,NA,NA,NA
S209,M,Two LoF,Y,Y,1.6,2.7,Y,Y,37.8,60,75,90,100,100,105,100,115,70,75,90,90,65,90,95,105,105,105,110,115,70,75,90,90
S210,F,Two LoF,Y,Y,3.5,2.9,Y,Y,32.6,75,85,90,95,100,115,110,110,70,85,85,80,70,80,90,100,105,110,110,115,70,85,85,80
S211,M,One non-LoF,NA,NA,NA,NA,NA,NA,15.0,50,75,100,100,95,115,NA,105,55,70,80,85,40,40,65,65,65,80,75,60,30,25,40,55
S212,M,Two LoF,NA,NA,NA,NA,NA,NA,14.1,55,65,65,65,85,110,110,110,55,55,75,85,45,65,60,60,85,90,95,115,55,55,75,85
S213,M,Two LoF,Y,Y,1.2,1.7,N,N,22.6,NA,65,65,70,75,105,105,115,65,70,65,90,NA,35,40,55,65,100,110,115,40,45,65,90
S213,M,Two LoF,Y,Y,1.2,1.7,N,N,22.8,NA,65,70,80,75,105,NA,115,60,75,70,90,NA,35,40,55,70,95,NA,115,60,75,70,90
S213,M,Two LoF,Y,Y,1.2,1.7,N,N,24.5,NA,60,55,75,70,100,NA,105,55,65,70,90,NA,30,40,55,70,100,NA,115,40,55,60,90
S214,M,One non-LoF,Y,Y,1.8,1.6,Y,Y,1.0,NA,NA,50,50,60,75,NA,NA,NA,NA,NA,NA,NA,NA,50,50,60,75,NA,NA,NA,NA,NA,NA
S214,M,One non-LoF,Y,Y,1.8,1.6,Y,Y,1.5,NA,NA,55,60,65,80,NA,NA,NA,NA,NA,NA,NA,NA,55,60,65,80,NA,NA,NA,NA,NA,NA
S214,M,One non-LoF,Y,Y,1.8,1.6,Y,Y,1.7,NA,NA,55,NA,65,55,NA,NA,NA,NA,NA,NA,NA,NA,95,90,NA,NA,NA,NA,NA,NA,NA,NA
S214,M,One non-LoF,Y,Y,1.8,1.6,Y,Y,2.0,NA,NA,35,45,45,55,NA,NA,NA,NA,NA,NA,NA,NA,35,45,45,55,NA,NA,NA,NA,NA,NA
S214,M,One non-LoF,Y,Y,1.8,1.6,Y,Y,2.4,NA,NA,55,NA,60,NA,NA,NA,NA,NA,NA,NA,NA,NA,105,NA,115,NA,NA,NA,NA,NA,NA,NA
S214,M,One non-LoF,Y,Y,1.8,1.6,Y,Y,2.4,NA,NA,65,50,60,75,NA,NA,NA,NA,NA,NA,NA,NA,85,85,80,115,NA,NA,NA,NA,NA,NA
S214,M,One non-LoF,Y,Y,1.8,1.6,Y,Y,2.7,NA,NA,60,50,70,80,NA,NA,NA,NA,NA,NA,NA,NA,60,50,70,80,NA,NA,NA,NA,NA,NA
S214,M,One non-LoF,Y,Y,1.8,1.6,Y,Y,3.8,50,50,55,55,60,90,100,NA,NA,NA,NA,NA,80,105,115,120,120,125,115,105,NA,NA,NA,NA
S214,M,One non-LoF,Y,Y,1.8,1.6,Y,Y,4.5,NA,50,50,50,55,75,85,95,40,35,55,70,NA,110,125,125,125,125,115,110,75,80,85,85
S214,M,One non-LoF,Y,Y,1.8,1.6,Y,Y,6.0,NA,45,45,45,55,75,80,90,35,35,50,75,NA,110,125,125,125,125,NA,110,70,80,85,85
S214,M,One non-LoF,Y,Y,1.8,1.6,Y,Y,6.2,NA,45,45,50,60,85,NA,90,30,45,55,70,NA,110,125,125,125,125,NA,110,70,80,85,85
S214,M,One non-LoF,Y,Y,1.8,1.6,Y,Y,6.4,60,60,55,50,60,90,NA,95,35,45,60,75,100,115,125,125,125,125,115,NA,70,80,85,85
S214,M,One non-LoF,Y,Y,1.8,1.6,Y,Y,7.7,60,50,45,50,55,80,NA,85,20,30,50,60,90,100,100,105,110,125,NA,95,70,80,85,80
S215,M,One non-LoF,Y,Y,1.5,2.1,Y,Y,32.0,55,70,90,100,105,110,110,110,75,75,80,85,70,85,95,105,110,120,105,105,75,75,80,85
S215,M,One non-LoF,Y,Y,1.5,2.1,Y,Y,32.2,60,70,85,100,110,110,120,110,80,80,85,90,70,85,95,110,110,125,110,105,80,80,85,90
S216,F,One non-LoF,Y,Y,NA,NA,Y,Y,1.2,NA,55,65,70,85,115,NA,NA,NA,NA,NA,NA,NA,55,65,70,85,115,NA,NA,NA,NA,NA,NA
S216,F,One non-LoF,Y,Y,NA,NA,Y,Y,1.5,NA,55,60,70,85,105,NA,NA,NA,NA,NA,NA,NA,55,60,70,85,105,NA,NA,NA,NA,NA,NA
S216,F,One non-LoF,Y,Y,NA,NA,Y,Y,2.1,NA,55,60,70,85,95,NA,NA,NA,NA,NA,NA,NA,55,60,70,85,95,NA,NA,NA,NA,NA,NA
S216,F,One non-LoF,Y,Y,NA,NA,Y,Y,2.2,NA,75,85,90,85,105,NA,100,NA,NA,NA,NA,NA,75,85,100,105,105,NA,105,NA,NA,NA,NA
S216,F,One non-LoF,Y,Y,NA,NA,Y,Y,2.3,NA,80,85,85,95,100,NA,95,NA,NA,NA,NA,NA,80,85,85,95,90,NA,90,NA,NA,NA,NA
S216,F,One non-LoF,Y,Y,NA,NA,Y,Y,8.7,65,75,75,80,90,100,NA,100,70,75,75,65,60,70,80,85,95,95,NA,100,70,75,75,65
S216,F,One non-LoF,Y,Y,NA,NA,Y,Y,16.4,80,95,105,105,95,105,NA,110,70,75,80,85,60,70,85,100,95,95,100,110,70,75,80,85
S216,F,One non-LoF,Y,Y,NA,NA,Y,Y,16.4,85,95,110,105,105,110,NA,110,70,75,80,85,60,70,85,100,105,100,105,110,70,75,80,85
S216,F,One non-LoF,Y,Y,NA,NA,Y,Y,26.5,95,110,110,115,120,125,120,115,75,90,95,90,65,70,80,100,110,110,120,115,70,90,95,90
S217,F,Two LoF,Y,Y,1.8,1.9,Y,Y,15.5,30,20,25,30,65,75,NA,85,15,20,75,65,35,25,25,20,80,55,30,20,15,10,75,50
S217,F,Two LoF,Y,Y,1.8,1.9,Y,Y,15.5,30,25,30,30,85,75,80,80,20,20,75,70,30,25,25,20,80,55,25,20,15,10,70,55
S217,F,Two LoF,Y,Y,1.8,1.9,Y,Y,16.2,30,25,25,30,85,75,80,80,15,20,75,70,30,25,30,20,80,55,25,15,20,10,75,55
S217,F,Two LoF,Y,Y,1.8,1.9,Y,Y,16.7,30,25,25,30,80,75,75,75,15,15,75,70,35,25,25,30,75,55,20,15,15,10,75,55
S218,F,One non-LoF,Y,Y,2,2.2,Y,Y,28.3,75,90,100,105,110,125,120,115,75,90,95,90,70,70,70,85,105,90,85,70,60,85,95,85
S218,F,One non-LoF,Y,Y,2,2.2,Y,Y,28.4,70,80,100,110,110,120,120,115,75,75,95,80,70,65,70,85,105,90,85,75,65,75,95,90
S218,F,One non-LoF,Y,Y,2,2.2,Y,Y,28.4,75,85,90,110,110,120,120,115,75,90,95,90,70,65,70,85,100,85,85,75,60,75,90,80
S218,F,One non-LoF,Y,Y,2,2.2,Y,Y,29.6,95,95,105,115,120,125,120,115,75,90,95,90,70,65,70,90,100,90,85,80,65,85,95,85
S219,F,One non-LoF,Y,Y,3.1,1.3,Y,Y,30.8,70,80,85,110,105,115,120,115,70,85,85,85,60,65,75,80,70,80,105,100,65,70,70,80
S220,M,One non-LoF,Y,Y,1.3,2.5,Y,Y,2.9,NA,65,60,60,75,70,70,NA,NA,NA,NA,NA,NA,65,60,60,75,70,70,NA,NA,NA,NA,NA
S220,M,One non-LoF,Y,Y,1.3,2.5,Y,Y,3.2,NA,NA,70,75,75,80,NA,NA,30,40,55,60,NA,NA,50,55,55,65,NA,NA,30,40,55,60
S220,M,One non-LoF,Y,Y,1.3,2.5,Y,Y,3.8,NA,NA,75,80,75,80,NA,NA,NA,NA,NA,NA,NA,NA,55,55,55,65,NA,NA,NA,NA,NA,NA
S221,M,One non-LoF,Y,Y,1.6,1.5,N,N,0.3,NA,NA,90,95,95,95,NA,NA,NA,NA,NA,NA,NA,NA,95,95,95,90,NA,NA,NA,NA,NA,NA
S221,M,One non-LoF,Y,Y,1.6,1.5,N,N,0.7,NA,NA,105,115,105,115,NA,NA,NA,NA,NA,NA,NA,NA,105,115,105,115,NA,NA,NA,NA,NA,NA
S221,M,One non-LoF,Y,Y,1.6,1.5,N,N,0.9,NA,90,110,110,110,110,NA,NA,NA,NA,NA,NA,NA,90,110,110,110,110,NA,NA,NA,NA,NA,NA
S222,F,One non-LoF,Y,Y,2.8,3.7,Y,Y,8.5,40,45,55,70,65,85,85,110,45,65,65,75,30,45,60,75,70,85,90,105,50,65,65,75
S222,F,One non-LoF,Y,Y,2.8,3.7,Y,Y,12.1,50,40,50,60,65,85,80,100,30,55,55,80,50,45,50,65,65,90,90,95,35,55,55,80
S223,M,One non-LoF,Y,Y,1.7,2.4,Y,Y,27.9,90,95,110,110,115,120,120,115,75,90,95,90,60,75,85,100,100,115,120,115,75,90,95,90
S224,F,One non-LoF,Y,Y,1.7,2.5,Y,Y,2.4,NA,NA,65,75,85,90,NA,NA,NA,NA,NA,NA,NA,NA,65,75,85,90,NA,NA,NA,NA,NA,NA
S224,F,One non-LoF,Y,Y,1.7,2.5,Y,Y,2.6,NA,60,70,75,85,90,NA,NA,NA,NA,NA,NA,NA,60,70,75,85,90,NA,NA,NA,NA,NA,NA
S224,F,One non-LoF,Y,Y,1.7,2.5,Y,Y,2.7,NA,70,70,75,105,115,NA,100,NA,NA,NA,NA,NA,60,70,80,110,120,NA,100,NA,NA,NA,NA
S224,F,One non-LoF,Y,Y,1.7,2.5,Y,Y,2.8,NA,70,75,80,100,100,NA,90,NA,NA,NA,NA,NA,70,70,80,90,95,NA,90,NA,NA,NA,NA
S224,F,One non-LoF,Y,Y,1.7,2.5,Y,Y,3.1,NA,85,80,85,110,120,105,100,NA,NA,NA,NA,NA,75,85,95,110,115,115,100,NA,NA,NA,NA
S224,F,One non-LoF,Y,Y,1.7,2.5,Y,Y,3.3,NA,NA,85,80,90,100,NA,NA,NA,NA,NA,NA,NA,NA,100,100,90,95,NA,NA,NA,NA,NA,NA
S225,M,One non-LoF,Y,Y,1.7,1.9,Y,Y,35.2,75,85,90,105,115,115,110,105,70,75,85,80,75,75,90,105,120,120,115,110,75,80,85,80
S226,M,One non-LoF,Y,Y,1.3,1.2,N,N,0.5,NA,NA,85,NA,85,85,NA,NA,NA,NA,NA,NA,NA,NA,85,NA,85,85,NA,NA,NA,NA,NA,NA
S226,M,One non-LoF,Y,Y,1.3,1.2,N,N,1.0,NA,NA,50,55,65,75,NA,NA,NA,NA,NA,NA,NA,NA,50,55,65,75,NA,NA,NA,NA,NA,NA
S227,F,Two LoF,Y,Y,2.1,2.1,N,N,3.8,NA,NA,90,75,80,70,NA,NA,NA,NA,NA,NA,NA,NA,90,75,80,70,NA,NA,NA,NA,NA,NA
S227,F,Two LoF,Y,Y,2.1,2.1,N,N,4.1,NA,NA,80,70,85,95,NA,NA,65,60,60,75,NA,NA,70,65,65,90,NA,NA,65,60,60,75
S227,F,Two LoF,Y,Y,2.1,2.1,N,N,4.2,NA,NA,80,75,90,100,NA,NA,NA,NA,NA,NA,NA,NA,75,70,80,90,NA,NA,NA,NA,NA,NA
S227,F,Two LoF,Y,Y,2.1,2.1,N,N,4.6,80,85,85,75,90,95,105,100,50,45,65,80,65,70,80,75,75,95,80,100,50,45,65,80
S228,M,Two LoF,Y,Y,1.7,1.5,Y,Y,34.7,75,90,90,95,105,110,120,115,60,75,85,85,70,85,95,100,110,115,115,115,60,75,85,85
S229,M,One non-LoF,Y,Y,1.3,1.6,N,N,3.1,NA,NA,75,90,80,100,NA,NA,NA,NA,NA,NA,NA,NA,60,75,90,100,NA,NA,NA,NA,NA,NA
S229,M,One non-LoF,Y,Y,1.3,1.6,N,N,3.3,NA,NA,80,100,100,100,NA,NA,NA,NA,NA,NA,NA,NA,70,100,110,110,NA,NA,NA,NA,NA,NA
S230,F,Two LoF,Y,Y,2.3,2.6,Y,Y,4.1,NA,NA,55,45,NA,NA,NA,NA,NA,NA,NA,NA,NA,NA,NA,75,85,NA,NA,NA,NA,NA,NA,NA
S230,F,Two LoF,Y,Y,2.3,2.6,Y,Y,4.2,NA,NA,65,60,65,60,NA,NA,NA,NA,NA,NA,NA,NA,95,110,110,115,NA,NA,NA,NA,NA,NA
S230,F,Two LoF,Y,Y,2.3,2.6,Y,Y,4.5,NA,NA,65,60,70,75,NA,NA,NA,NA,NA,NA,NA,NA,105,115,120,120,NA,NA,NA,NA,NA,NA
S231,M,One non-LoF,NA,NA,NA,NA,NA,NA,0.4,NA,NA,70,70,80,30,NA,NA,NA,NA,NA,NA,NA,NA,50,60,70,30,NA,NA,NA,NA,NA,NA
,,,,,,,,,,,,,,,,,,,,,,,,,,,,,,,,,